{"type":"FeatureCollection", "features": [
{"type":"Feature","geometry":{"type":"Polygon","coordinates":[[[-71.0282275839704,42.424210686107536],[-71.02408858348986,42.43159068803147],[-71.02404358368764,42.43165168847359],[-71.02153258274939,42.4361656890535],[-71.02037758290263,42.43825868986145],[-71.02583658455424,42.44471769057735],[-71.02936558611653,42.444355690517426],[-71.03201758618573,42.44405269007261],[-71.03368058688696,42.44391269029134],[-71.05543059419777,42.4416796890972],[-71.07161960002146,42.44000868856276],[-71.08291960326808,42.43884868795786],[-71.08211660357725,42.44394868828719],[-71.08563960505255,42.44469668822879],[-71.08803160418069,42.4290346855799],[-71.08906260493725,42.42912368536388],[-71.08944660413685,42.42663168543981],[-71.08871860472448,42.42498468433906],[-71.08588060312512,42.41792168372755],[-71.08555860277691,42.41773868337019],[-71.08430860226962,42.41662668325723],[-71.0834906026485,42.41601568359315],[-71.08172460098335,42.41516568309838],[-71.08106860102116,42.41510168343099],[-71.07991060104489,42.41517468274291],[-71.07931060115881,42.41494668292391],[-71.07713260031083,42.413293682643165],[-71.07629659913766,42.41307168320112],[-71.07586259976691,42.413274683038225],[-71.07537559885608,42.41329768302137],[-71.0748945987479,42.412819682793895],[-71.07446159838136,42.41261168316454],[-71.07391159931986,42.41267568308984],[-71.07352559911654,42.412970682943275],[-71.07365859926945,42.4140126835434],[-71.073475599243,42.41445268285742],[-71.07346259883019,42.415731683303356],[-71.07357759932796,42.41640568383785],[-71.07358559881297,42.41748168405204],[-71.0731785990667,42.41854668412032],[-71.07296959843606,42.417222683698846],[-71.07287359909341,42.41688168403108],[-71.0729425989187,42.41613368395694],[-71.07281859794885,42.415315683136505],[-71.07282559903948,42.414888683754434],[-71.07036959765541,42.414942683463934],[-71.06812959754161,42.41508068382914],[-71.0672455962148,42.41510368349697],[-71.06450759536622,42.41524968371179],[-71.06455959568322,42.41534268384964],[-71.06228359504769,42.4155376839774],[-71.06158459536027,42.415618684079966],[-71.06044159425471,42.41601568381997],[-71.05862459374937,42.41732068388747],[-71.0568505939194,42.41867968434444],[-71.0560465926963,42.41917368505682],[-71.0547355933477,42.42004668466934],[-71.05438359278796,42.42003568517415],[-71.05047259108989,42.42289568595582],[-71.03583858671124,42.42376168653876],[-71.03434658589725,42.423886686223014],[-71.0306825852039,42.424061686796584],[-71.0282275839704,42.424210686107536]]]},"properties":{"municipality":"Malden"}},
{"type":"Feature","geometry":{"type":"MultiPolygon","coordinates":[[[[-70.8795575387357,42.47874870157657],[-70.87869253837114,42.47927170174254],[-70.87825953824401,42.47929670219844],[-70.87808253771871,42.478835701247434],[-70.87778153762672,42.47877770185004],[-70.87763353844537,42.47917670186515],[-70.87785053820247,42.47950170223614],[-70.87732453839001,42.479942701774384],[-70.87648253743504,42.47990670205437],[-70.87580353758938,42.47967070147949],[-70.87541653790046,42.479766702179234],[-70.87533153737292,42.48001570172334],[-70.8757105377861,42.48023870241999],[-70.87561653690075,42.48065970248008],[-70.8752845370215,42.480961702170816],[-70.87492153720378,42.48108070195047],[-70.87404453648604,42.48088770251451],[-70.8736585369231,42.48093470252623],[-70.87361253736083,42.48115570259753],[-70.87314153658448,42.48122670200519],[-70.87255553613922,42.48177170263821],[-70.87257053687954,42.48203270236909],[-70.87217653590665,42.48234070246041],[-70.87211553615609,42.48253170218617],[-70.87222353666861,42.482984702722405],[-70.87182253646952,42.483238702698074],[-70.87116653617896,42.483235702791],[-70.8711035360373,42.482907702615734],[-70.87070253650455,42.48297270286555],[-70.87040153560565,42.48283870281224],[-70.86942753587937,42.48295370266],[-70.8691885351523,42.483114702685185],[-70.86843853544035,42.48271770238108],[-70.86816153533607,42.48297370255047],[-70.86792253559263,42.483378702747466],[-70.86762853552463,42.483356703003984],[-70.86745853551636,42.48353470258738],[-70.86766053474443,42.48386070286828],[-70.86727453473401,42.48399670268802],[-70.86652453482722,42.48397370257222],[-70.86584553412729,42.484344703470526],[-70.86587653472341,42.484564703490385],[-70.86535153485325,42.484820703067776],[-70.8649425343269,42.485255703155715],[-70.86468753467612,42.48537170352631],[-70.86423153399629,42.485397703148],[-70.863714533388,42.485937703570826],[-70.86371453435137,42.48608170361321],[-70.86425653417929,42.48633770393481],[-70.86426453468793,42.486572703847315],[-70.86403253442779,42.486845703586766],[-70.86356153366067,42.48711070405166],[-70.8631675332843,42.4871257038363],[-70.8625425337805,42.48744270423769],[-70.86197053302062,42.48752370382919],[-70.86106753302877,42.48847070378044],[-70.85861253272756,42.489662704249035],[-70.85678953209964,42.490439704687574],[-70.85526053185608,42.49087870427102],[-70.85463553100904,42.49109570431666],[-70.85309053079222,42.49139170468986],[-70.8511595303978,42.49162070471465],[-70.84961452912948,42.49171770488261],[-70.84746652939849,42.491558704866854],[-70.84721152864762,42.49144570491347],[-70.84725052910646,42.49111670477551],[-70.84616052810803,42.49092270509593],[-70.84582852858107,42.49071570486808],[-70.84551152785023,42.49077570455593],[-70.84521052831161,42.490667704598714],[-70.84419852784758,42.4899857050857],[-70.84337152738316,42.48931970514015],[-70.8428295273477,42.48839170455296],[-70.84252852744343,42.48818470475979],[-70.84138552723606,42.487685704087234],[-70.84109952699978,42.48804570434427],[-70.84054352681068,42.4885007049243],[-70.84014152616702,42.488646704759915],[-70.83970952624135,42.48857670516147],[-70.83928452577872,42.48835370502238],[-70.83940752609658,42.488928705108286],[-70.83940052603289,42.48931970486786],[-70.83924652626645,42.48951170459909],[-70.83849652526902,42.48963170519105],[-70.83833452560589,42.490030705306864],[-70.83801852562019,42.49042270511811],[-70.83716152600273,42.49065270486274],[-70.83665152479361,42.49058870564664],[-70.83624152499516,42.49037970534579],[-70.83587052475684,42.490376705558546],[-70.83560052461313,42.4905387053956],[-70.8352535253021,42.491165705547765],[-70.83519152467724,42.49175170549878],[-70.83500652524184,42.492011705896154],[-70.83502952446676,42.492280705363264],[-70.83524652538117,42.49249370587593],[-70.83479052511377,42.49258670585065],[-70.83465152453165,42.49381370609099],[-70.83448252518573,42.494455705944496],[-70.83473752464184,42.49502770653021],[-70.83441352426652,42.49605070659614],[-70.83473052498427,42.4966307064812],[-70.83485452476843,42.4972097061057],[-70.83488552516646,42.49796570680374],[-70.83476252523832,42.49844470691035],[-70.83451452482755,42.498989707303544],[-70.83375052464496,42.49916370672897],[-70.83381252487163,42.49962170736249],[-70.83415252540091,42.49967970684222],[-70.83385452467354,42.500319707356525],[-70.83400152484839,42.50061870713815],[-70.83367652503199,42.50086670737028],[-70.83348352497623,42.5013427074726],[-70.83306752431155,42.50179970787604],[-70.8328195241508,42.50182170777023],[-70.8322245244736,42.50168670703667],[-70.83231752404913,42.5021677079563],[-70.83191652422245,42.50256070772992],[-70.83152952454061,42.50275670728784],[-70.83108152458185,42.50279470810681],[-70.83099652392357,42.5031877077147],[-70.83140652476953,42.50361370791904],[-70.83142952466834,42.50397370796814],[-70.83160752492815,42.50461470820481],[-70.83215152488152,42.50531270791833],[-70.83304652494385,42.505546708574855],[-70.83356252553848,42.50591670829607],[-70.83381052467661,42.50587670846001],[-70.83404952502362,42.50536770805927],[-70.83450552585498,42.50491970765159],[-70.83457452582532,42.504476707605875],[-70.83507652562758,42.504473707520745],[-70.83530052501601,42.50437070804488],[-70.83524652590908,42.503993707656065],[-70.83538552526085,42.50375270816088],[-70.83594952579074,42.503630707937724],[-70.83625152525181,42.50346870723054],[-70.83621952552149,42.50326170752074],[-70.83589552624646,42.5028307076958],[-70.83582552619936,42.502574707538585],[-70.83614952530097,42.50199770745252],[-70.83649752592667,42.501897707308146],[-70.83689152617679,42.50149070710143],[-70.83681352537192,42.501091706853245],[-70.83717752657904,42.50102270674841],[-70.83778752609304,42.50073370730336],[-70.83805752585334,42.5003017066147],[-70.8388725264713,42.500161707204064],[-70.83911252645483,42.49982070727698],[-70.83942952663999,42.49965770660886],[-70.84056452696855,42.49945070721221],[-70.84144552696961,42.49923370664345],[-70.84237252797408,42.49933570672002],[-70.84275852723286,42.49922570622317],[-70.8427125276016,42.49873570627774],[-70.84292752762008,42.49826470654555],[-70.8431055273667,42.498090706815205],[-70.84349352798628,42.49808370670329],[-70.84432552813693,42.49744070660278],[-70.84463552775584,42.49707070656408],[-70.84467352788313,42.496790705767594],[-70.84495852862676,42.49622770577978],[-70.84515252840387,42.49605870568971],[-70.8451135279663,42.49561270568499],[-70.84498952861921,42.49544870555342],[-70.84499652849222,42.49433170530843],[-70.84521952813628,42.493738705939194],[-70.84553652845814,42.493255705307604],[-70.84580652826459,42.493102704950296],[-70.84579052797339,42.492711705400914],[-70.84600752874903,42.49238870532488],[-70.84639352795824,42.492219704855465],[-70.84722752871662,42.49200870475017],[-70.84986152954554,42.49218670525758],[-70.85028652975302,42.492170704774665],[-70.85342253032658,42.4917827046032],[-70.8542495307593,42.49169670511301],[-70.85465153122463,42.49190170511059],[-70.85546253112531,42.49251470517949],[-70.85557153190264,42.49270170494234],[-70.85524653151036,42.49318470514803],[-70.85503853098753,42.49392670564248],[-70.85479253131655,42.49414670544175],[-70.85487753120489,42.49445570537585],[-70.85475453154044,42.49517870525534],[-70.85415153152606,42.49542170513244],[-70.85374953077297,42.49538770544162],[-70.85330953076851,42.49563370519067],[-70.85316353067884,42.49583870577295],[-70.8525755307879,42.495992705757395],[-70.852545530702,42.49639370581966],[-70.85289353072548,42.49656370623402],[-70.85222153030834,42.496934705748004],[-70.85197453086369,42.49733470638814],[-70.85159653055747,42.497480706285415],[-70.85165053034972,42.497794706069946],[-70.85094753036223,42.497977705892836],[-70.85072353036482,42.498777706215286],[-70.8507085301237,42.49915670635068],[-70.85012953036916,42.49920670627706],[-70.85000552998797,42.49942870603665],[-70.85014553037716,42.49963370633682],[-70.85073253009297,42.49980470645573],[-70.85103353048073,42.49961970636961],[-70.85136653094384,42.49978570692909],[-70.85151253127336,42.50011570625775],[-70.8510305309975,42.500628706223246],[-70.85098353037571,42.500822707102444],[-70.85054353057201,42.501216706559184],[-70.85001152994678,42.50212170734446],[-70.8496175302363,42.50222270670791],[-70.84947753067638,42.502017706835545],[-70.84915353041457,42.502063706719355],[-70.84841953023924,42.50255670713812],[-70.84804952994753,42.50294570727147],[-70.84753152926571,42.50319270755872],[-70.84699852940324,42.503831707488],[-70.8466745293801,42.504075707394236],[-70.84595552855899,42.50407770789968],[-70.84530752832757,42.50465570755518],[-70.84477452849086,42.5049667079274],[-70.84484352910815,42.50514070783245],[-70.84530752886742,42.50523670767486],[-70.84526952851314,42.50554770805377],[-70.84491352842677,42.505765707713955],[-70.84438052834048,42.505823707991354],[-70.84418752859953,42.50619570750526],[-70.8444115291476,42.50669670763797],[-70.84407952921204,42.50692670768659],[-70.84381752897195,42.507331708586825],[-70.84326152883831,42.50794870861104],[-70.84278252811336,42.508168708008036],[-70.84204052758679,42.50791470841998],[-70.8413915283159,42.50805070855971],[-70.84092052811486,42.50843670848437],[-70.84061152722649,42.50887370813358],[-70.84067252772569,42.5090167087725],[-70.84127652790335,42.509169708504565],[-70.84156152830681,42.50915170889379],[-70.8424405282462,42.5094427081537],[-70.84322652790202,42.509227708661086],[-70.84358752879851,42.50890770860782],[-70.84355252881628,42.50858170803682],[-70.84394852853902,42.508574708381616],[-70.84398052853611,42.50886970888727],[-70.84428152875714,42.509170708662374],[-70.84469952866544,42.50977170859973],[-70.84469952939557,42.510167708429734],[-70.84405852925462,42.51077770897345],[-70.84435252893554,42.51107470912991],[-70.84434452851626,42.51151070920209],[-70.84391252899978,42.5117207093102],[-70.8438275285665,42.51195170872595],[-70.84398952859722,42.512210708710725],[-70.84447652889301,42.51232370888118],[-70.84476252881403,42.512638709164364],[-70.84471652951125,42.51281570929482],[-70.84508952924809,42.51290070948355],[-70.84549252953623,42.51279470893833],[-70.84577553006771,42.513045709148344],[-70.84579852975999,42.513396709420924],[-70.84547452919796,42.513608709105014],[-70.84476352931654,42.51369270976665],[-70.84470952908413,42.51423370955622],[-70.84495652899408,42.5142257098372],[-70.84517352928312,42.514019709223476],[-70.8455285298978,42.51399070974582],[-70.84584552928493,42.51413870914521],[-70.84620952947948,42.5146557096934],[-70.84623252982392,42.51510970964632],[-70.84607852996851,42.51536470933694],[-70.84542952953213,42.51602771001433],[-70.84399252948755,42.516469710336004],[-70.8435825294648,42.51625570978105],[-70.8435205283544,42.51581970964926],[-70.84301752906327,42.51589970993401],[-70.84240752810666,42.51644170984243],[-70.84214552839512,42.51658970963173],[-70.8415345282773,42.51656370965531],[-70.8414105279837,42.51664171025939],[-70.84104052860398,42.517480709737434],[-70.84133452834013,42.51777771065244],[-70.84113352865864,42.518109709881244],[-70.84121052779501,42.51829771030957],[-70.8418445281346,42.51851671070976],[-70.84204552889258,42.518909710218864],[-70.84229352849889,42.5186857101826],[-70.84293452834468,42.51853071027886],[-70.84356852869175,42.518178710448005],[-70.84462652902498,42.51789171012982],[-70.84562352933814,42.517483709691376],[-70.84594753000663,42.51743370965715],[-70.8464655295988,42.517519710321906],[-70.84686752975745,42.51770271016391],[-70.84711552971945,42.517959710281616],[-70.84743953055633,42.517985710413],[-70.84798153026374,42.51833671012577],[-70.84845253093687,42.51900971047116],[-70.84897053121942,42.51928971045696],[-70.85002953091922,42.5191007101299],[-70.8501375310089,42.51936070980395],[-70.85093353160032,42.51941471002637],[-70.85149053171398,42.51976170995425],[-70.85229453183112,42.51995571050738],[-70.85282753263341,42.520019710051486],[-70.85319153261938,42.52042771061713],[-70.85319953279698,42.5209367105503],[-70.85347753314048,42.52106271013487],[-70.85377153248085,42.520868710110754],[-70.85442053322303,42.520623710400926],[-70.85536353290478,42.52052771061343],[-70.855961532969,42.52068671049029],[-70.85629253324652,42.52093471014216],[-70.85702053378192,42.521302710746795],[-70.8578635339532,42.52071771043316],[-70.85860553389246,42.52050870990564],[-70.85929053410351,42.52017671017586],[-70.86000753495188,42.52020471034864],[-70.86056453533718,42.52036270972231],[-70.86120653520427,42.520977710309],[-70.86158453473963,42.52110170995412],[-70.8623035350189,42.52095071023873],[-70.86257353601964,42.52076671021399],[-70.86319253554501,42.52053570979062],[-70.8637635358624,42.51999470950086],[-70.86434153538086,42.51885570956564],[-70.86424153603834,42.51856871004025],[-70.86373153597819,42.518396709435265],[-70.86372353577194,42.518018709287645],[-70.86399353629668,42.517946709155176],[-70.86494353552058,42.51728770960882],[-70.86531453597271,42.51688070922325],[-70.86563053650465,42.516708709092306],[-70.86600153598857,42.516275709416654],[-70.86610153693279,42.516030709222136],[-70.86566053574053,42.5156687092676],[-70.86596153581547,42.514573708813636],[-70.86593753601585,42.51420470872566],[-70.86719753629824,42.5139957089981],[-70.86747553617512,42.51385170873357],[-70.86921253702599,42.512264707995314],[-70.86933553760564,42.51197070837708],[-70.8696835371361,42.51156870838729],[-70.8700465374359,42.511287708081525],[-70.87019253772323,42.51074070800548],[-70.87019153679861,42.50987170738065],[-70.87026853706323,42.509595707385024],[-70.87051553708375,42.50930370792083],[-70.8712575374223,42.508989707948615],[-70.87185153798517,42.50855670766104],[-70.87212253814783,42.508475707532725],[-70.87267053822488,42.50811570744245],[-70.87266253866947,42.5078587070491],[-70.87246053799299,42.50739870754867],[-70.87263853746117,42.50710770704663],[-70.87266853840774,42.50648570702355],[-70.87296153796747,42.50593570724203],[-70.87352853789235,42.50597570735846],[-70.87389053835287,42.50585170732803],[-70.874301539019,42.505867706705395],[-70.8747555391357,42.505764706939814],[-70.87507453861248,42.505564706811676],[-70.87528553903896,42.50502970701079],[-70.87561453903943,42.504770706327996],[-70.87568553878216,42.504472706995664],[-70.87548353829584,42.50411570610801],[-70.87528253871858,42.5033767064144],[-70.87519853886644,42.50268870609171],[-70.87461953890042,42.50193770651985],[-70.87468153860438,42.50176970654088],[-70.87540053917022,42.50161370575586],[-70.87556253829088,42.500940706009835],[-70.87584953897337,42.50095870566294],[-70.87595653821428,42.50169470584373],[-70.87679053854939,42.50215870638553],[-70.87754753953719,42.50213270595293],[-70.87780253940491,42.502024706021906],[-70.87840553919364,42.50155170598026],[-70.87877653913104,42.501418705858185],[-70.87997454015799,42.50128270615401],[-70.88061554008563,42.50101970535462],[-70.88199254071783,42.500190705781186],[-70.88290054157683,42.49959970530236],[-70.88355054097384,42.49889170529444],[-70.88405354188272,42.49850970565538],[-70.88497254144411,42.49828670473346],[-70.88564454181207,42.49804170462724],[-70.88600154130141,42.49781770539141],[-70.88580154229697,42.4978087048421],[-70.88549854219946,42.497323705269885],[-70.88567354179938,42.496701705069256],[-70.88600454239446,42.496307704836624],[-70.88648854171386,42.49600670506408],[-70.88636254134448,42.495703705016886],[-70.88660454164018,42.49518770411961],[-70.88732654192167,42.49495070444148],[-70.88802154230396,42.49494570462894],[-70.88831954196776,42.494790704023295],[-70.88872454289223,42.49439470470602],[-70.88930054302426,42.494115703825656],[-70.88997954347874,42.49395670417452],[-70.89080154274346,42.493653704425455],[-70.89056054345912,42.49334570403008],[-70.89095854291394,42.49322270425805],[-70.88994954314087,42.490149703559176],[-70.89062454269559,42.48875170338894],[-70.8919175434677,42.4877257026378],[-70.89424454447068,42.48595970237549],[-70.89903354519782,42.48468070198089],[-70.88591454138623,42.48070170217299],[-70.88006453945466,42.47891670134223],[-70.8795575387357,42.47874870157657]]],[[[-70.8626415327376,42.4768597015147],[-70.86297353280666,42.476669701716574],[-70.8632895327463,42.47669070167598],[-70.86335153329675,42.47647370180916],[-70.86321953334134,42.47617870203576],[-70.86337353262763,42.4759607016621],[-70.86301053274916,42.475520701892684],[-70.86279453343766,42.475095701445035],[-70.86248453329776,42.475078701699545],[-70.86219253314236,42.47560170141578],[-70.86189853313785,42.47588070121438],[-70.8618605331586,42.476286701785746],[-70.86215453310004,42.47658770192181],[-70.86245553312365,42.476645701796265],[-70.8626415327376,42.4768597015147]]],[[[-70.82522252229155,42.503136707953736],[-70.82523052238834,42.50328870769429],[-70.82566652236218,42.50365470814441],[-70.82609052281163,42.50358070756881],[-70.82660552294018,42.502810707912374],[-70.82619752215007,42.50264270823913],[-70.82554752219008,42.502897708088696],[-70.82522252229155,42.503136707953736]]],[[[-70.81174451792452,42.50842570940534],[-70.81170351819304,42.508808709804555],[-70.81148151822984,42.50900670946851],[-70.81210451789116,42.50937970954904],[-70.8124085182659,42.509391709718635],[-70.81194551862191,42.50843870914533],[-70.81174451792452,42.50842570940534]]],[[[-70.84152352740895,42.510457709138564],[-70.84068252773109,42.51091670912053],[-70.84044252788807,42.51127670903117],[-70.84075152724074,42.51148370863779],[-70.84112252830828,42.511540709189084],[-70.84138552750657,42.51143670911238],[-70.8416405285177,42.51103670925034],[-70.84196452871814,42.51097770876987],[-70.84223452799247,42.51062670854964],[-70.84255952882236,42.51060770848805],[-70.84272152802698,42.51040670844976],[-70.84227352844326,42.51016170839178],[-70.84199552836323,42.510287708542236],[-70.84172452835396,42.510211708976975],[-70.84152352740895,42.510457709138564]]],[[[-70.84173052771504,42.512385709311886],[-70.84119252775291,42.51259270916507],[-70.8411465276686,42.512868708963275],[-70.84140152810983,42.5130087095869],[-70.84159452844992,42.51350070911213],[-70.84144852818791,42.51392570976964],[-70.84171852794368,42.51419170989677],[-70.84205152873159,42.51490670985794],[-70.84257652886568,42.5148307095221],[-70.84288552861342,42.514231709580855],[-70.84340352908346,42.51387170937735],[-70.84337252902728,42.51358470920964],[-70.84307052858715,42.51332370896087],[-70.84247552826923,42.51305870912759],[-70.84232052834724,42.51255670885285],[-70.84216652778518,42.51238770907284],[-70.84173052771504,42.512385709311886]]]]},"properties":{"municipality":"Marblehead"}},
{"type":"Feature","geometry":{"type":"Polygon","coordinates":[[[-71.15224562402902,42.40082467813764],[-71.15319362456994,42.40111167807317],[-71.15553962515015,42.402103678282614],[-71.15632162563185,42.402542678420026],[-71.15727862529714,42.402438678386616],[-71.15808362627327,42.40256967823962],[-71.15850962535782,42.4028156779013],[-71.1599226262649,42.40347067816255],[-71.15980562627455,42.40357767865876],[-71.16062562615707,42.40398467842022],[-71.16185162656501,42.404368678123944],[-71.16239362739786,42.40443167893542],[-71.1631586278017,42.40486867819687],[-71.16405562828072,42.40531467870932],[-71.1641786280831,42.405541678542754],[-71.16384262809619,42.40578467875146],[-71.16521462874924,42.40617167853736],[-71.16686462888879,42.40671067895936],[-71.17157663047804,42.40847367899333],[-71.1731626311453,42.40900467881409],[-71.1753886322518,42.40966867929014],[-71.17715163289853,42.41011567891532],[-71.17845863345795,42.41036067942872],[-71.18104263386172,42.41078067879763],[-71.18214763470152,42.41098667888798],[-71.18389963486537,42.411432679238835],[-71.18723363555634,42.41258267925412],[-71.1899286368162,42.413614679589756],[-71.19196863726906,42.414476679161424],[-71.19429163879384,42.415329679337056],[-71.19449263870686,42.41499867944841],[-71.19535563918953,42.415273679922684],[-71.19456963793684,42.413979679511726],[-71.1942576384262,42.4133986792938],[-71.20261264064695,42.41483467928346],[-71.2040706420394,42.41336567909095],[-71.21126164288019,42.40608267705894],[-71.20815364286545,42.40522267720223],[-71.2026286402212,42.40371067744373],[-71.20254364098177,42.40323467691446],[-71.20219364037665,42.40288167693504],[-71.20196964048651,42.40279067706641],[-71.20170264046392,42.4024336771612],[-71.20184963990391,42.40207967645517],[-71.20157863983232,42.40166067647334],[-71.20179963962822,42.40138267621851],[-71.20150763994751,42.40038967612344],[-71.20091863935126,42.39987567671881],[-71.20062163933805,42.39946667623743],[-71.20029063992439,42.39937467616944],[-71.20008063937564,42.39863567593864],[-71.19969263875721,42.3984356760804],[-71.19955263865282,42.39822267624958],[-71.19959163914768,42.397765676344775],[-71.19940863852422,42.39730867559319],[-71.19822463902794,42.39612867599567],[-71.19681563761162,42.39546467525453],[-71.19662763820627,42.39523767553643],[-71.19629663757702,42.39441367561832],[-71.19642863841322,42.3939176750521],[-71.19765463771971,42.39317567497535],[-71.1979406379172,42.39279267478061],[-71.19762463848332,42.39232367540115],[-71.19720663830917,42.39217567526204],[-71.19702863764307,42.3919816749775],[-71.19696163834436,42.39156367522761],[-71.19698763768226,42.39092167465275],[-71.1967246374442,42.390663675184065],[-71.19681763749274,42.38974467439735],[-71.19607463759127,42.38924467414041],[-71.19568663787712,42.38890767472135],[-71.19524563729446,42.388402673995735],[-71.19495463717466,42.388281674308715],[-71.19488663693434,42.38806167393213],[-71.19540663711574,42.3877296740515],[-71.19553163727821,42.38740867388151],[-71.19417763653401,42.386039674365385],[-71.19022563493233,42.38179467363915],[-71.18915963434272,42.380725673318906],[-71.18709863459468,42.38040567339903],[-71.18651763369797,42.38035867350641],[-71.18516563372678,42.380449673109595],[-71.18270663224403,42.38035767366847],[-71.18147863271723,42.380266673167476],[-71.17949563151289,42.38020367308672],[-71.17712563075467,42.37968467298124],[-71.17636363090233,42.37958667361185],[-71.17473263028994,42.37928867319075],[-71.17341062905601,42.37895367306431],[-71.17122962923479,42.378287673588865],[-71.17080362828563,42.37832767296095],[-71.16999662872063,42.37782267343593],[-71.16908262835987,42.3776006727484],[-71.1656256270796,42.37704767360717],[-71.16403162578835,42.37684667350036],[-71.16142062568237,42.37670667355741],[-71.16077462468944,42.376636673134904],[-71.15961962469137,42.376411673262375],[-71.15860462414452,42.37614467311152],[-71.15706462395245,42.37568267352385],[-71.156268623506,42.37538967313489],[-71.15541462275854,42.37516567299875],[-71.15437362305636,42.37510367337117],[-71.15623162441558,42.38064467375114],[-71.15505162406622,42.380208674417084],[-71.15500662406588,42.38032567422929],[-71.1553336241707,42.380916674576035],[-71.15520662371424,42.38117567413111],[-71.15581462369798,42.381607674315504],[-71.15656662374809,42.381784674264395],[-71.15779262438596,42.38221967466585],[-71.1579716243148,42.38281367492265],[-71.15828962505036,42.3832806745788],[-71.16033262569067,42.386452674849664],[-71.15987962534751,42.38655867524457],[-71.15838162516953,42.3867846748287],[-71.15798462445024,42.38705167537246],[-71.15768862417492,42.38753967512111],[-71.15709162443088,42.38990367615125],[-71.15711862430707,42.39056867603415],[-71.15838762569868,42.39460167680767],[-71.15638562533535,42.39583167697149],[-71.15224562402902,42.40082467813764]]]},"properties":{"municipality":"Belmont"}},
{"type":"Feature","geometry":{"type":"Polygon","coordinates":[[[-71.07268959654867,42.3732306755343],[-71.07304259553173,42.373090675411134],[-71.07385759668558,42.37261067547352],[-71.07435359712271,42.37255867559243],[-71.07490359650532,42.37288667542682],[-71.0752535970117,42.373401675615156],[-71.07576659659402,42.373897675749696],[-71.07600359698321,42.37403867555803],[-71.07659859718757,42.3737476752067],[-71.07702859781985,42.37360967573132],[-71.07784359786523,42.37358667555512],[-71.07824759814498,42.37377167549221],[-71.07866559746547,42.374086675331625],[-71.07909759811655,42.37419167540433],[-71.07964659890807,42.37389367495834],[-71.07996459835755,42.373817675676804],[-71.08034959858585,42.37412267542352],[-71.08066159925691,42.37403767557796],[-71.08119759905678,42.374064675083496],[-71.0816565992612,42.37396967517319],[-71.08200159905653,42.37356367483055],[-71.0822475987135,42.37346267493053],[-71.08301359927364,42.373358674778615],[-71.08361259971078,42.373385675338135],[-71.08434360023713,42.373312675149975],[-71.08481260027425,42.373388674889064],[-71.08502460063163,42.37352767522604],[-71.0853125996934,42.37396567494147],[-71.08550459985253,42.373975674978496],[-71.08608860081092,42.37306767477529],[-71.08978360203426,42.373956674838645],[-71.09374560312847,42.37425967468036],[-71.09552060417404,42.37433367509577],[-71.09746360401128,42.3744396749662],[-71.10317260621981,42.37430567503822],[-71.1054276068379,42.37634067541784],[-71.10727260821452,42.37809567520117],[-71.10845760815775,42.37912067529807],[-71.10785560771278,42.3793826754772],[-71.11064360936636,42.381648676098315],[-71.11165660874211,42.38175767611514],[-71.11358160993976,42.38340967620033],[-71.11558461127484,42.385166675913176],[-71.11686061166817,42.386693676620844],[-71.11819361217535,42.388017676920136],[-71.11745261175464,42.38839467720949],[-71.1180076115196,42.389112677056794],[-71.11708561205755,42.38958967675352],[-71.11836861229447,42.390894677236886],[-71.11911661217648,42.39156067712585],[-71.12021461245449,42.39264967762631],[-71.12097461282997,42.39371467740871],[-71.12283861374138,42.392250677349836],[-71.12431361476618,42.393592677257935],[-71.12723961480937,42.396965678558345],[-71.13130061654181,42.40158867902453],[-71.13380861738626,42.40364067926599],[-71.13451461838125,42.40417567891098],[-71.13457961846171,42.40347067895367],[-71.13492161850135,42.402570679016385],[-71.13542361796304,42.40199467905732],[-71.13639161845482,42.40097367880134],[-71.13688961902969,42.40067167825486],[-71.13747161910204,42.40043967843646],[-71.13816861865558,42.40029267875551],[-71.13971361960364,42.40008267819161],[-71.14037261936699,42.39983967828495],[-71.1409006195602,42.3995406782359],[-71.14134461977397,42.399101678207025],[-71.14162562031144,42.3987136783833],[-71.14205362036257,42.398369678037675],[-71.14311462104855,42.397661677682386],[-71.14359362107821,42.39742067754739],[-71.15031662331914,42.400307677956],[-71.15205762318305,42.40104867780602],[-71.15224562402902,42.40082467813764],[-71.15638562533535,42.39583167697149],[-71.15838762569868,42.39460167680767],[-71.15711862430707,42.39056867603415],[-71.15709162443088,42.38990367615125],[-71.15768862417492,42.38753967512111],[-71.15798462445024,42.38705167537246],[-71.15838162516953,42.3867846748287],[-71.15987962534751,42.38655867524457],[-71.16033262569067,42.386452674849664],[-71.15828962505036,42.3832806745788],[-71.1579716243148,42.38281367492265],[-71.15779262438596,42.38221967466585],[-71.15656662374809,42.381784674264395],[-71.15581462369798,42.381607674315504],[-71.15520662371424,42.38117567413111],[-71.1553336241707,42.380916674576035],[-71.15500662406588,42.38032567422929],[-71.15505162406622,42.380208674417084],[-71.15623162441558,42.38064467375114],[-71.15437362305636,42.37510367337117],[-71.15037862212006,42.37462167324445],[-71.15023962214322,42.37438567274385],[-71.14645461979279,42.37513267378982],[-71.14509161941632,42.37528367390462],[-71.14363061973384,42.37528567347701],[-71.14392561912474,42.37408267323559],[-71.13999261817537,42.37357767346775],[-71.14011261757615,42.372013673434324],[-71.14037261851531,42.37064667319633],[-71.1405996185901,42.37002567242114],[-71.14100861873868,42.36934267220702],[-71.14210161789234,42.367646672118966],[-71.14246161856997,42.36702567236624],[-71.14294561877159,42.366726671520865],[-71.14426961952742,42.3664626717527],[-71.1436676193422,42.3650896714231],[-71.14329461845031,42.365092671866435],[-71.14248361845081,42.364946671800126],[-71.14139161797932,42.36458167177468],[-71.14040861832616,42.36440967135672],[-71.13969261806261,42.36448367130616],[-71.13914761702206,42.36471167149116],[-71.13856061767565,42.3651076717427],[-71.13705261683788,42.36642967187224],[-71.13580961626741,42.36723967188272],[-71.13416861558962,42.36776767267499],[-71.13293661538589,42.368495672316904],[-71.13237361539963,42.36889967239109],[-71.1319716152467,42.36934267300886],[-71.13176261481453,42.3698726725357],[-71.13184761555158,42.37039567335428],[-71.1320606148723,42.3708336726374],[-71.13302461530024,42.37182667338338],[-71.13317961629811,42.37234667321972],[-71.13310161570539,42.372709673835686],[-71.13271961541571,42.37320767316788],[-71.1320706155739,42.3736036733179],[-71.13152561482127,42.37381067324217],[-71.13016961505843,42.37396967381877],[-71.1296256143303,42.37395267369517],[-71.12895161425294,42.3738436739545],[-71.12820361483986,42.37358067337135],[-71.1276346137966,42.373267673975235],[-71.1270106144227,42.37284767376212],[-71.12602461385836,42.371956673061206],[-71.1255336133304,42.37119967380847],[-71.12490261305857,42.37010767352845],[-71.12445461236514,42.3695206734934],[-71.12382761219979,42.36916567327973],[-71.1231136118586,42.36891467273261],[-71.12204461245078,42.36871167269051],[-71.1195506114175,42.36884667269619],[-71.11896061067621,42.3687686735193],[-71.11819061017474,42.36853767270507],[-71.11769261055126,42.368154672837456],[-71.11723060990866,42.36737567284257],[-71.11696861038817,42.366659672825485],[-71.11687361069598,42.36589367288697],[-71.11693661025022,42.36368567250461],[-71.11670460978998,42.36126367218973],[-71.11657861020728,42.35957567150985],[-71.11664961021727,42.35884767089214],[-71.11707260958046,42.3575536711912],[-71.11716560940532,42.35700567118492],[-71.11706660905698,42.35587467051653],[-71.11685261006069,42.355393670995475],[-71.11653060937259,42.35503667048682],[-71.1159106091209,42.354539670462664],[-71.11517060857781,42.354040670191665],[-71.11445960905313,42.35366267019645],[-71.11319660793171,42.353118670561244],[-71.1124606074893,42.35291167031103],[-71.11151360757405,42.35274767075082],[-71.11008360717884,42.35255767024411],[-71.10921860655442,42.35255467010648],[-71.10600960577405,42.352482670876505],[-71.1043166056612,42.352411670688426],[-71.10340760446579,42.3524576708526],[-71.10239960404269,42.35263167048501],[-71.09724460294422,42.35319967065916],[-71.09300260122151,42.35390267089714],[-71.09100260039754,42.35440567134262],[-71.0779525975153,42.35874367289089],[-71.07733459675332,42.35909267294734],[-71.07681059673152,42.35951267303845],[-71.07609259607715,42.360388672700935],[-71.0750955963348,42.363211673119274],[-71.0747925962935,42.363781673210056],[-71.07372159603753,42.365064674306026],[-71.06947859424231,42.36905467455775],[-71.06398459291002,42.36894067526849],[-71.06711559361574,42.3718246751429],[-71.07246659615771,42.372666675049096],[-71.07268959654867,42.3732306755343]]]},"properties":{"municipality":"Cambridge"}},
{"type":"Feature","geometry":{"type":"Polygon","coordinates":[[[-71.03318158522782,42.41421468454009],[-71.03281758480469,42.415088684673876],[-71.03256658473991,42.41554168430778],[-71.03127558509846,42.41844168541589],[-71.03075858516264,42.419418685576375],[-71.02962058520345,42.421307685518336],[-71.02878558462001,42.423003686240115],[-71.02858058407249,42.42357668654353],[-71.0282275839704,42.424210686107536],[-71.0306825852039,42.424061686796584],[-71.03434658589725,42.423886686223014],[-71.03583858671124,42.42376168653876],[-71.05047259108989,42.42289568595582],[-71.05438359278796,42.42003568517415],[-71.0547355933477,42.42004668466934],[-71.0560465926963,42.41917368505682],[-71.0568505939194,42.41867968434444],[-71.05862459374937,42.41732068388747],[-71.06044159425471,42.41601568381997],[-71.06158459536027,42.415618684079966],[-71.06228359504769,42.4155376839774],[-71.06455959568322,42.41534268384964],[-71.06450759536622,42.41524968371179],[-71.0672455962148,42.41510368349697],[-71.06812959754161,42.41508068382914],[-71.07036959765541,42.414942683463934],[-71.07282559903948,42.414888683754434],[-71.07283959891495,42.41397368288277],[-71.07269659798092,42.413152683269814],[-71.0723885980845,42.41299168331195],[-71.07194559813753,42.413017683415156],[-71.07172459742524,42.41260268270823],[-71.07170559815512,42.412296682860436],[-71.07152259842933,42.411980682703785],[-71.0715135973076,42.411566682907115],[-71.07133159745317,42.411402682924546],[-71.07157259790871,42.41106568294435],[-71.0715545982345,42.410516682401976],[-71.07226759815222,42.4099896827832],[-71.0726445980741,42.4095236824057],[-71.0725595985179,42.40891368220232],[-71.07228159755121,42.40800468230458],[-71.07183859756529,42.40771068193597],[-71.07190259826919,42.40740968185011],[-71.0714375972474,42.40715268147333],[-71.07129759758479,42.406930682207424],[-71.07153459747838,42.40649068136502],[-71.07130159782662,42.40606768135949],[-71.07162059801678,42.40532768185281],[-71.07195059803546,42.404146681124445],[-71.07216359789798,42.403634681366384],[-71.07191359771038,42.403210680997375],[-71.07221259718656,42.40293568114443],[-71.07193459727071,42.40254868084113],[-71.07223259780771,42.40245368116862],[-71.0725805972221,42.402154680898974],[-71.07269659722364,42.401854680669686],[-71.07329459763365,42.40132168052255],[-71.07356459833416,42.40097968047393],[-71.07393259797875,42.40031568071093],[-71.07398059747683,42.39979168037956],[-71.07423259789553,42.399116680731666],[-71.0740605982392,42.398723679921254],[-71.07429159763022,42.398327680602065],[-71.07436959754948,42.39800668016497],[-71.07430459816464,42.396787679489414],[-71.07403559797335,42.396170679540724],[-71.0735735979105,42.395823679620726],[-71.07347759781172,42.395559679761924],[-71.07459759786236,42.39516967926511],[-71.07517759837087,42.39510567908924],[-71.07495959763187,42.394722679890606],[-71.07448859802852,42.39498767940258],[-71.07335259808853,42.395309679714266],[-71.0728325968026,42.39518367996536],[-71.07227359716966,42.39547367947872],[-71.07178559708747,42.39611668013166],[-71.07163659670243,42.39599767993524],[-71.07175259679762,42.39564967989069],[-71.07153159641841,42.395306679671],[-71.07179259675301,42.39510867974712],[-71.07200459714291,42.39467667919839],[-71.07347159785067,42.39334467967212],[-71.07308659723824,42.39313467892714],[-71.0728455970335,42.39332367942469],[-71.07254759767942,42.393113679292654],[-71.07203759673146,42.392937678834826],[-71.07114959652017,42.393512679467214],[-71.07115859640344,42.39368367942932],[-71.07074359606163,42.39414967956987],[-71.07047359661544,42.3942176796442],[-71.07016559653947,42.39448967986743],[-71.06944259614126,42.39436767957713],[-71.06923159601017,42.39408267960576],[-71.06895559642874,42.393956679607484],[-71.06736759552238,42.395304679916656],[-71.06685859479798,42.39498767968126],[-71.06702959489897,42.39454068005841],[-71.06695059480116,42.39408167961487],[-71.06741059525471,42.39348467927078],[-71.06912159642532,42.391788679446776],[-71.06906259581525,42.39176967948907],[-71.0702955962313,42.39004967868599],[-71.07067059596719,42.389644678731685],[-71.07047259567594,42.38964667843984],[-71.07020159586313,42.390021678994174],[-71.06997059630534,42.39000767897363],[-71.06945059612377,42.38968467881012],[-71.06819859505424,42.38958567888475],[-71.0677455958995,42.38935867835872],[-71.06608959466018,42.38920367885331],[-71.06561759470301,42.3893616785598],[-71.06437459469738,42.38923067845372],[-71.06426959459064,42.38894367900312],[-71.06321859410295,42.38881967906484],[-71.06303659333442,42.389006678409515],[-71.06190859343477,42.38900467859223],[-71.06130259309032,42.388817679054355],[-71.06002959246541,42.388894678611585],[-71.05971259222822,42.38907667843426],[-71.05955759217338,42.389326678494086],[-71.05857559241645,42.3892676793188],[-71.05843159227764,42.38894667861965],[-71.05819059242283,42.388950678952696],[-71.05808459196261,42.38921767890547],[-71.05735259164885,42.38916367864699],[-71.05732359139056,42.38885367921757],[-71.05711259224569,42.38872267888823],[-71.0566975919556,42.3887076791158],[-71.05650559195062,42.388895678514395],[-71.05603259147367,42.38893567894183],[-71.05577159154666,42.38910667906993],[-71.05523259178564,42.38912067864875],[-71.05305159013548,42.391068679148084],[-71.05303259071508,42.39118167926649],[-71.05254859102078,42.39160567950451],[-71.05205759075359,42.39151567992698],[-71.0516135898259,42.39181667934518],[-71.0515845904594,42.391983679813215],[-71.05066859014131,42.392557679428585],[-71.05033059013218,42.39305968006067],[-71.0503575903894,42.393500679893734],[-71.05014658978236,42.394009679735184],[-71.05055558939087,42.394499680122095],[-71.05121258970053,42.3947246801319],[-71.05202059075326,42.394765680044664],[-71.05275259123995,42.39498068012774],[-71.05330159068839,42.395400680068406],[-71.05334059126423,42.3959626803287],[-71.05321659129305,42.39641868041409],[-71.05302659129441,42.39674868053672],[-71.0526215904108,42.39717168029692],[-71.05194559040854,42.397627680610896],[-71.05148259049895,42.397778681151316],[-71.05107659071868,42.39778968041351],[-71.05031359068327,42.39766768037758],[-71.04983858999701,42.39749468122317],[-71.0484715894769,42.39675068098295],[-71.04814558941882,42.39664268088462],[-71.04056858685628,42.40199068193587],[-71.04005658688195,42.402757681789176],[-71.03667758612546,42.4079756829876],[-71.03673658600916,42.40799868319868],[-71.03599258567253,42.409169683194825],[-71.0357875864863,42.40938168313684],[-71.0334425858445,42.413388684576105],[-71.03318158522782,42.41421468454009]]]},"properties":{"municipality":"Everett"}},
{"type":"Feature","geometry":{"type":"Polygon","coordinates":[[[-71.15437362305636,42.37510367337117],[-71.15541462275854,42.37516567299875],[-71.156268623506,42.37538967313489],[-71.15706462395245,42.37568267352385],[-71.15860462414452,42.37614467311152],[-71.15961962469137,42.376411673262375],[-71.16077462468944,42.376636673134904],[-71.16142062568237,42.37670667355741],[-71.16403162578835,42.37684667350036],[-71.1656256270796,42.37704767360717],[-71.16908262835987,42.3776006727484],[-71.16999662872063,42.37782267343593],[-71.17080362828563,42.37832767296095],[-71.17122962923479,42.378287673588865],[-71.17341062905601,42.37895367306431],[-71.17473263028994,42.37928867319075],[-71.17636363090233,42.37958667361185],[-71.17712563075467,42.37968467298124],[-71.17949563151289,42.38020367308672],[-71.18147863271723,42.380266673167476],[-71.18270663224403,42.38035767366847],[-71.18516563372678,42.380449673109595],[-71.18651763369797,42.38035867350641],[-71.18709863459468,42.38040567339903],[-71.18915963434272,42.380725673318906],[-71.19022563493233,42.38179467363915],[-71.19417763653401,42.386039674365385],[-71.19476263737211,42.385537673899734],[-71.20780964027139,42.37444667177156],[-71.21706164303687,42.36657766950884],[-71.21666964320949,42.36606466912387],[-71.21644564254073,42.36592166907808],[-71.21553464236995,42.36561666911373],[-71.21497364290639,42.365706669754225],[-71.21451064183955,42.36569066952642],[-71.21373064185369,42.365132669637916],[-71.21302064181349,42.364870669182416],[-71.2120006418068,42.36460766974195],[-71.21125964054087,42.36429366952122],[-71.21056764107897,42.36414266966857],[-71.2099426409177,42.36414066937539],[-71.20900364053419,42.364568669605795],[-71.20863564046607,42.36456366959978],[-71.20803763963436,42.364266669569716],[-71.20745864007401,42.364108669792124],[-71.2069696401175,42.36422666927593],[-71.20632163991462,42.364621669470615],[-71.20509863910281,42.36575766983679],[-71.20455363902441,42.365797669817034],[-71.20327963882663,42.36569667002953],[-71.2025186387336,42.36572867021344],[-71.2009296372329,42.36612467031978],[-71.20014663799908,42.36645467042368],[-71.19895963717124,42.367172670173815],[-71.19832363726766,42.36741066989306],[-71.1980206366482,42.36743067043052],[-71.19754263610226,42.367237670520566],[-71.19708063660369,42.36694767017823],[-71.19648563691105,42.3670326701557],[-71.19603563633483,42.367542670446404],[-71.19565363593782,42.367799670520576],[-71.19520663587194,42.367742670299336],[-71.19504763628342,42.36749167050162],[-71.1949096354534,42.367001670487895],[-71.19450263609637,42.36673167035145],[-71.19384863489209,42.366408670025265],[-71.19330163514242,42.366044670626074],[-71.19267263510291,42.365736670388316],[-71.192215634221,42.365432670572844],[-71.19629863585168,42.36181066971567],[-71.18368063109305,42.358837668987796],[-71.18212663126081,42.36068966970574],[-71.18113463053884,42.36038666976648],[-71.18023863091362,42.36006666971691],[-71.17938763078179,42.35982766968194],[-71.17824062963294,42.35957466981511],[-71.17674862934972,42.359379669679086],[-71.17527262875467,42.35928066932256],[-71.173972628846,42.359264669210056],[-71.17275462792772,42.35933966980853],[-71.17202562749837,42.35945366967112],[-71.17082762805319,42.359737669409974],[-71.1699836271042,42.36001866944526],[-71.16938162753837,42.36014467021262],[-71.16840162621614,42.36020267030125],[-71.16762562610567,42.36008167008471],[-71.16682462563797,42.36004466984221],[-71.16615862543993,42.35991566958565],[-71.16569162618777,42.359715669598714],[-71.16457462526728,42.35881366943192],[-71.16388862530019,42.35853166968146],[-71.16300862521678,42.358477670165236],[-71.162285624989,42.35857266949697],[-71.16187862406653,42.35874466970763],[-71.16096062416767,42.35929866961256],[-71.15974662411743,42.35978966983088],[-71.15927862349393,42.359910670034786],[-71.15850162338323,42.35998167036683],[-71.15706562285717,42.359947670046566],[-71.15636162276797,42.35986066996384],[-71.15524662294243,42.35990366984234],[-71.15447562225145,42.36004466989721],[-71.15370562230248,42.36026367036487],[-71.15247662155859,42.36068667084874],[-71.15199462171638,42.36076667035679],[-71.14833262034388,42.36112767088267],[-71.14780861993705,42.3613146710542],[-71.14729762031591,42.36164467049423],[-71.14633662004161,42.36248367116887],[-71.14592761964028,42.36294767139634],[-71.14554961890677,42.363707671508585],[-71.14524061898805,42.36415867111944],[-71.14449261886853,42.36483067167045],[-71.1436676193422,42.3650896714231],[-71.14426961952742,42.3664626717527],[-71.14294561877159,42.366726671520865],[-71.14246161856997,42.36702567236624],[-71.14210161789234,42.367646672118966],[-71.14100861873868,42.36934267220702],[-71.1405996185901,42.37002567242114],[-71.14037261851531,42.37064667319633],[-71.14011261757615,42.372013673434324],[-71.13999261817537,42.37357767346775],[-71.14392561912474,42.37408267323559],[-71.14363061973384,42.37528567347701],[-71.14509161941632,42.37528367390462],[-71.14645461979279,42.37513267378982],[-71.15023962214322,42.37438567274385],[-71.15037862212006,42.37462167324445],[-71.15437362305636,42.37510367337117]]]},"properties":{"municipality":"Watertown"}},
{"type":"Feature","geometry":{"type":"MultiPolygon","coordinates":[[[[-70.82573550861247,42.26462266246743],[-70.82673550862266,42.26590966253254],[-70.82818250948122,42.26718266276972],[-70.82887550996686,42.267644662743294],[-70.8296145099825,42.267983662771556],[-70.8300695106616,42.268012663275165],[-70.83063850996322,42.26773766332217],[-70.83138551080496,42.26758166286645],[-70.83204751038957,42.26728366294606],[-70.83270851071272,42.26680466318544],[-70.83378651187084,42.26692266314038],[-70.83558851244432,42.26733466263951],[-70.83603451215969,42.26747166313881],[-70.83734351234116,42.268031663134764],[-70.83752851292913,42.268145662507564],[-70.83745151325279,42.26865566264206],[-70.83778251254117,42.26873566311226],[-70.83808951246421,42.268586663152824],[-70.83835951280365,42.26873166298396],[-70.83868251267133,42.26871266299476],[-70.83936851309385,42.26915666294672],[-70.83972951389227,42.26897966311733],[-70.8397295135521,42.26872766282022],[-70.83943751332188,42.268322662440426],[-70.83950651317683,42.268100662492365],[-70.84010651331756,42.267698662287515],[-70.84143851377559,42.26738466297332],[-70.84220851454177,42.26738166289222],[-70.84308551471264,42.26806566306559],[-70.84354751432231,42.267954662631574],[-70.84380151469868,42.26817566241975],[-70.84415551548265,42.26819266243052],[-70.84457951481859,42.26840166296438],[-70.84517951497381,42.26849966282584],[-70.84573451504235,42.26868966278501],[-70.84596451561912,42.26840666288809],[-70.8462805158434,42.268428662677366],[-70.84644951568872,42.26864666253126],[-70.84706551573862,42.26872666239152],[-70.84755051638139,42.2685836630676],[-70.84812851647911,42.26861466278013],[-70.84809751626074,42.2689846631711],[-70.84735151564618,42.26905466294002],[-70.84748251638783,42.2694936624459],[-70.84768951587715,42.26961266263105],[-70.84852851625764,42.26957166272258],[-70.84865151607464,42.26915966280843],[-70.84845951581103,42.26900566300375],[-70.84855151607123,42.26868866300585],[-70.84925951704514,42.26842566232723],[-70.85017551663213,42.267712662452766],[-70.85045951727277,42.26764966205389],[-70.8510685172542,42.26787366229227],[-70.85242351724155,42.268599662545476],[-70.85357051789511,42.26933766291724],[-70.85429451802094,42.26970866281978],[-70.8555495187149,42.27053866250646],[-70.85556551933779,42.27072366292324],[-70.85638951855101,42.271200663233635],[-70.85814552037034,42.272536663014776],[-70.85866952045096,42.273050663511114],[-70.86027952049717,42.274285663552426],[-70.86148152092673,42.275314663799556],[-70.86266052164643,42.27656966384296],[-70.86414652246901,42.277923663981305],[-70.86463252242335,42.278406663734614],[-70.86591952249404,42.27981266408756],[-70.86702952271258,42.28098866461196],[-70.86812352383258,42.28230366501847],[-70.86852452323761,42.28274266484884],[-70.8696725237222,42.28411466474915],[-70.87193952546674,42.28698266563478],[-70.87298852586194,42.28851866604208],[-70.87390552636701,42.28997666626014],[-70.87484152604752,42.29139766617913],[-70.87547152671802,42.29244966606223],[-70.87733352689445,42.295264667110544],[-70.87760252741018,42.29571066684641],[-70.87913952867986,42.29801366756333],[-70.87985552840509,42.298906667521024],[-70.88044752863726,42.29973066756109],[-70.88129352893682,42.301530667627205],[-70.88163952976012,42.302317668252584],[-70.88255452937489,42.304644668767246],[-70.88288453035636,42.30575066865422],[-70.88324453018954,42.30747466934809],[-70.88322952969466,42.30773566944913],[-70.88288953046786,42.30839466950738],[-70.88194953016692,42.30901766898659],[-70.88174852956423,42.30939866933712],[-70.88187252957297,42.30985166928237],[-70.88229553012906,42.31028666964705],[-70.8830045299714,42.31044966981805],[-70.88478353106471,42.31016866901131],[-70.88663953126802,42.30983666916544],[-70.8874185311641,42.309778669634085],[-70.88841153201948,42.30982566927556],[-70.89005253185346,42.30970866892283],[-70.89083853312593,42.309564669464045],[-70.89149253252016,42.30913466881933],[-70.89246353286319,42.30829066894464],[-70.8941205340275,42.30676366822235],[-70.89493753422343,42.306227668264306],[-70.89555353357221,42.306001668401265],[-70.89633253461452,42.30592966827217],[-70.89696353472876,42.30596466793928],[-70.89806553447515,42.306180668609194],[-70.90062953620587,42.306826668419504],[-70.90173053585721,42.3070476684831],[-70.90292453618297,42.30722966799273],[-70.90411853645006,42.307525668585015],[-70.90571253697802,42.30786366833532],[-70.90647453755226,42.3079726683427],[-70.90951753891565,42.30777366811444],[-70.90981853881189,42.30770066785139],[-70.91044953895357,42.307397668226606],[-70.91191353979026,42.306332667401826],[-70.91275253982573,42.30585966774989],[-70.91315354019528,42.3057676672843],[-70.91417054016374,42.305700668024954],[-70.91524854093939,42.30576866741097],[-70.91750554096377,42.30580766767687],[-70.91909954140236,42.30586566722894],[-70.92073254236976,42.305082667468604],[-70.92228054322662,42.30456966762015],[-70.92265054313069,42.303739667094945],[-70.92264254278615,42.30337966676523],[-70.92235054204819,42.3030916665013],[-70.92154154210316,42.30293866729046],[-70.92124854178809,42.303168667004286],[-70.92077154253082,42.30323066712801],[-70.92023954181262,42.303397667343596],[-70.92015554220795,42.30308866666206],[-70.91966254137897,42.303231666976885],[-70.91984754241886,42.30367466701026],[-70.91854554149633,42.30427666760197],[-70.9178215408597,42.304482667701805],[-70.91750554120033,42.30451066753054],[-70.91650454097707,42.30424366691996],[-70.91585754069223,42.30392066768481],[-70.91556553985903,42.30417366730129],[-70.91528753988563,42.304241666923275],[-70.91477154057753,42.3039846672189],[-70.91410954033452,42.303499667111694],[-70.9140245395019,42.30308766746028],[-70.9142485393925,42.302565666937866],[-70.91375553944819,42.301884666688686],[-70.91327853989196,42.301365666824765],[-70.91239253934936,42.30074166656132],[-70.91158453841972,42.30027366679526],[-70.91133053860345,42.30020066673223],[-70.91102953860563,42.299813666640816],[-70.9106755388084,42.29987866628839],[-70.91028253854203,42.300141666461485],[-70.90886553776423,42.30037666685859],[-70.90794153797697,42.30060866694209],[-70.90687453797094,42.30078066661052],[-70.90648753728325,42.30074366678722],[-70.90566553750706,42.30116466740886],[-70.90520953631385,42.30202566698192],[-70.90473053646042,42.3021996672907],[-70.90317453587231,42.302481666991845],[-70.90234153545458,42.30278166772731],[-70.90038653492448,42.30356366741559],[-70.89953753492648,42.30406866798835],[-70.89751053465258,42.30174866742835],[-70.89756053400097,42.30158166780052],[-70.8973165341415,42.301202667624395],[-70.89744653372159,42.30070666695424],[-70.8972185341116,42.30021266705149],[-70.89685653395483,42.299935666954724],[-70.89637553362984,42.29969866717117],[-70.89598153394637,42.29959966711154],[-70.8954185332483,42.29968266696018],[-70.8946165329651,42.299688667126375],[-70.8935405332851,42.29981466706943],[-70.89318353303734,42.29998366693798],[-70.8922475321761,42.300298667522846],[-70.89144653200906,42.300470667682724],[-70.89081953218783,42.30088266751099],[-70.89119753198871,42.30106966726255],[-70.89305153289644,42.3004046672133],[-70.89346453316422,42.30061666690936],[-70.89392453323259,42.30052366743697],[-70.89436953368018,42.30060866709787],[-70.89634453444052,42.30132566781832],[-70.89694953427217,42.30195666755417],[-70.89727453440744,42.30196666741177],[-70.8990675352042,42.304038667701505],[-70.89930653534603,42.30436766769882],[-70.89933653561503,42.30467766762678],[-70.89909753477166,42.30497466779287],[-70.89845053470586,42.30548566822206],[-70.89723353444408,42.3052936680695],[-70.89625553381029,42.30530966844103],[-70.89541553438892,42.305440668623504],[-70.89503053354699,42.30565866855586],[-70.8941215336859,42.30599366855104],[-70.89360553329122,42.306546668504694],[-70.89311953361197,42.30660466854329],[-70.89202653296631,42.30643766838717],[-70.89124053249273,42.30653166893558],[-70.89076253246171,42.30695466885729],[-70.89024653221618,42.3069696689796],[-70.88973853263549,42.306390668242514],[-70.88895353143167,42.305651668220165],[-70.88843053213347,42.305335668181776],[-70.88784553164271,42.30513766796574],[-70.88664353080404,42.305004668823116],[-70.8860885309277,42.305027668173324],[-70.88574953078202,42.30491166807155],[-70.88513453081666,42.30433666867932],[-70.88500353023609,42.30384766864378],[-70.8853665306514,42.30315766838748],[-70.88564453106648,42.302157667792954],[-70.88574552996486,42.30153466808811],[-70.88616153067836,42.300491667339166],[-70.88629352999234,42.29998966724829],[-70.88638653049328,42.298511667430624],[-70.88648653023368,42.29806866735533],[-70.88647253053472,42.29694266652143],[-70.8865965308485,42.296206666568544],[-70.88709053025786,42.294712666771865],[-70.88719853114948,42.29426966616195],[-70.88716052995926,42.293761666363544],[-70.88686753044861,42.29343766622051],[-70.88631353016258,42.29318166583198],[-70.88488153005214,42.29280866611053],[-70.88438152962645,42.2925516660704],[-70.88382752963797,42.2919746660698],[-70.88365052888524,42.2916446658587],[-70.88357452871722,42.29089366537547],[-70.88328252902497,42.290358665907306],[-70.8831905288775,42.28969766550998],[-70.88299052868099,42.28871966540172],[-70.88260552868421,42.28829766534983],[-70.88210552905569,42.28795966522244],[-70.88168252824082,42.287799665555475],[-70.88110552846913,42.28742266526888],[-70.88088252801899,42.286741664654976],[-70.88082952828614,42.285729664827045],[-70.8807305280057,42.28469466487744],[-70.88114652816812,42.28399966476132],[-70.88106252816368,42.28343366475313],[-70.8809085275521,42.28316166484042],[-70.880577528133,42.28285566422636],[-70.88028552703393,42.2823426641807],[-70.87943152728641,42.282082664196615],[-70.87891552767942,42.28172166429583],[-70.8783855270398,42.28146466382936],[-70.87776952643483,42.28107366446295],[-70.8770495265959,42.28003566429977],[-70.87754552637442,42.27796466392934],[-70.87787252689284,42.277672663652474],[-70.87842652648673,42.27767266323636],[-70.87916552665804,42.277543663379234],[-70.8798745271883,42.277635663499595],[-70.88017452769354,42.27757666355355],[-70.88193752739535,42.27752066330263],[-70.88340052786836,42.277162662791646],[-70.88433152885023,42.277138663255265],[-70.88564052960079,42.27735166337937],[-70.88711852946716,42.27752966289719],[-70.88756552990374,42.277463662757576],[-70.88878952995897,42.27711966323146],[-70.88913653031257,42.27695166264114],[-70.889220530637,42.27665266293811],[-70.88872052991978,42.27649466305895],[-70.88758152977279,42.2766436633785],[-70.8869195291556,42.27655566291084],[-70.88624252875617,42.27630566264396],[-70.88458752881576,42.2759726626009],[-70.88410952868689,42.27597166331254],[-70.88337052772157,42.27607866318434],[-70.88289352817097,42.276243663023585],[-70.8825155275764,42.27649266344646],[-70.88180752723855,42.27672966290536],[-70.88107552763319,42.27665666357625],[-70.88032852721435,42.27665466324735],[-70.87801252672685,42.27627466334558],[-70.8774885266154,42.27624266313094],[-70.8767345260727,42.276060662929964],[-70.87644952612972,42.27609266275339],[-70.8755945258321,42.27598966329667],[-70.87389152489122,42.27590066359704],[-70.87345352442664,42.275948663184856],[-70.87193652445421,42.276423663321246],[-70.87040552352022,42.27673166386503],[-70.86855752329697,42.27685266381919],[-70.86735652273279,42.27706966335466],[-70.8669795225235,42.277026663949826],[-70.86648652290543,42.27715566330613],[-70.86604852228182,42.277176663864005],[-70.8654395224851,42.276880663818034],[-70.86477752251456,42.276188663561655],[-70.8644995217463,42.275454663648055],[-70.86457552164505,42.275147663762766],[-70.86493752228623,42.274839663478446],[-70.86565352246201,42.274512662887204],[-70.86610752210939,42.27423066317298],[-70.8664995231806,42.27375166290399],[-70.86662252258189,42.27347466292302],[-70.8665755220284,42.272322662487824],[-70.8669595229513,42.2718346627474],[-70.8678825230336,42.27133866288854],[-70.86817452331152,42.27102266206337],[-70.86817452253652,42.27079266272048],[-70.867781523318,42.27032666222731],[-70.86657152267225,42.26947066227251],[-70.86591852187213,42.269205662335274],[-70.8651755215286,42.26903566176868],[-70.86442752127984,42.26902466222727],[-70.86364252144926,42.26911566259609],[-70.86207652148842,42.26987966287927],[-70.86202352048839,42.2701816628026],[-70.86368452109843,42.27078666235275],[-70.86389652115683,42.2711216629479],[-70.86374852180774,42.271349663100644],[-70.8632725217826,42.271665662759936],[-70.86151952041273,42.27209266312253],[-70.86120652048984,42.272076663314586],[-70.85935752041617,42.27169866316832],[-70.85852151943809,42.27107166261249],[-70.858567520206,42.27072466314486],[-70.85827551959788,42.270467663076865],[-70.85831352012349,42.2702596627139],[-70.85903651950794,42.2699236625506],[-70.85941352038482,42.269809662500464],[-70.8596595201392,42.26956266291025],[-70.85934451946542,42.26935166249046],[-70.85892852014513,42.26941666252748],[-70.85839751937506,42.26964166289132],[-70.85742751900041,42.269778662223075],[-70.85712751951475,42.26954066247478],[-70.85635751946866,42.26938166261233],[-70.85587951877872,42.268619662438844],[-70.85573351813218,42.26825766241908],[-70.8556635182915,42.26771366188793],[-70.85573251904411,42.26720866251961],[-70.85595551897835,42.26670066177542],[-70.85623251882959,42.26629566210407],[-70.85700851932461,42.26561166157947],[-70.85790851898906,42.264948661387265],[-70.85840951969858,42.264634661821965],[-70.85877051979273,42.26469166178689],[-70.85893351978125,42.26622866195337],[-70.85912652032377,42.2663296622964],[-70.85974252052748,42.2663916616287],[-70.86155052111515,42.26607866188903],[-70.8627745212793,42.26596366140117],[-70.86318252060191,42.2662946616713],[-70.8631825213107,42.26645666186195],[-70.86257552074854,42.26680466158982],[-70.86261352126498,42.26696166163422],[-70.86332952102619,42.266981661889574],[-70.86383052171047,42.26710366162269],[-70.86448452140651,42.26695866139069],[-70.86441452180381,42.26672566165686],[-70.86386152095085,42.26670266201138],[-70.86368352089666,42.26650266166315],[-70.86379852156911,42.26632566188275],[-70.86411452192439,42.266315662036995],[-70.86456852111927,42.266119661506764],[-70.86447552098663,42.26567966140024],[-70.86392852075711,42.26529266113736],[-70.86402052171273,42.264826661108096],[-70.86480552156924,42.26463866135884],[-70.86545152130059,42.26428166140683],[-70.86643652253366,42.26389566121241],[-70.86747452232648,42.26321266114701],[-70.86769752289295,42.26295266105595],[-70.86768952286056,42.26230866118419],[-70.86751252284813,42.26211366078752],[-70.86655852147021,42.262182660572655],[-70.86612652133223,42.261915660408235],[-70.86613452180397,42.26149166113743],[-70.86648852137267,42.26135066075192],[-70.86641852127553,42.2610276604182],[-70.86568052209047,42.26117966033536],[-70.86513352187063,42.2610396605252],[-70.86466352181493,42.26117766063017],[-70.86390152104468,42.26110966040771],[-70.86371652099673,42.26070766077943],[-70.86436352071095,42.26060666098488],[-70.86506352169728,42.260649660943734],[-70.86545652195768,42.26055766062815],[-70.86567152105009,42.26019366084169],[-70.86541752102615,42.26010766041389],[-70.86493252150073,42.26020066073742],[-70.86441652113119,42.259840660492685],[-70.86383952067034,42.25975466072813],[-70.86351552031041,42.25944066043058],[-70.86296152101161,42.25939566015535],[-70.86266952011023,42.25959866052838],[-70.86198451992428,42.25971766033685],[-70.86134552001744,42.25989066028486],[-70.86118452009781,42.26004166077983],[-70.86063052003401,42.2600996605735],[-70.86024552004568,42.2599306602798],[-70.85966051949121,42.26007066050682],[-70.85968351921198,42.260317660800254],[-70.85933752004543,42.260517660549574],[-70.85869051900343,42.26022566107387],[-70.85833651931192,42.260371660410044],[-70.85829751952929,42.260016660433116],[-70.85807451873508,42.25986666084331],[-70.85849751946982,42.259341660844036],[-70.85831251888868,42.25921466025357],[-70.85785851852343,42.25947866092616],[-70.85722051835474,42.260020660659436],[-70.85718151824561,42.259610660421664],[-70.85648851874366,42.25932466070315],[-70.85585751829885,42.25957866086474],[-70.85594251862675,42.25993266115828],[-70.85548151826495,42.26058866058349],[-70.85544351836643,42.261377661163685],[-70.85536651841359,42.26154566127006],[-70.85486651868992,42.26199866132571],[-70.85488151787193,42.26221066081707],[-70.85449751792227,42.26253166098037],[-70.85388151741682,42.261875661579026],[-70.85343451713743,42.26182866144628],[-70.85305051711246,42.261600660720674],[-70.8525805176713,42.2619056610194],[-70.85219551695543,42.261681660918796],[-70.8516795171533,42.26181166156951],[-70.85169551665342,42.26142866090882],[-70.85230351741465,42.26141466089549],[-70.85272651797122,42.26153866082978],[-70.85288751757793,42.26124266070078],[-70.85326451723695,42.260921660623914],[-70.85313351755117,42.26044666049724],[-70.85257451675342,42.25981666094398],[-70.85246051715743,42.25936866101916],[-70.85178951727985,42.25935466079847],[-70.85082251696105,42.25907366092253],[-70.85014651686295,42.259168660983704],[-70.84953251623728,42.25897366119029],[-70.8489805153845,42.25896866099478],[-70.84856451538316,42.25875566097633],[-70.8481165154486,42.258749661144925],[-70.84781751589082,42.25896566059125],[-70.8476825159539,42.259209661110106],[-70.84774351525562,42.25953066059093],[-70.8473835149498,42.259945661110535],[-70.84662751588264,42.26002466062747],[-70.8463985147385,42.26012566110073],[-70.84583651522061,42.2601696610719],[-70.84560151517032,42.26001766095175],[-70.84522351469637,42.260260661479656],[-70.84462751419139,42.26043466105994],[-70.84419251469957,42.26041966112954],[-70.8437065145164,42.260516660939096],[-70.842400513336,42.26056366119679],[-70.84154451398017,42.26070566155433],[-70.84062751292277,42.260997661162655],[-70.84016551292652,42.261285661517654],[-70.83961151274747,42.261894661806224],[-70.8392725129085,42.26247766194306],[-70.83900351343101,42.26314666228937],[-70.83864451340472,42.263506662161525],[-70.83810051256745,42.263794661792495],[-70.83623751257991,42.264672662616],[-70.83574051204342,42.26480066248114],[-70.83502351132935,42.264845662248455],[-70.83049650988976,42.264574662366925],[-70.82698650927946,42.26437666253156],[-70.82573550861247,42.26462266246743]]],[[[-70.83097051110084,42.26898966283274],[-70.83341851148843,42.26925666298746],[-70.833595512091,42.269113662857244],[-70.8308855112025,42.26876966338517],[-70.83002350981344,42.268846663450354],[-70.83009251028315,42.26907966362211],[-70.83036951092727,42.26917866351342],[-70.83097051110084,42.26898966283274]]],[[[-70.82350350869582,42.26981966361712],[-70.82372650887329,42.269946664022406],[-70.82441150859987,42.269719663706326],[-70.82474250919542,42.26943566312885],[-70.82552050884625,42.269508663289294],[-70.82566650934241,42.269082663719274],[-70.8254505086666,42.26896466369907],[-70.82465750901905,42.26901366321924],[-70.82440350861486,42.268886663186684],[-70.82352650851229,42.26903166371553],[-70.82337250824818,42.26925866355402],[-70.82357950779243,42.26941766384079],[-70.82308750849103,42.26963766345259],[-70.82350350869582,42.26981966361712]]],[[[-70.8240115082617,42.27111766424469],[-70.82347250890096,42.27123866386835],[-70.82284950866023,42.2712576641342],[-70.82268750798296,42.271566664113124],[-70.82314150856108,42.27178466391028],[-70.82361950778665,42.27168666366767],[-70.8236965083995,42.27152766355494],[-70.82423450822063,42.271365664367266],[-70.8240115082617,42.27111766424469]]],[[[-70.89543653199894,42.28013766303225],[-70.895367532044,42.28019966293928],[-70.89578853315015,42.28070366323566],[-70.89622453263247,42.28107066313118],[-70.89672853310184,42.2813606633422],[-70.89723353328162,42.28152966319801],[-70.89754653370194,42.28172766327361],[-70.90032753463382,42.2823136640449],[-70.90105053413185,42.28236966361095],[-70.9018825344588,42.282251663206694],[-70.90230553457403,42.28211866379178],[-70.90286053510754,42.281794663880184],[-70.9031605353592,42.28150166330236],[-70.90331453564934,42.28095366350852],[-70.9029915347239,42.280689662894986],[-70.90256053470148,42.2805116631991],[-70.90136753394303,42.28019866285517],[-70.89943553404036,42.279888663267286],[-70.89847253284336,42.27980066351787],[-70.89724153310566,42.27978066307626],[-70.89617853229045,42.27993766339687],[-70.89532453277727,42.279902663533356],[-70.89543653199894,42.28013766303225]]],[[[-70.93684254624559,42.29067866415627],[-70.9363205464144,42.291077664532196],[-70.93604354703712,42.291680664210986],[-70.93592854594803,42.29208766418327],[-70.93585854632893,42.29288166492815],[-70.93572854692728,42.29348266469051],[-70.93534254685086,42.294398664784985],[-70.93486554595886,42.29523066524625],[-70.9343415464397,42.29587466529535],[-70.93405654569133,42.296077665557206],[-70.93324854559359,42.296478665656494],[-70.93200054596906,42.296747665396815],[-70.9312385457091,42.296818665603205],[-70.9305915451978,42.296937665429766],[-70.9297595443631,42.29725766523754],[-70.929236545114,42.29759966576908],[-70.9286895440737,42.298068665728515],[-70.92828854372422,42.29860166618586],[-70.92763454431626,42.29918466613408],[-70.92711054389204,42.29950466642217],[-70.92719454350804,42.29989866580075],[-70.92674054388408,42.30095566608581],[-70.92677854348369,42.30153166610062],[-70.92713354434588,42.30217366682202],[-70.92798054447773,42.302677666573565],[-70.92892754446284,42.30287366681548],[-70.9302755452389,42.30300366672328],[-70.93103054582613,42.30294166626291],[-70.9322775463729,42.302771666265095],[-70.93334854569589,42.30258766652277],[-70.93391054695451,42.30232966659742],[-70.93470354652997,42.30174466666356],[-70.93518154623355,42.301263666419004],[-70.93548954686489,42.30060166632511],[-70.93555154710599,42.29991566576289],[-70.93550454727216,42.2995656654167],[-70.93493454629892,42.298341666028676],[-70.93480354602289,42.29756466533427],[-70.93515854636668,42.29638366540098],[-70.9355045459314,42.2957876651295],[-70.93632054676877,42.29480566495008],[-70.93701354711398,42.294104664411215],[-70.93779154679119,42.29350666426553],[-70.93826154710631,42.29328266480466],[-70.93900054698157,42.29302266482566],[-70.94112554777918,42.291819664094184],[-70.94147254871295,42.29159766401242],[-70.94287354902423,42.29097966366764],[-70.94333554912467,42.29083266412206],[-70.9443135495036,42.29068966423529],[-70.94511454908381,42.290775664085594],[-70.94649355020653,42.29128266413484],[-70.94733254987024,42.291327663942155],[-70.94809455026024,42.29126066363892],[-70.94884955014508,42.291107663964475],[-70.94922655023187,42.29097066396613],[-70.94980355087453,42.29060566371978],[-70.95004255128164,42.290195663328255],[-70.95001155053062,42.28981866382587],[-70.94884055039371,42.28745166314979],[-70.9484785505995,42.28692666308347],[-70.94822454978177,42.28671066326439],[-70.94790055052856,42.28666666315468],[-70.94718455030845,42.286907663240335],[-70.94674654936618,42.28721266337255],[-70.94629154982158,42.28763466357958],[-70.94619255012124,42.288149663125765],[-70.94576854962497,42.288503663421785],[-70.94434454870803,42.28899166383273],[-70.94367454929841,42.28915566383422],[-70.94193454872828,42.28982466341813],[-70.94131854770244,42.28975466366459],[-70.94128754786674,42.289552664027596],[-70.9406255483109,42.28891466356915],[-70.94040154829119,42.28858566389201],[-70.94007054792435,42.28745166339929],[-70.93926154701606,42.28604766296735],[-70.93883854659627,42.285613662725275],[-70.9382225467891,42.28512366305894],[-70.93788354711089,42.28456666321977],[-70.9376525471355,42.28465166276714],[-70.93779154606182,42.28521666341519],[-70.93816854678346,42.285944662824996],[-70.9385385471976,42.286253662851074],[-70.93900754696055,42.28651966279757],[-70.93945454789521,42.28690366356173],[-70.93964754725569,42.28717566294693],[-70.93974754738335,42.287565663370295],[-70.9397245474909,42.28801666315714],[-70.9395855477093,42.28852766372227],[-70.93923154787169,42.289253663406754],[-70.93873054758716,42.28970766380571],[-70.93762954707195,42.29023066397763],[-70.93684254624559,42.29067866415627]]],[[[-70.88884553307757,42.32859467247313],[-70.88904553331089,42.32879467302789],[-70.8899085333176,42.32857267256336],[-70.89056353314773,42.32846267230786],[-70.89111053343137,42.32845367260799],[-70.89158053419955,42.328279673053736],[-70.89228153402621,42.32828167247696],[-70.892415534222,42.32819367263555],[-70.89184553363371,42.3276106721091],[-70.89195353428141,42.327350672800414],[-70.89145453414746,42.32735567213493],[-70.89120253378005,42.32773667233107],[-70.8908575337841,42.32776567293851],[-70.89032353324593,42.327567672265204],[-70.88926353256971,42.327742672176605],[-70.88955153355244,42.32795467236222],[-70.88934953352265,42.32831567261507],[-70.88902453346417,42.32823067257872],[-70.88878253256027,42.32839867271916],[-70.88884553307757,42.32859467247313]]],[[[-70.89600153615235,42.33101667266948],[-70.89588553527872,42.331562673504884],[-70.89539153573511,42.33267467298476],[-70.89496753489976,42.3339466736915],[-70.89398053550973,42.334669674075215],[-70.89406553554343,42.33498867383548],[-70.89427253495651,42.33512467375296],[-70.89506653553684,42.335039673837365],[-70.89542853534272,42.33492067423131],[-70.89553653523568,42.33469367359043],[-70.8964305364457,42.33440867388847],[-70.89677753641833,42.3341556734756],[-70.89700853581981,42.333750673553254],[-70.89694053602257,42.332873673406475],[-70.89746453591835,42.33217667329564],[-70.8976575362775,42.33179067271643],[-70.89801953592702,42.331424673115855],[-70.89862853619056,42.33093667321248],[-70.89943853656823,42.330364672898526],[-70.89926053622592,42.33024667234727],[-70.89838953690915,42.33079167251623],[-70.89807353588004,42.33079267329951],[-70.89750453552128,42.33043267315785],[-70.89703453589885,42.33034667296565],[-70.89617853578041,42.330414672497874],[-70.89604753524982,42.33057467287016],[-70.89600153615235,42.33101667266948]]],[[[-70.88667153255254,42.33974367468762],[-70.88678753292433,42.33985867458977],[-70.8873185326435,42.33985867496445],[-70.88744253331029,42.33973067482003],[-70.88832853344036,42.339491674741964],[-70.88845153321247,42.339570674563774],[-70.8890295335044,42.33948867502987],[-70.88925353385156,42.33934967500373],[-70.88993953431114,42.3392936746104],[-70.89152753394647,42.338812674935944],[-70.89182053409837,42.338298674289106],[-70.89058753397491,42.33820267453051],[-70.8897395336404,42.338382674244116],[-70.88879953307153,42.33843867471232],[-70.88699653316031,42.33834267479212],[-70.88604853330338,42.33856567451102],[-70.885693533195,42.33888667474322],[-70.8852235320943,42.339028675068455],[-70.88500753203948,42.33939767523406],[-70.88551553232624,42.33959167497175],[-70.88593153299915,42.33959867465216],[-70.88614753270564,42.33980667517769],[-70.88667153255254,42.33974367468762]]],[[[-70.8826565313477,42.34024667536147],[-70.88204953105847,42.34033067480157],[-70.88178853154713,42.34051567552886],[-70.881885531874,42.340740675739646],[-70.88237053148451,42.34070567549753],[-70.88292653142213,42.340291675317985],[-70.8826565313477,42.34024667536147]]],[[[-70.87487252893277,42.34356167619159],[-70.87534353009576,42.343703676306525],[-70.8758995302527,42.34360167585841],[-70.87597252943567,42.34321867594319],[-70.87619552966541,42.342891675936336],[-70.87644253016015,42.34338767621147],[-70.87716653001242,42.34331267601071],[-70.87759852967532,42.3427926759551],[-70.8775985307662,42.34251767574105],[-70.87790753025665,42.34244967607566],[-70.87830052983423,42.34259167600195],[-70.87881653096734,42.34261467594277],[-70.8797725308083,42.34241067616151],[-70.88110653102497,42.34169467515238],[-70.88111353146121,42.341501675571735],[-70.88168453141037,42.34134367585797],[-70.88177753203846,42.34096767527899],[-70.8809835311273,42.34119267499421],[-70.88062153117028,42.34117167584014],[-70.88022853098421,42.34095267520946],[-70.87964253098927,42.34122767516525],[-70.87906453060246,42.341025675609494],[-70.87857953086963,42.341065675730256],[-70.8776005296831,42.341031675666045],[-70.87676752923609,42.341266675301945],[-70.87615152961607,42.34116367601927],[-70.87598153001524,42.341328675407674],[-70.87559652916377,42.34134367568209],[-70.87548752895773,42.34179567570464],[-70.87514152923077,42.34181967599758],[-70.87510252886399,42.34201367538104],[-70.87439352927272,42.342618676063026],[-70.87443352875738,42.3429156759943],[-70.87468952906954,42.34318767623591],[-70.87401352890818,42.3433306765199],[-70.87401052901913,42.34365267621908],[-70.87487252893277,42.34356167619159]]],[[[-70.89517653546075,42.34408367521372],[-70.89580153572373,42.34377167557971],[-70.89650253634727,42.343584675405026],[-70.8973355364003,42.34283667481338],[-70.8971845370357,42.342488675452984],[-70.89726253643089,42.342294675344334],[-70.89691953623768,42.34180367465979],[-70.8969205364092,42.34145667461225],[-70.89715953625159,42.34126767473496],[-70.89738353670242,42.340615674374206],[-70.89785253692634,42.34060867483999],[-70.89834653673047,42.34032567446594],[-70.8983625366119,42.34003167454533],[-70.89772153720347,42.34005867492186],[-70.89779453670775,42.3397996749803],[-70.89682053609376,42.33904767428802],[-70.89671453596036,42.33848367473938],[-70.89602753621206,42.33876967430356],[-70.89573453560156,42.3388196744651],[-70.89528053524606,42.3387386745309],[-70.89515653601495,42.33899167424664],[-70.89531853633517,42.33925467456689],[-70.89536453628725,42.339856675021174],[-70.89505553556009,42.339938674394915],[-70.89478653595265,42.34016367459586],[-70.89475453607285,42.34118667478284],[-70.89507053529357,42.34177067475754],[-70.89496253568446,42.342200675374556],[-70.89463153599812,42.342570675138354],[-70.89513853578485,42.34268867517664],[-70.89540853570601,42.34284567507985],[-70.89560853565187,42.34313567568481],[-70.89537753612869,42.34348167525358],[-70.89533053636482,42.343860675872875],[-70.89517653546075,42.34408367521372]]],[[[-70.86847752875819,42.36489668030814],[-70.86866352848574,42.36543568051386],[-70.86890352893143,42.3655876802726],[-70.86862952884275,42.36576268072084],[-70.86858052841937,42.36603468013288],[-70.86879452822211,42.3663196802829],[-70.86908852825228,42.366282680283476],[-70.86923752902004,42.36602768034138],[-70.86910552905266,42.365849680641695],[-70.86939052925722,42.36536068075973],[-70.8696485287725,42.36513568077373],[-70.86977552943873,42.36468067986601],[-70.86981052921219,42.3642026797802],[-70.86949352868407,42.36401768052957],[-70.86944252885392,42.364441680042496],[-70.86930652878405,42.36469168020474],[-70.8685555282798,42.36471768014102],[-70.86847752875819,42.36489668030814]]]]},"properties":{"municipality":"Hull"}},
{"type":"Feature","geometry":{"type":"MultiPolygon","coordinates":[[[[-70.85206351682942,42.25890866107827],[-70.85258251750979,42.258766660872624],[-70.85323451744634,42.25872766088349],[-70.85371751762918,42.25841566080942],[-70.85420151718884,42.25779966025555],[-70.854617517563,42.25772066046837],[-70.85516351738782,42.25743766031858],[-70.85558751770695,42.257619660669285],[-70.85583351790144,42.25744466052624],[-70.85580251826075,42.25719265987198],[-70.85624151832161,42.25715466064393],[-70.85687251793843,42.257747659978385],[-70.85720351916646,42.25776866067784],[-70.85751951895426,42.25811966012706],[-70.85790351849745,42.25816266032343],[-70.85838951845327,42.25838066051811],[-70.85938951905939,42.258489660581844],[-70.85965951885684,42.258264660733545],[-70.86052851927522,42.257850660080656],[-70.86050452023618,42.257449660355924],[-70.86087351917638,42.25698865994807],[-70.86065852017512,42.25674466026169],[-70.8603355192708,42.25699765985699],[-70.85995852004153,42.257057660517056],[-70.85955751937038,42.256956659944095],[-70.86038852006118,42.25645165979642],[-70.86037251938775,42.256006659774826],[-70.86063451975996,42.25579065948815],[-70.86063452001632,42.255596659644496],[-70.8609965202119,42.255307659840575],[-70.86097751953795,42.25496266004881],[-70.86057951941632,42.25465265966416],[-70.86053351899244,42.2544416593655],[-70.8609485194978,42.25403365930353],[-70.86089452007651,42.25317065969772],[-70.86134751966908,42.2524516592864],[-70.86143251984471,42.252832659287954],[-70.86126351970633,42.25318665918246],[-70.86127151925328,42.25379465976232],[-70.86143452044367,42.2549446599911],[-70.86132652021753,42.25520765952013],[-70.86136551976422,42.25567566007853],[-70.86128052004246,42.25608165974145],[-70.86151951949944,42.25638865951532],[-70.86160452052185,42.25712566025902],[-70.86146652048122,42.25755566046607],[-70.86152851989763,42.25801366001728],[-70.86181451959344,42.25858566022843],[-70.86253552010707,42.25875066012345],[-70.86306852077463,42.25862866043326],[-70.86343652019139,42.258730660397546],[-70.86385352063739,42.25850766037199],[-70.86445352142485,42.258047659961896],[-70.86475452060492,42.25865966051747],[-70.86468152108107,42.25900866002614],[-70.86528552090874,42.25902865997776],[-70.8655855215339,42.2588576604328],[-70.86577852201403,42.25858466043415],[-70.86618552205982,42.25825765993553],[-70.8662465216533,42.25749566035806],[-70.86572252084488,42.2570906603461],[-70.86563752172347,42.25677166022828],[-70.8653995215743,42.25660065942993],[-70.86546752147188,42.25619365992898],[-70.86542952086803,42.25578066001982],[-70.86572152070656,42.255473659929365],[-70.86569052160671,42.25516365966347],[-70.86586752108698,42.25504365919436],[-70.86630552116426,42.25502765957041],[-70.86673652182188,42.25465165978012],[-70.86707452161572,42.254541659322115],[-70.86706052165798,42.254987659713414],[-70.86722152219478,42.2552876595895],[-70.86759852200265,42.25553365935455],[-70.86799952177749,42.255589659829525],[-70.86788452260598,42.255803659177495],[-70.86685352194388,42.25586465991389],[-70.86620652126797,42.25615965976832],[-70.86635352124573,42.256480660068554],[-70.86676152171884,42.25668566003359],[-70.86727652212744,42.25650165975703],[-70.86756952235301,42.25691165939992],[-70.86809352223493,42.257177660069594],[-70.86855552201918,42.257593659474445],[-70.8687015223615,42.25783466017232],[-70.86870252294281,42.25816266024613],[-70.86854052193301,42.258408660268714],[-70.86853052253008,42.25870666050745],[-70.86773752183298,42.259487660139506],[-70.86820052238988,42.25964966019868],[-70.86765852197742,42.25985166013445],[-70.86849752196548,42.26010065996695],[-70.86848152227783,42.260967660151],[-70.86830452298054,42.261199660991494],[-70.86833652222951,42.262018660596155],[-70.86820552205619,42.26257966126164],[-70.86832952293818,42.2627576608549],[-70.8688445229929,42.26278466092808],[-70.86897552265891,42.2630526610769],[-70.86896852245991,42.26342266094314],[-70.8687535221905,42.263975661140414],[-70.86822252217286,42.264258661302755],[-70.86840052262308,42.26459766153219],[-70.86810852288316,42.26583666138676],[-70.86812452222915,42.266110661234045],[-70.868402522346,42.26696166208338],[-70.86904152280489,42.26731166135437],[-70.86920352307347,42.267498661982245],[-70.86959552305404,42.26762266211593],[-70.8700115235236,42.26760666219982],[-70.87043552357845,42.26727966194283],[-70.87041052378896,42.266908661280574],[-70.87092452351736,42.266819661646174],[-70.87097252350252,42.266514661915565],[-70.8712265238827,42.26621766152383],[-70.87168852434996,42.26612066161807],[-70.87212652445334,42.2663246615314],[-70.87238152414159,42.266261661863965],[-70.87284252427658,42.265583661543936],[-70.87279552455622,42.26524266142366],[-70.87294952421749,42.265050660974836],[-70.87327252437228,42.265018661352755],[-70.87365752486282,42.26516466107064],[-70.87411952455918,42.265454661389064],[-70.87556652565038,42.26616966123708],[-70.87688952582872,42.2664536609451],[-70.8777515259975,42.266912661675036],[-70.87812052600866,42.267374661853225],[-70.87808152638286,42.2676776612506],[-70.87780452536657,42.26783466117974],[-70.87713452588879,42.26794066199843],[-70.87679552585833,42.26817066146463],[-70.87657252596051,42.26852566169084],[-70.87664852545176,42.26904666158865],[-70.8769715252574,42.26969066182308],[-70.87763252623347,42.270539662015395],[-70.87776352562732,42.2708566621201],[-70.87688552568909,42.27130366205589],[-70.87673852607533,42.27157166188361],[-70.87679952623877,42.27217366267757],[-70.87717652644511,42.27260966246813],[-70.87809952660085,42.27320666260441],[-70.87893052716065,42.27357966259165],[-70.8798235274214,42.27387166282172],[-70.88054652731967,42.27402166296192],[-70.88108552723477,42.27399966244169],[-70.88180152759456,42.27378066286624],[-70.88245652810313,42.273408662071525],[-70.88277852779666,42.27306366239133],[-70.8831045278547,42.27227266189219],[-70.88327152748478,42.27202566238889],[-70.88413252802647,42.27122266187828],[-70.88436252860592,42.2708476617772],[-70.88433552863421,42.270511662128555],[-70.8841725278646,42.2702896617756],[-70.88308652790634,42.269479661900796],[-70.88241852797948,42.26886666170468],[-70.88164152778333,42.26833766192037],[-70.88121752658301,42.268148661732724],[-70.8799905263809,42.26795666167216],[-70.87895852616191,42.267856661570924],[-70.878674526661,42.267658661195775],[-70.87859052562659,42.26725466175608],[-70.87862152618561,42.2666776614592],[-70.87930952666412,42.266380660929116],[-70.87988652667518,42.265945660919996],[-70.8801815260155,42.26532966106984],[-70.88002752600907,42.26448366055541],[-70.87929652644918,42.263508660320326],[-70.87886052615629,42.26267566073592],[-70.87871952589316,42.26226566080216],[-70.87882252569867,42.26185466074529],[-70.87904052600332,42.26154766006039],[-70.8792965255964,42.26075265999355],[-70.87918152560367,42.26005965996644],[-70.87868152591342,42.25936765978627],[-70.87783552503163,42.25876465961337],[-70.87637352521388,42.25824065962739],[-70.87567352484893,42.25823365943173],[-70.87505052484198,42.25809066005724],[-70.87451952384127,42.258090659604946],[-70.87392052410111,42.25789265990969],[-70.87368852371894,42.257649660034424],[-70.87381152356718,42.257358659928656],[-70.87422752448843,42.25727565933643],[-70.87440352444519,42.25707466001338],[-70.87520552492738,42.25671965989532],[-70.87545252512025,42.25652165983833],[-70.87576052450325,42.25606665909014],[-70.8759455240468,42.25544165915992],[-70.87614652419535,42.25518165897781],[-70.87634652473993,42.25466965914574],[-70.87653952513669,42.25441465931074],[-70.87672452422079,42.25388465909921],[-70.87677852425217,42.25350065866413],[-70.87656352411479,42.25309965913157],[-70.87600152464212,42.252824659134],[-70.87529452432658,42.252354658863894],[-70.87537952410088,42.251938658177515],[-70.87604152468207,42.25146865844616],[-70.87631952458709,42.25106765808899],[-70.8768195242296,42.25140165864718],[-70.87736552450379,42.25125765868098],[-70.87748952485103,42.25094965817047],[-70.87762052447327,42.25021365859535],[-70.87760252483102,42.249835658597085],[-70.87781752540609,42.24942265834008],[-70.8780105253515,42.24944165838058],[-70.87856552465,42.24867665783354],[-70.87819652453422,42.24837165789622],[-70.87857352553534,42.24800965807924],[-70.87904352519827,42.247758657647694],[-70.8795895255208,42.24837165773441],[-70.87992052594548,42.24821765774725],[-70.87927352497098,42.24750765794296],[-70.87983652533784,42.24709265724533],[-70.88038252595143,42.24683665725416],[-70.88092152567306,42.247372657287805],[-70.88125152593811,42.247172657783366],[-70.88090652564135,42.246800657846386],[-70.88236852592813,42.24630365775682],[-70.88261452647349,42.24663265719395],[-70.88290752594763,42.24658265755188],[-70.88286852685077,42.24614265718994],[-70.88364652678787,42.24589965681049],[-70.8839695268067,42.24563365696955],[-70.88421552685175,42.24596765697969],[-70.8843845264362,42.24570365682524],[-70.8849235273993,42.24569465724741],[-70.88476152727507,42.24617465707155],[-70.88556152720035,42.24636865685339],[-70.88572352693086,42.246203657326944],[-70.88608552790657,42.24626965716242],[-70.88686952817115,42.24671565710323],[-70.88754652809182,42.24718665716663],[-70.88762352811216,42.247644657763196],[-70.88800752837633,42.24814265708114],[-70.88867652831954,42.24842865797738],[-70.89024652947029,42.24930365753274],[-70.8902455284998,42.24953765760855],[-70.89091852966212,42.25028265776114],[-70.89157152976856,42.25106965762713],[-70.89147152932044,42.25121965779866],[-70.89074052952662,42.251366657674964],[-70.8907935289722,42.25174865816783],[-70.89120952960396,42.25183165787833],[-70.89153953016205,42.25202465806689],[-70.89227052994607,42.25308865819752],[-70.89310152977905,42.25356565857663],[-70.89410153095848,42.25433265856637],[-70.89500153049404,42.25481765815043],[-70.8958165306261,42.25517765836056],[-70.89648653155109,42.25557665869108],[-70.89681753155175,42.255944658318626],[-70.89659353126683,42.25622365832796],[-70.89733253122482,42.25630965878423],[-70.89778653191209,42.25654565869858],[-70.89773953144473,42.256843658541534],[-70.89826253174743,42.257190658759654],[-70.89800853187437,42.257428658509305],[-70.897724531885,42.257375659148884],[-70.8966625318096,42.25685265877357],[-70.89591653162623,42.256635659319635],[-70.89550053089613,42.25675465931049],[-70.89571553150493,42.25697665853353],[-70.89588453132343,42.25735565894265],[-70.89638453088902,42.25786565948642],[-70.8965385312205,42.258277659538706],[-70.89596753170028,42.25945265915273],[-70.89559853163792,42.25984665917236],[-70.8950975310193,42.260237659670764],[-70.89411253068494,42.26073965975945],[-70.89385853143109,42.26096065949215],[-70.89338053085726,42.261675660330454],[-70.893280530668,42.261991660069434],[-70.89340353055304,42.26226066005453],[-70.89401953080142,42.26254765990122],[-70.89530453142669,42.26277365994891],[-70.89626653165472,42.26271766040729],[-70.89679753154608,42.26253766009219],[-70.8980525321863,42.26180966008353],[-70.89903053203778,42.26148265952348],[-70.90023853250709,42.26143565948859],[-70.90105453329917,42.26160665961556],[-70.90239353320668,42.26205265955541],[-70.90314053397836,42.262238659489434],[-70.90418653476416,42.26244165942303],[-70.90548653469793,42.262492659768206],[-70.90688053512712,42.26233365989895],[-70.90725753568357,42.26215665928083],[-70.90761953499279,42.26177665904204],[-70.90785053560825,42.26166965923196],[-70.90845053538237,42.261195659472136],[-70.90920553544112,42.26107465972684],[-70.91055953635488,42.2612596589261],[-70.91175253645154,42.26156365970406],[-70.91260653701065,42.26167065966713],[-70.91315353712243,42.26183765924983],[-70.91348453768798,42.261642659704115],[-70.9135765371453,42.26138065892167],[-70.91396153719174,42.26116665885508],[-70.91412353716287,42.26092965927703],[-70.9141385375857,42.2606366588064],[-70.91388553680027,42.25989865874285],[-70.91397053676924,42.25942865907842],[-70.91446253806606,42.25912765910658],[-70.91459353809877,42.258837658321205],[-70.91451653784985,42.25805965869828],[-70.91527153750468,42.25753765869958],[-70.91474053724929,42.25745665798403],[-70.91437053690395,42.257701658642006],[-70.9135625376088,42.25788165886963],[-70.91294753674968,42.257612658276734],[-70.91287053655212,42.25734865838001],[-70.91320853665727,42.25705065836294],[-70.9134785373623,42.25645165836912],[-70.91342453743086,42.25601565776827],[-70.91366353690007,42.255885657903626],[-70.91377853739277,42.25545565846796],[-70.9137095371514,42.25516365763014],[-70.91387953651717,42.25485465819345],[-70.91372553713924,42.25466365786496],[-70.91391053732004,42.25444465795873],[-70.91486453727944,42.25390665740149],[-70.91517253687363,42.253667657737516],[-70.91715853760458,42.25365665779022],[-70.9174815382072,42.25368665799375],[-70.91908253855536,42.2536916573389],[-70.91967853822247,42.25351971506],[-70.9196792657695,42.25426401611104],[-70.92005876448277,42.25426593364431],[-70.92007062595083,42.2539571985457],[-70.9204134285003,42.25401934636177],[-70.92373323739903,42.25362656774231],[-70.92436609538477,42.25358946487713],[-70.92436841256472,42.25333438556639],[-70.92542557309856,42.25333968097438],[-70.92523220939428,42.2527412624603],[-70.92540617048658,42.25094116297808],[-70.92553154033999,42.25083665649591],[-70.9254775410701,42.25015765632003],[-70.926174540195,42.24965065664817],[-70.92621354083315,42.24930765614005],[-70.92645254089382,42.24888065668938],[-70.92679054087316,42.24857365677711],[-70.92688254050223,42.24827865644455],[-70.92754454088188,42.24809265639541],[-70.92788354075157,42.248176656205054],[-70.92800654085599,42.24846265596151],[-70.92801454115052,42.24889065633028],[-70.92790654171469,42.24959465674356],[-70.92738254114506,42.249841656970766],[-70.92724454148092,42.25010965624527],[-70.9275325414616,42.250325656742476],[-70.92750154166818,42.250655656375606],[-70.92733254099987,42.25091465639304],[-70.9282395417918,42.25182265689772],[-70.92864054117246,42.251995657057186],[-70.92893254135055,42.251698656882176],[-70.92919454175637,42.25162165726618],[-70.93002554249912,42.251652656731856],[-70.93090254297408,42.251759657123834],[-70.93134954214214,42.251513656840636],[-70.93144954309949,42.251038656897066],[-70.93121054208643,42.250543656321476],[-70.93090254252328,42.250129656089825],[-70.93031554179143,42.249590656161295],[-70.9299995418478,42.24946465637633],[-70.92951454218488,42.24901365612712],[-70.92932254155154,42.248508656337286],[-70.92940754218516,42.24794865615491],[-70.9297375414807,42.24777665575383],[-70.9305685427094,42.24758165610017],[-70.93082254261489,42.247338656347196],[-70.93069254199267,42.246971655552805],[-70.93027654254449,42.246897656283785],[-70.93036854168865,42.24643265571409],[-70.93056154190265,42.24639765625101],[-70.9307155420498,42.245251655872345],[-70.9306615422803,42.24435165524231],[-70.93001454186764,42.24342665549325],[-70.92921454196903,42.24289465526455],[-70.92808354103389,42.2429906550669],[-70.92775354118534,42.24295965553749],[-70.9275375413307,42.24335965507287],[-70.92666754107407,42.24358565564726],[-70.92623654106943,42.24349465501871],[-70.9260445406657,42.24331265517324],[-70.92581353982301,42.24280765541411],[-70.92596754022843,42.242584655446784],[-70.92614454072918,42.24197865502391],[-70.92612954006059,42.24163665534994],[-70.92626754083875,42.241255655104545],[-70.92631454037557,42.24055265482511],[-70.92616054074378,42.23941165466805],[-70.92622953988727,42.239031654439465],[-70.92585253988484,42.238407654589786],[-70.92552153934047,42.23824665419794],[-70.92436853918092,42.23801365469398],[-70.924167539984,42.237886654639304],[-70.92354453913788,42.237973654238324],[-70.92319853855135,42.2378306547193],[-70.92255253843082,42.23779665438602],[-70.92232953913306,42.23788165437825],[-70.92207553851742,42.23819665426318],[-70.92190553825584,42.23876265504516],[-70.92125953910126,42.23915165454172],[-70.92082853887851,42.23912765507411],[-70.91969753845754,42.23860565431626],[-70.91884353764057,42.23843565467657],[-70.91948253811591,42.238244654560255],[-70.91995153830989,42.237930654298275],[-70.92026753785464,42.23723665401555],[-70.9200825377112,42.237090654221845],[-70.91927453744655,42.23687465400895],[-70.91909053825319,42.2367066546839],[-70.91914453745476,42.23630065403232],[-70.91983653738338,42.236351653948766],[-70.9205985385219,42.23607765460768],[-70.92156753860797,42.23586365387118],[-70.9221295381701,42.235628653835676],[-70.92224453887788,42.23534765435466],[-70.92219853811558,42.23507865415354],[-70.92182953860812,42.23467465360893],[-70.92195253873612,42.23415065358318],[-70.92224553901188,42.23349765396214],[-70.92222253859686,42.23299765308679],[-70.92202253882043,42.23244265337925],[-70.92169853821632,42.23197565357565],[-70.9216995381078,42.23163765318001],[-70.92193753850444,42.23127765347947],[-70.9220225386878,42.23097065285653],[-70.92141453780584,42.2305126526625],[-70.92136053782583,42.230211652759806],[-70.92150753779427,42.22989365336548],[-70.92156853855445,42.22941965264905],[-70.92182253841844,42.22933465276918],[-70.92218453847869,42.228819652622796],[-70.9221995388561,42.22846365304135],[-70.92280753891035,42.228187652792954],[-70.92366153824364,42.22802465289655],[-70.92352353849157,42.227675652667465],[-70.92364553865632,42.22747165256612],[-70.92344653904956,42.22672265269543],[-70.92360053914352,42.22648165252514],[-70.92338453799893,42.2260436521823],[-70.92305453836593,42.225738652134034],[-70.9227155382696,42.22564965198599],[-70.9221695382655,42.225735651739285],[-70.9218995386418,42.22615865228809],[-70.92113853819463,42.22591965177931],[-70.92079953736422,42.22592465236097],[-70.92033853802857,42.22607265182919],[-70.91966153707399,42.2260976526281],[-70.91900753662466,42.22631565214555],[-70.91860453697814,42.22626665213663],[-70.9182215368749,42.22582265217272],[-70.91790053722092,42.2256876522437],[-70.9177285366437,42.22582465258963],[-70.91726453644553,42.225829652175726],[-70.91690653661388,42.22598165231785],[-70.91622653660147,42.22585765270629],[-70.91561953643603,42.22583865196163],[-70.91561653598555,42.22566965215277],[-70.91530053575758,42.22547765194414],[-70.91483953564315,42.22539265248906],[-70.91473253610542,42.22520465214471],[-70.9176055351498,42.20606764842193],[-70.92073953558567,42.18516864436252],[-70.92263053526875,42.172565641890145],[-70.92354953569489,42.16646264067924],[-70.92487753540406,42.157588638714],[-70.92460953523387,42.15770763881427],[-70.91413853178813,42.16177864011971],[-70.90250552870589,42.166311641673296],[-70.89351652554082,42.169822642111086],[-70.89029152414594,42.17174464286909],[-70.8876035239987,42.173343642873945],[-70.87073351899629,42.18223864578911],[-70.87024851916188,42.18247964552367],[-70.86785151776141,42.18352064596287],[-70.86143751547549,42.186361646133385],[-70.8608545154088,42.18664164656441],[-70.85216551332725,42.190470648031685],[-70.84649051135071,42.19233064794165],[-70.83886450856637,42.194814649186206],[-70.82701550539208,42.200794650782434],[-70.82827050572854,42.201929650613714],[-70.84080051103246,42.21312665270631],[-70.8480205140331,42.22833165459187],[-70.8489615142021,42.23034665509968],[-70.84941651513516,42.23126665537992],[-70.85338051674499,42.23961565683118],[-70.84115251193525,42.243354658322325],[-70.84124151218349,42.24455465825824],[-70.84795951466367,42.24687265833368],[-70.84930151497178,42.24734765882813],[-70.84850451496845,42.24800665872585],[-70.84825951518944,42.24850165894931],[-70.84821251574748,42.248821658577484],[-70.84826451575273,42.2498066593756],[-70.84822751487505,42.25025465910238],[-70.84831051559371,42.2507086591438],[-70.84849351503671,42.251119658967944],[-70.84885051574723,42.25160565936442],[-70.84893751510094,42.25214865967511],[-70.84869951524685,42.25272565947111],[-70.8482595156692,42.25325465934353],[-70.84756951471228,42.253754660193245],[-70.84729051566192,42.25410965967203],[-70.84715651515089,42.254862660276125],[-70.84701551570546,42.25527266027645],[-70.84647751451793,42.256106660508316],[-70.84532451502646,42.2590186609547],[-70.84486051492578,42.25956066085717],[-70.84462751419139,42.26043466105994],[-70.84522351469637,42.260260661479656],[-70.84560151517032,42.26001766095175],[-70.84659351476533,42.259667660796424],[-70.84714751557199,42.259570660933264],[-70.8470215156651,42.25920466064425],[-70.84717651484502,42.25894466060209],[-70.8475675157828,42.2586446605217],[-70.8479565152306,42.25847166092136],[-70.84813751605684,42.25825766072251],[-70.84897151639781,42.25858966106353],[-70.8495485159464,42.25859266106975],[-70.84985851628745,42.25845166056931],[-70.85013551662422,42.25853766101803],[-70.8502755164665,42.2588896605051],[-70.85068951622247,42.258838660935766],[-70.85146551693683,42.25902866083218],[-70.85191951754813,42.258940660686974],[-70.85206351682942,42.25890866107827]]],[[[-70.88398352646175,42.2510326582816],[-70.88429852767588,42.251558657830785],[-70.88475352756218,42.25143265798493],[-70.88488452686359,42.25103565794266],[-70.88398352646175,42.2510326582816]]],[[[-70.89084352920356,42.25769165909379],[-70.89107452972497,42.25750765875161],[-70.89148952995556,42.25743365935867],[-70.89193653008914,42.25713065945317],[-70.89179353029498,42.25704165893785],[-70.8911525298172,42.25697065932258],[-70.88947752860135,42.25709165885096],[-70.88921252869072,42.2569366592444],[-70.8893065291752,42.25662765866831],[-70.88852152930566,42.25662165937222],[-70.88872552884338,42.25692565947098],[-70.8886095283105,42.2572136594863],[-70.88891352877889,42.25734565958417],[-70.88955052954812,42.257330658992856],[-70.89007452994169,42.2576006588723],[-70.89084352920356,42.25769165909379]]],[[[-70.8841555277161,42.257621659298515],[-70.88400152716197,42.25784965969686],[-70.8841625275488,42.25820665970539],[-70.88447052791928,42.25827865962044],[-70.88547852771536,42.25827065939231],[-70.88580952801367,42.25820265916924],[-70.8861635280761,42.25793965982418],[-70.8866715277262,42.25778765977145],[-70.88675652787927,42.25765065909863],[-70.88618752859468,42.25748965920078],[-70.88434052703961,42.25755065903771],[-70.8841555277161,42.257621659298515]]],[[[-70.8849305279561,42.260572659569256],[-70.88516652751939,42.260757659974644],[-70.88542452758715,42.26038965947872],[-70.88504052792656,42.26038366015247],[-70.8849305279561,42.260572659569256]]],[[[-70.88650752817216,42.26105466005897],[-70.88693852849278,42.261123660426335],[-70.88744852846254,42.26105266038915],[-70.88732152807636,42.260671659637914],[-70.88764352828,42.26058966011941],[-70.88772252927274,42.26030065993857],[-70.88742152824761,42.26018765968285],[-70.88718652855086,42.259832659945694],[-70.88599352824582,42.25991465946767],[-70.88568452819433,42.26024865970103],[-70.88569252767827,42.26060466039336],[-70.88604552872522,42.26098565978441],[-70.88650752817216,42.26105466005897]]]]},"properties":{"municipality":"Hingham"}},
{"type":"Feature","geometry":{"type":"MultiPolygon","coordinates":[[[[-70.74918990566734,42.1650071959928],[-70.74891747721027,42.16521764597261],[-70.74858047779787,42.16514564642584],[-70.74784747696101,42.164756646374535],[-70.74746947775228,42.16440364617846],[-70.74655347638297,42.163083645407035],[-70.74633047677747,42.16252064525286],[-70.74606247673509,42.1622646455465],[-70.74507347666052,42.16179164529641],[-70.7439844760753,42.16154064571334],[-70.74255847518606,42.161389645121304],[-70.74139847529918,42.16169664515801],[-70.74119947554442,42.161978645363476],[-70.74039447464418,42.16251864562006],[-70.74012647502744,42.16284964562069],[-70.73922247418433,42.16329164571406],[-70.73837247472905,42.163609645851444],[-70.7376614742561,42.163819646209795],[-70.73689747417708,42.163658646498035],[-70.73594547398874,42.163742645993295],[-70.73557847293226,42.16355764572867],[-70.73520447361169,42.16323664580293],[-70.73507947353883,42.162840646015106],[-70.73476347353751,42.16266764555659],[-70.73462247234696,42.162226646094425],[-70.73395847214677,42.16185664603458],[-70.73321547272953,42.16207464592425],[-70.73278547235395,42.16237164572449],[-70.73265847254343,42.163209646605125],[-70.73242647273867,42.16339464590183],[-70.73231347257925,42.163838646448355],[-70.73203347187751,42.16423364596702],[-70.73137147230484,42.164740646637924],[-70.73115847257877,42.16513464633372],[-70.73067847223531,42.16540764630468],[-70.73051347201498,42.165604646394996],[-70.72999847189126,42.165716646812804],[-70.72986647121077,42.16596364700047],[-70.72925247157724,42.16617464678253],[-70.72898947137878,42.166631646788666],[-70.72837747102277,42.167014647238425],[-70.72789347114978,42.166880647364],[-70.72724647094583,42.167165647115795],[-70.72533447024414,42.16729464752961],[-70.72520247001496,42.167405647381734],[-70.72518847066077,42.167799647328756],[-70.72547647054405,42.1685006476695],[-70.72587647088038,42.168671647707335],[-70.72770847082192,42.16890064777623],[-70.72800747093588,42.168752647062334],[-70.72808847091592,42.16849364707537],[-70.7288694713806,42.16835564708365],[-70.72994847150441,42.16804464735475],[-70.730615471991,42.16827664687414],[-70.73091747241958,42.16865764683611],[-70.73214847208801,42.17085864785999],[-70.73295547289885,42.17197664795032],[-70.73295647268783,42.172235647784454],[-70.73320647269578,42.17228464759226],[-70.73332147342327,42.17200064740219],[-70.73286647329341,42.171275647620014],[-70.73284747236492,42.17089364781097],[-70.73306147347166,42.17065864714717],[-70.73362547334771,42.17042364779388],[-70.73382747325927,42.17070564793319],[-70.73333147289021,42.17107664765627],[-70.73331747261699,42.17142164748466],[-70.73351947293723,42.17185264756646],[-70.73370347342849,42.17201164804999],[-70.73363947348669,42.17233264805044],[-70.73390847322906,42.17250364796605],[-70.7337624734872,42.173021648082624],[-70.73353047320938,42.17313264816052],[-70.73358247377514,42.173415648158176],[-70.73388347332848,42.17372264785842],[-70.73450047344564,42.173844648381056],[-70.73481547415746,42.17379464778039],[-70.73548347428328,42.17403864814546],[-70.73591847411983,42.17443164825683],[-70.73607247430719,42.17496064868835],[-70.73639047376223,42.17519364819202],[-70.73678847400002,42.17502064832681],[-70.73761847469996,42.174820648418894],[-70.73836947435692,42.1751266484678],[-70.73878747527421,42.175408648646695],[-70.7388064751043,42.17570464851433],[-70.73790447500834,42.175213648567],[-70.73735447468005,42.17514164833926],[-70.73688947395416,42.1752786486923],[-70.73679247460487,42.17562364810914],[-70.73624347455042,42.175649648395364],[-70.7357954745229,42.175774648807625],[-70.7355584738745,42.17523264837599],[-70.7353914737553,42.17515964851956],[-70.73439247334872,42.1749896480892],[-70.73389147393459,42.17476964865992],[-70.73368747274117,42.17422864791124],[-70.73298147307807,42.17335664795702],[-70.73272847297501,42.17281464765375],[-70.73220747247933,42.17217664816622],[-70.73213847242782,42.17183164818493],[-70.73162047261512,42.171426648089096],[-70.7313324719292,42.17070064788747],[-70.73064247202646,42.16974264759183],[-70.73048847252235,42.16912664735691],[-70.73011847188377,42.16861064702047],[-70.72966947186575,42.16851364742891],[-70.72943647153495,42.168563647408774],[-70.72882447087414,42.16902064718224],[-70.72801147121241,42.169355647438344],[-70.72764547118675,42.169430647663226],[-70.72569847083831,42.16926364787118],[-70.72493147038196,42.16900764725369],[-70.72440947015102,42.168171647361206],[-70.72438846997889,42.16761664707602],[-70.72390546988775,42.167255647338486],[-70.7232444689251,42.16731564688814],[-70.72256146912594,42.16718864753607],[-70.72202046881013,42.16729764758317],[-70.72195746883597,42.167510647037915],[-70.72169346941043,42.1676746473878],[-70.72160646929278,42.16800664768087],[-70.72089346919091,42.16863364764793],[-70.72073646841218,42.16898864728909],[-70.72111046873923,42.16921964773723],[-70.7216324687192,42.16915364784226],[-70.72207546979833,42.169200647254485],[-70.7226414695502,42.16951264768755],[-70.72250046935406,42.16959464801116],[-70.72188746891824,42.169418648009064],[-70.72163446956813,42.16957964728414],[-70.72126746933728,42.169632647392824],[-70.72115246877708,42.16942864752797],[-70.72073346909772,42.169369647567386],[-70.72044402592984,42.168971510941034],[-70.72035528422657,42.168375362356024],[-70.72103692555656,42.16686490513625],[-70.7203064689632,42.166630646997326],[-70.71947946822871,42.16630164758239],[-70.71872646770093,42.166085646957356],[-70.71794046752778,42.16598064730848],[-70.71684446697782,42.16619264705483],[-70.71646346692971,42.166686647361836],[-70.71592646708193,42.1672436476925],[-70.71559946715837,42.16780064726396],[-70.7155224668683,42.168146648083436],[-70.71546746737285,42.16948364799279],[-70.71584946670127,42.17109664825698],[-70.71591346748939,42.17194464796076],[-70.71580746721477,42.17222064815459],[-70.71553146736079,42.17243264812294],[-70.71514946705126,42.172517648814505],[-70.71512846728183,42.173175648774595],[-70.71502246678286,42.17347264886977],[-70.71447046742485,42.17391764864163],[-70.71453446727082,42.17586964875688],[-70.71481046767644,42.176929649718744],[-70.71529846775023,42.17792664921615],[-70.71542546802785,42.179030649520115],[-70.71576446721826,42.179921649990504],[-70.71616746757996,42.18053665015019],[-70.7164434676001,42.180812649989285],[-70.71792846911383,42.18267365076526],[-70.71824646918216,42.183150650542025],[-70.71845946919719,42.183819650524164],[-70.71881946924923,42.18429665025414],[-70.71912846973677,42.18482865038547],[-70.71924046956019,42.185376651113245],[-70.71929646972444,42.18620665080352],[-70.71922646873169,42.187711651447906],[-70.71908546941232,42.188386651078574],[-70.7187484690566,42.18892165136768],[-70.71828446889107,42.18939965122678],[-70.71794646961962,42.189624651225294],[-70.71696246860726,42.18942765189765],[-70.71639946800252,42.1894136517706],[-70.71582246802315,42.18968065133356],[-70.71545746776859,42.1901166519804],[-70.71533046869901,42.190707652214265],[-70.71541646792886,42.19107065165193],[-70.71596446825532,42.19223765196462],[-70.71629146913398,42.19318865272385],[-70.71638746854406,42.193668652894964],[-70.71640646910629,42.195061653047446],[-70.7162524689107,42.196300652557326],[-70.71607946830125,42.19684765303337],[-70.7155324686071,42.19724165286185],[-70.71505246835689,42.19734765316528],[-70.71443746880041,42.197808653471405],[-70.71421646864665,42.19818265322923],[-70.71418746849724,42.19844165325651],[-70.71438946860688,42.199603653278636],[-70.71459146910416,42.19992065346152],[-70.7148854687055,42.20012165403193],[-70.71569646941681,42.20040965356454],[-70.71599946905987,42.20063065359856],[-70.71626446916245,42.20099265372406],[-70.71651546972946,42.20088865429814],[-70.71829846979348,42.19977665382099],[-70.71864347000336,42.199728653401365],[-70.71901847013953,42.19946965328677],[-70.71908546971449,42.199104653096235],[-70.71926846976272,42.198998653262166],[-70.7195464694853,42.1992006538795],[-70.71970947066592,42.19901865331606],[-70.7192774694188,42.19870165378397],[-70.71955646962653,42.19820165318878],[-70.72011346977878,42.19805765343955],[-70.72088147024489,42.19798065286094],[-70.72232247055463,42.19776065335987],[-70.7225234707148,42.19757765316339],[-70.72244747146868,42.197337652581105],[-70.72172847115334,42.1964926528606],[-70.7215244700521,42.19635765282624],[-70.72113147000893,42.19570065275527],[-70.72094747094141,42.19563765303237],[-70.72036347011306,42.19573565284003],[-70.7193094703695,42.196061652412],[-70.71823346930557,42.19592465268549],[-70.71811746928849,42.195638653259174],[-70.71816346986543,42.19532965306867],[-70.7179864692485,42.195038653105094],[-70.71841746889183,42.19494665286598],[-70.71920146984563,42.19428865274708],[-70.7195394703945,42.19394565249001],[-70.7204304695658,42.19333965211559],[-70.72154547028734,42.193436652602244],[-70.72159146982713,42.19308165237611],[-70.7212534698132,42.192881652032476],[-70.72114547018782,42.19264165183554],[-70.72134547053021,42.19239565234385],[-70.72122947006432,42.19186965163657],[-70.72162147081865,42.19141265176197],[-70.72154447035861,42.19117165217649],[-70.72109847033741,42.191086652263515],[-70.721067469985,42.19080065208868],[-70.72065947041123,42.19057165144599],[-70.7207674703657,42.19033765148989],[-70.7212984703254,42.19074365133332],[-70.72214447050342,42.191297652205904],[-70.72229747086939,42.19096065215354],[-70.7219974704256,42.1905256520056],[-70.72164346980342,42.189759651340026],[-70.72138946976136,42.18944565122919],[-70.72097446995821,42.18933665175789],[-70.72056646947989,42.189119651371506],[-70.72039747037853,42.18886865122067],[-70.72046646968153,42.18830765153925],[-70.72064346959348,42.18805665116606],[-70.7208894699434,42.18884565121735],[-70.72107446945512,42.189085651725016],[-70.72175147055019,42.18937065135936],[-70.72235147070492,42.190028651475544],[-70.72295047080249,42.18986265117655],[-70.72313547116642,42.189587651220315],[-70.72342747043173,42.1895646512725],[-70.72313547094952,42.18999365146204],[-70.72275047030855,42.1902396520218],[-70.72265847079103,42.190582651884235],[-70.72297447103318,42.19105765208529],[-70.72289747050557,42.19124565202683],[-70.72240547113309,42.19183465236429],[-70.72210646995151,42.19205265230197],[-70.72160646994988,42.19208165190788],[-70.7215294698232,42.19239565253088],[-70.72202947082839,42.19283565233696],[-70.72213747119389,42.193264652224755],[-70.72239147118466,42.19325865222902],[-70.72266847034439,42.19304165219567],[-70.72319047035695,42.192858652355135],[-70.72401347120721,42.19281765194931],[-70.72419047184924,42.192743652435624],[-70.72511347104954,42.192874651706596],[-70.72565147121517,42.19276065224008],[-70.72574347161415,42.192885652412485],[-70.72472847185563,42.19314965178146],[-70.7235294710077,42.193584652647054],[-70.72329147054299,42.19374465235472],[-70.72304547143091,42.19419665232978],[-70.72303847112265,42.194602652554934],[-70.72313847081668,42.19499665290948],[-70.72387647143586,42.19518565238597],[-70.72378547100398,42.19616865279037],[-70.72343147072638,42.19650565257109],[-70.72353147114201,42.1967636526215],[-70.72413947159045,42.196797652709186],[-70.72437747153528,42.19692865261445],[-70.7246774710905,42.19732365332242],[-70.72493947176807,42.19743165288268],[-70.72503947207055,42.197660653224965],[-70.72467047208366,42.19776365308255],[-70.72474747162954,42.1979746533723],[-70.72510847239981,42.197940652955495],[-70.72517847176171,42.19816965305626],[-70.72547047144546,42.198363653215324],[-70.72580147233163,42.198346652724055],[-70.7260014721616,42.19871265357678],[-70.72646247220798,42.199203653479394],[-70.72674747295362,42.19938665311182],[-70.72663247193204,42.19978165294576],[-70.72668647220868,42.20072465382307],[-70.7259494718436,42.20149065404221],[-70.72478047244158,42.20226365373718],[-70.72376247154344,42.20262965366922],[-70.72357047204021,42.203128653868056],[-70.72357047136558,42.203531654087435],[-70.72381047137982,42.203925654306396],[-70.72397447132047,42.20474165406959],[-70.72390647194823,42.205567654539486],[-70.72345547120861,42.206422654296304],[-70.72305247219482,42.206787654837335],[-70.72253347137789,42.207094654695105],[-70.72191847075757,42.20723865486322],[-70.72134247078718,42.207267654487616],[-70.71928747060191,42.20687465467893],[-70.71900847044735,42.20667265522221],[-70.71859546983362,42.206086655126846],[-70.718202470254,42.20564465480868],[-70.71758746947002,42.205164654578255],[-70.71659346927068,42.204619654298206],[-70.71605046868133,42.20448565433368],[-70.71525746914867,42.204446654249665],[-70.71546546866716,42.205385655029446],[-70.71566646920485,42.20595265448809],[-70.71610846894968,42.2068166547405],[-70.71640646993444,42.20721965512245],[-70.71692446932425,42.20775765498491],[-70.71754947000348,42.20827665567243],[-70.71794247045378,42.20850665494378],[-70.71878847058923,42.20877565570725],[-70.71925847034623,42.208746655187326],[-70.71956547096985,42.208631655189606],[-70.72062247035775,42.207872655488636],[-70.72151547082515,42.20796865464645],[-70.72195747188964,42.20810365503414],[-70.72274447200883,42.20847765481806],[-70.72388747220285,42.20922665494363],[-70.72518447306417,42.20983665502356],[-70.72606747273016,42.21012465523966],[-70.72781547389344,42.2104086553772],[-70.72920847387476,42.21085965543488],[-70.73014947445219,42.21119565520421],[-70.73119647442132,42.211618655259],[-70.73215647495367,42.212146655508334],[-70.73352047527871,42.21302065543458],[-70.73417347516558,42.213539655415325],[-70.73445347565016,42.21385365604657],[-70.73529547579031,42.214427656177975],[-70.7359724766477,42.21501665579494],[-70.73666547685633,42.21576265647589],[-70.7379144775841,42.21730565656584],[-70.73862547723193,42.217912656378594],[-70.74025547810892,42.21890065687823],[-70.74103047824687,42.219243656927326],[-70.7433064793342,42.21977265699281],[-70.74500647996658,42.22035765712409],[-70.74528547981642,42.220520656748285],[-70.74580747983615,42.220578656505694],[-70.74658448042939,42.22086965699221],[-70.74723148042554,42.22130965721376],[-70.74837948114387,42.22272165730356],[-70.74894148123857,42.22327065743691],[-70.7494864817583,42.223269657478646],[-70.75008848097637,42.22403965741998],[-70.75056448168753,42.22448665701687],[-70.75163348206917,42.22522765700821],[-70.75226348223332,42.225595657587704],[-70.7530554831127,42.22616865720581],[-70.75402448305557,42.22704165800334],[-70.75455448266024,42.22764965751148],[-70.75482348338448,42.22807365802674],[-70.75636048433952,42.22982865833431],[-70.75752148429301,42.23152665825672],[-70.75758948404518,42.231687658681],[-70.75901148541615,42.233809659034556],[-70.75944948493235,42.23492865882236],[-70.76002548561708,42.23618065885183],[-70.76037848521557,42.23729165970044],[-70.76053948554964,42.23863366013954],[-70.76055448582191,42.23940565953469],[-70.76065348618893,42.240615659749906],[-70.76029948561441,42.24105266029522],[-70.7606834858083,42.24124966038005],[-70.76111448579627,42.24105365972456],[-70.76154548632125,42.24129966031067],[-70.76142248647031,42.24172866055084],[-70.76095948632756,42.24198366050921],[-70.76103648604398,42.24212666019382],[-70.76157548686838,42.24243366013943],[-70.76173648687623,42.24270166000803],[-70.76199848674678,42.2425306606915],[-70.76258348699712,42.242445659912505],[-70.76268348697388,42.24206066047042],[-70.76302948679152,42.24203766041368],[-70.76319148734738,42.24221566008246],[-70.76400648715227,42.242751660375454],[-70.76468448736638,42.243386660251645],[-70.76514448817001,42.243936660185106],[-70.76539048782932,42.244131660505026],[-70.76515948730389,42.24442266068149],[-70.76506748800333,42.2448386604116],[-70.76532048765237,42.24535266125187],[-70.7651044872138,42.245531661310046],[-70.76512748807887,42.245904660774436],[-70.76496648805887,42.24611866105509],[-70.76505848717424,42.246437660928244],[-70.7652964873207,42.246555661333915],[-70.76495748751213,42.24700666119978],[-70.76518048774346,42.24726366089063],[-70.76487248820816,42.247768660981095],[-70.76446448736586,42.24792766094224],[-70.764064487953,42.248258661700305],[-70.76397948798349,42.24853866134218],[-70.7640874870598,42.24874866122832],[-70.7635944877022,42.24922466144068],[-70.76351748797487,42.249464661634924],[-70.76358648739415,42.24990466189077],[-70.76336148686607,42.25011566175349],[-70.76331148678534,42.25054866191042],[-70.76356548724006,42.25074266191857],[-70.76330448717023,42.25107966181858],[-70.76379648730202,42.25113066240632],[-70.76422748779775,42.25102066150108],[-70.76465848740504,42.251022662104354],[-70.76505848752183,42.25088666231047],[-70.76578948796228,42.25082966229108],[-70.76618248837367,42.25086466162445],[-70.7668364881029,42.250719662179144],[-70.7675214888981,42.25077666173071],[-70.76799848945087,42.251205661885926],[-70.76780548934904,42.25155566231879],[-70.76805948952558,42.25180766240648],[-70.76763648881274,42.251904662188736],[-70.76748948925058,42.25213666181319],[-70.76751248881827,42.2525776622694],[-70.76722748866476,42.25311766228151],[-70.76672648815739,42.25375166244234],[-70.76689548851141,42.25402366223008],[-70.76734248940934,42.25419666200624],[-70.76783448928683,42.25399066260243],[-70.76838048925303,42.254126662058354],[-70.76889648922739,42.25395166271252],[-70.76931249005183,42.25402666250389],[-70.76909649006477,42.25429566250478],[-70.76933548991397,42.25445366220277],[-70.76974348954545,42.25407366224537],[-70.76972048916875,42.25362366184754],[-70.76997449016564,42.25339066256429],[-70.77045149003689,42.253306662257984],[-70.7708674901288,42.25298466167451],[-70.77132148982163,42.25305466191613],[-70.77166749007381,42.25326566219783],[-70.77177549083817,42.2538446623565],[-70.77199049038884,42.25396266193121],[-70.7723134899193,42.25384966258529],[-70.77216049011258,42.2535366623275],[-70.77252949109648,42.2533596622549],[-70.77266049079094,42.25283166204869],[-70.77190749002297,42.25236966227039],[-70.77142249027142,42.2517556620235],[-70.77112249056795,42.251035661490825],[-70.77108448962754,42.25063066173697],[-70.77057648961237,42.2501656614095],[-70.77057349025644,42.24977466155422],[-70.77073548939399,42.249420661058636],[-70.77118148961169,42.24927466124856],[-70.77122048982655,42.249147661323235],[-70.77066649009491,42.24863366120919],[-70.77064348969984,42.24830066141834],[-70.77106048916295,42.24760966075954],[-70.77081348972024,42.2471676613097],[-70.76978248974818,42.2468956611436],[-70.76957548880696,42.24672366103197],[-70.76962948887022,42.24649266057064],[-70.77006748960208,42.246476660951146],[-70.7702904895565,42.246820660542795],[-70.77066848969731,42.24678766067929],[-70.7709984891813,42.246579660580394],[-70.77143748998358,42.24665366110254],[-70.7716914905173,42.24682166052828],[-70.77224549047034,42.246384661125106],[-70.77253749045474,42.24664166062159],[-70.77263848967215,42.24624366049007],[-70.77237649055205,42.24592766083219],[-70.77255448995926,42.245546660848404],[-70.77203049013691,42.245041660388985],[-70.77191548981142,42.24472866061576],[-70.77194648924379,42.24417366080047],[-70.77165448996834,42.24370566031047],[-70.77174748993907,42.242776660265285],[-70.77198649009932,42.24213765958191],[-70.77230148931547,42.24211065988725],[-70.77278648977305,42.24161665961376],[-70.77243349035753,42.24119465954176],[-70.77195548935867,42.241215659616074],[-70.77202548929432,42.24152465944395],[-70.77184049017661,42.24162265955531],[-70.77158648999271,42.24124365988023],[-70.77165648939636,42.24087765942234],[-70.77230248918826,42.24071965965773],[-70.7727874896446,42.24074765992281],[-70.7728794898042,42.240426659916935],[-70.77321848978973,42.240475659255296],[-70.77356448956148,42.23998365925393],[-70.77382649062127,42.23974065959569],[-70.77379549055755,42.23950265934373],[-70.77338049013765,42.239130659569],[-70.77368849066428,42.238783659462676],[-70.77325848957398,42.238502659089406],[-70.77348049034114,42.23830565885373],[-70.77384248979881,42.238686659524745],[-70.77401149052831,42.239431659602126],[-70.77419649065322,42.23953765983756],[-70.7747034899721,42.23949765934866],[-70.77533449026811,42.23977165913771],[-70.77579649108345,42.23952165963342],[-70.77631149141136,42.239652659573224],[-70.77667349104789,42.23956165959298],[-70.77670449160019,42.23981765935733],[-70.77588049122859,42.239772659542076],[-70.77570349088143,42.24018465973368],[-70.77633449123547,42.240607659916876],[-70.77614949079373,42.24075465943669],[-70.77557249040889,42.24037165962863],[-70.77507249058537,42.24038865966893],[-70.77455749103854,42.240670659506094],[-70.77449549026966,42.24091965990133],[-70.77501849050839,42.241762659740395],[-70.77508749093538,42.24196865949213],[-70.77550249146667,42.24219665980995],[-70.77633349174386,42.2424536598503],[-70.77682549108758,42.24286066043157],[-70.77838049176323,42.2426336597222],[-70.77955749218982,42.242367659640045],[-70.7808654929773,42.24237865961243],[-70.78296649276281,42.24232765934942],[-70.78354349382839,42.24253065951916],[-70.7842974942844,42.24226665990756],[-70.78514449414558,42.24236565954358],[-70.78579749417167,42.24359865981817],[-70.78548249395405,42.24243265984213],[-70.78557449460362,42.24212965949189],[-70.78582949482141,42.241959659227575],[-70.78603649471621,42.24157365925548],[-70.78663749417531,42.24111765930699],[-70.78728349409897,42.240896659370335],[-70.78791449520095,42.240404659213326],[-70.78852249455328,42.240025658646935],[-70.78843049472998,42.23986065894917],[-70.78776849434577,42.23978565930041],[-70.7870994943608,42.240025659246974],[-70.78668349485467,42.24004065924545],[-70.78559849368706,42.240391659483016],[-70.78492949431835,42.240770659028804],[-70.78451349427529,42.24075065978277],[-70.78402849364562,42.240924659001294],[-70.78357449294225,42.24091365943774],[-70.7827904930632,42.24063765913398],[-70.78279049312691,42.24046665901527],[-70.78315849299004,42.24025565911579],[-70.78320649379826,42.23940165955253],[-70.78358249344681,42.23889965866406],[-70.7835574928608,42.23862365873208],[-70.78373349339606,42.23820965878623],[-70.78345649367309,42.23795965868707],[-70.78372949370191,42.23769065866061],[-70.78338749357063,42.237388659146],[-70.78268549294134,42.23709865891669],[-70.78208249298827,42.236616659051336],[-70.78203949238423,42.23637765866873],[-70.78333149307647,42.23547165816657],[-70.78451449354982,42.23470165775699],[-70.78645149418566,42.234114657929375],[-70.78658449358201,42.234109657740156],[-70.78673949432716,42.23370865836743],[-70.7871634942204,42.23326565821547],[-70.7871014936471,42.2330726576465],[-70.78818649421044,42.23233565720513],[-70.7882554948136,42.231947657949426],[-70.78808649477561,42.23149065757877],[-70.78810949415178,42.231188657354444],[-70.7883714943216,42.230864657683405],[-70.78837949426664,42.230607657578105],[-70.78798749369435,42.22974465686261],[-70.78777949416174,42.22970765722126],[-70.7871104938693,42.229799657458386],[-70.78607149325657,42.2296896569237],[-70.78579449389343,42.22991865753006],[-70.78548649400932,42.22979265730739],[-70.78543349362391,42.22925765681891],[-70.78507949350647,42.22834065692742],[-70.78461849352719,42.22828865660034],[-70.78433349302502,42.228365657155386],[-70.78419549258493,42.22806565685273],[-70.78414949253612,42.227404656874455],[-70.7849104936228,42.22763565700137],[-70.78562649396021,42.22737765700398],[-70.7854644929169,42.22689765710629],[-70.7854414931456,42.22645265687248],[-70.78484949306448,42.226200656122245],[-70.78407249313835,42.22619465637703],[-70.78324249292638,42.22591065623884],[-70.7826964920357,42.225418656500956],[-70.78248049267916,42.225399656933135],[-70.78203449170714,42.2256406565872],[-70.77994249126498,42.225637656646235],[-70.77911149054705,42.22575365707776],[-70.77901149063649,42.22554865638943],[-70.77918849143012,42.22532065638418],[-70.77974949090071,42.22496965640927],[-70.78058849170972,42.22482165683711],[-70.77995049097463,42.224673656780546],[-70.77964949106959,42.22474165628941],[-70.77870349119517,42.22518865672805],[-70.7779494907062,42.225425656958535],[-70.77775749045075,42.22520265655949],[-70.7783264906835,42.22513565619229],[-70.77901149156592,42.224769656647474],[-70.77916649121016,42.224600656053454],[-70.77894249060066,42.224238656402385],[-70.77918849056923,42.22391965632632],[-70.77915049065707,42.22346565576915],[-70.77940449095243,42.223146655946735],[-70.77919649048239,42.22288865586965],[-70.77952749114328,42.222833655911984],[-70.77968949114744,42.223340656042716],[-70.77957349146344,42.22357665666866],[-70.7796584911361,42.2239216558775],[-70.77959049182967,42.224186655984155],[-70.78007049197753,42.22421965663119],[-70.7803904908956,42.22406865621628],[-70.78053849099949,42.22351165629671],[-70.78067649167343,42.22343665644803],[-70.78112849145568,42.223899656484505],[-70.78052149148417,42.224310656714046],[-70.78077049167197,42.22452165623493],[-70.7816814914861,42.22485565675417],[-70.7820344925579,42.2247826562948],[-70.78277349192751,42.22449765667195],[-70.78260749248305,42.22425665637642],[-70.78368349231569,42.22422565647382],[-70.7837194921944,42.22446965586762],[-70.78334349214488,42.22444465595917],[-70.7832054922184,42.22479565667396],[-70.78377449324147,42.22527765623243],[-70.78414949319071,42.22526165621357],[-70.78501419222488,42.22543715603619],[-70.78508149261245,42.22528465617716],[-70.78561549301334,42.22509865653526],[-70.78638249316712,42.225285656322185],[-70.78695449320982,42.22582965646989],[-70.78816749356804,42.225839656453346],[-70.78893749467237,42.225483656162154],[-70.78887049376073,42.22475165630948],[-70.78862849375808,42.223744655644694],[-70.7882384938926,42.22331565612096],[-70.78863849471134,42.22310965578612],[-70.7924234947825,42.22090865554579],[-70.79369749581359,42.220207655369144],[-70.7941974962236,42.21987765481648],[-70.79763149712343,42.217880654971374],[-70.80541249903062,42.21330965359307],[-70.80784749942129,42.2118916532247],[-70.8127695012062,42.20907865224378],[-70.82701550539208,42.200794650782434],[-70.83886450856637,42.194814649186206],[-70.83376150709115,42.19494864893574],[-70.82623350490063,42.195096649252285],[-70.81350250046732,42.19538065003116],[-70.80268549697747,42.19188564938054],[-70.80120849605501,42.19139264913896],[-70.79707949517253,42.19009364892337],[-70.78945249215815,42.18762164949296],[-70.78300049027422,42.18554164884654],[-70.77786448892726,42.18386264906357],[-70.77142248554404,42.17884864820422],[-70.75423447907485,42.165470645900825],[-70.75267347909315,42.16419964532822],[-70.7523944792394,42.16394564539791],[-70.75026547882015,42.16489864625206],[-70.74981647805893,42.16502364582302],[-70.74918990566734,42.1650071959928]]],[[[-70.67777345188728,42.126865640728504],[-70.67807145268333,42.12714464121564],[-70.67907845301787,42.12788264083545],[-70.67993845346808,42.12873464078267],[-70.68043745286482,42.12946664117565],[-70.68180445379578,42.131232641454886],[-70.68387045428157,42.13384564241544],[-70.68474745538452,42.13487664195325],[-70.68519245507979,42.13534964247336],[-70.6856374549389,42.135715642677646],[-70.68629845559356,42.136390642644194],[-70.68698945542339,42.13716864255882],[-70.6874124564046,42.13777464262238],[-70.68842645690995,42.13909464321273],[-70.69047745703806,42.14199364327542],[-70.69120045766654,42.1430856434719],[-70.69186845740491,42.14400664340354],[-70.69195345851749,42.14418964402226],[-70.69333645893201,42.14609864413859],[-70.69506545863328,42.14868364476463],[-70.69583445908911,42.15004964522633],[-70.69637946000128,42.15081564469527],[-70.69720245996594,42.15178264538251],[-70.69797045980008,42.15283964515995],[-70.69847746098338,42.153474645701074],[-70.69985346111682,42.15572164575381],[-70.70046846106723,42.1566366460553],[-70.70093046173793,42.15741964616848],[-70.70166046151249,42.15847164652537],[-70.7019524625524,42.15902064668384],[-70.70262146257437,42.160020646253294],[-70.70320546304376,42.16049564694036],[-70.70372846323373,42.16060964688892],[-70.70445046268462,42.160569646374775],[-70.70488846365122,42.161392646564366],[-70.70460446292553,42.16174164634841],[-70.70465846306762,42.16255864656309],[-70.70402846354682,42.16311964663818],[-70.70406746252301,42.16341664727414],[-70.7043364627782,42.16367964714735],[-70.70484346379924,42.16391964748559],[-70.70529746290515,42.16425764698183],[-70.7057124639572,42.16437764693805],[-70.70624246334455,42.16421664690036],[-70.7065344644364,42.16400564682054],[-70.70720246391777,42.16330164729521],[-70.70762546409584,42.162638646400275],[-70.70803946475904,42.161426646312655],[-70.70856946447398,42.1611066461369],[-70.70989146473788,42.161111646766585],[-70.71065246440767,42.160871646776656],[-70.71104446542392,42.160556646219554],[-70.71152846562863,42.160470645902556],[-70.71205046551198,42.16009864606116],[-70.7121424654413,42.15963064625277],[-70.71204246492198,42.15930964624022],[-70.71162746475156,42.15858064578982],[-70.71094846492909,42.1582596454629],[-70.71058046430397,42.15733664596511],[-70.70982046415621,42.15733764562327],[-70.7094924648757,42.15755964577824],[-70.70833746419241,42.15766264545576],[-70.70797646346891,42.15789864616863],[-70.70771446352022,42.158193645839816],[-70.70701946390564,42.158196646434185],[-70.70673746350577,42.15803764601894],[-70.70635546395161,42.15758164572255],[-70.70565846349751,42.15702864562288],[-70.7053254631223,42.15659864580471],[-70.7046454624321,42.15611964552924],[-70.70368746271173,42.15595064567898],[-70.70294646223657,42.15561264604963],[-70.70269946206217,42.15536164576203],[-70.70245646215912,42.15489964525088],[-70.70219846161902,42.15463564541467],[-70.70175146212986,42.15399264511756],[-70.7012814620037,42.153542645446116],[-70.70058346123231,42.15311064559785],[-70.69849846051335,42.149565644740896],[-70.69806546008105,42.14897464407386],[-70.69778246033934,42.14827364457168],[-70.69663245954476,42.14653864428745],[-70.69636145937305,42.14484964355392],[-70.69645545894859,42.144035643972316],[-70.69640445888476,42.143751643811974],[-70.69589245914977,42.143324643430354],[-70.69598845900973,42.142701643292654],[-70.69561345885617,42.142380643442095],[-70.6953354587731,42.14239264293614],[-70.69491245824003,42.14184864300391],[-70.69472645928418,42.14137664275882],[-70.693833457773,42.13997564267471],[-70.69342845787716,42.13994464337213],[-70.69337045858349,42.13970164314792],[-70.69310645802315,42.13949064268665],[-70.69302545842469,42.13920664284685],[-70.69256345768032,42.13866064297304],[-70.69227745766685,42.138029642896875],[-70.69223345724593,42.137618642241996],[-70.69255645714568,42.13739664234047],[-70.6923834573224,42.13706464209046],[-70.69204045733322,42.13717364257293],[-70.69189545726361,42.136681642053766],[-70.69179945723899,42.13603864227416],[-70.69148845741826,42.13536964221301],[-70.69097645684454,42.13494764168845],[-70.69026545715093,42.13466164175091],[-70.69005145703217,42.13440064188155],[-70.68887745662323,42.1337906415788],[-70.6881494556997,42.1335036418158],[-70.68743845579398,42.13305564158447],[-70.68734045600151,42.13288164213323],[-70.68757845535525,42.13215864155093],[-70.68759545544845,42.131836641893294],[-70.68721745599716,42.131264641489395],[-70.68703245551438,42.13078464105941],[-70.68680545538038,42.13048364137275],[-70.68634345543309,42.13023464129962],[-70.68606245552284,42.129911640811315],[-70.68586645539561,42.12951564105535],[-70.68543745516195,42.12916764135658],[-70.6848744548836,42.12891864104124],[-70.68401245497677,42.12770964058369],[-70.68366845469933,42.12702764066746],[-70.68296545348265,42.126500640352724],[-70.68260245338526,42.12602964026642],[-70.68260645365494,42.12536264025626],[-70.680049453444,42.126350640634016],[-70.67990045332242,42.12612864041567],[-70.67777345188728,42.126865640728504]]],[[[-70.7054344623358,42.15367964497666],[-70.70553046251283,42.154649645817905],[-70.70647046331526,42.155504645805685],[-70.70848446453508,42.156221645339535],[-70.70885046381147,42.156285645272824],[-70.70904046389452,42.156110645803125],[-70.70918346380854,42.15571364510261],[-70.70904046426037,42.15547564519093],[-70.70897746408767,42.154649645643154],[-70.70910446449527,42.154236645133686],[-70.70946946404689,42.15388664510876],[-70.70910346358758,42.15345764489855],[-70.70843646444452,42.15318764472869],[-70.70762646325576,42.153076644929456],[-70.70600646327168,42.15306064513333],[-70.70541846291277,42.15301264514725],[-70.7054344623358,42.15367964497666]]],[[[-70.69751245996628,42.144150643203545],[-70.69724945972779,42.14438664377265],[-70.6970754597843,42.145520644132304],[-70.69709445942073,42.145803643608474],[-70.69766446040425,42.146725644395524],[-70.69813446049753,42.147599644192994],[-70.69859946035264,42.14780664398266],[-70.69937446114571,42.14744664401902],[-70.69993346128932,42.146988643877],[-70.70001546068231,42.146791644209245],[-70.7000254603273,42.14599064407661],[-70.69987246049774,42.14547364393257],[-70.69963746081224,42.14505564388807],[-70.69938746017344,42.144834643351075],[-70.6985734597102,42.14445564366536],[-70.6976774600131,42.14415064323758],[-70.69751245996628,42.144150643203545]]],[[[-70.75134948315096,42.24130666081459],[-70.7512034825506,42.24177366033776],[-70.7516184834624,42.242207660464715],[-70.75235748288867,42.242246660847655],[-70.75268848384178,42.24203466078464],[-70.75244948341509,42.24169566087851],[-70.75299648307248,42.24183166019235],[-70.75277348342419,42.24225766073633],[-70.75299548391294,42.242614660413324],[-70.75339548384883,42.242707660822724],[-70.75361048357014,42.242587660566194],[-70.75371148422046,42.242009660449845],[-70.75356548314194,42.24166066064293],[-70.75361248350406,42.24140266020464],[-70.75313548316802,42.24111766007154],[-70.75279648393322,42.24109166073568],[-70.75248148344583,42.24134866051346],[-70.75206548357752,42.241178660369805],[-70.75134948315096,42.24130666081459]]],[[[-70.76803948977131,42.25797266358102],[-70.76835548894324,42.257832663050365],[-70.76888648912632,42.25789266272873],[-70.76942548977655,42.2575956631492],[-70.76975648985106,42.25682066278229],[-70.77031849055777,42.25649266287389],[-70.77031849028957,42.25634766280627],[-70.76908748910294,42.256583663236675],[-70.76867248941628,42.25643666248588],[-70.76843348904967,42.256471662739024],[-70.76811748947426,42.25672866327427],[-70.76809348916662,42.25748566329587],[-70.7679554889832,42.25771266354899],[-70.76803948977131,42.25797266358102]]],[[[-70.70545146273903,42.15218164520041],[-70.7050854625992,42.15258464478206],[-70.70556146251664,42.15269464475487],[-70.70640346276357,42.15271064499573],[-70.70776946305597,42.152615645085696],[-70.70792846376027,42.15239364450633],[-70.7073414637391,42.15209164461384],[-70.7064674634109,42.152044644798785],[-70.70545146273903,42.15218164520041]]],[[[-70.75134948315096,42.24130666081459],[-70.75137348304426,42.2410096608472],[-70.75178048326703,42.24098066052651],[-70.75201948357322,42.240715660445424],[-70.75141248326375,42.24042766035088],[-70.75084248241198,42.24058966005734],[-70.75033448247434,42.241263660255335],[-70.7502804827826,42.24155266088612],[-70.75059548298726,42.241782661039025],[-70.75085748234386,42.241724660988],[-70.75111148270365,42.2412706606095],[-70.75134948315096,42.24130666081459]]],[[[-70.70226446140535,42.14997364484025],[-70.70198746193094,42.150089645026874],[-70.70190746179276,42.15085264491851],[-70.70200346192229,42.15120164491821],[-70.70252746216795,42.151376645291485],[-70.70317846240287,42.15140864514531],[-70.70356046262776,42.15151964499038],[-70.70430646183078,42.15151964443927],[-70.70513246276958,42.151281645172226],[-70.70531846222092,42.15094464501334],[-70.7043354624949,42.151363645206885],[-70.70366446200262,42.15131464485057],[-70.70342046176606,42.151015644520925],[-70.70304046192943,42.15087664447776],[-70.70206546188693,42.15092864446945],[-70.70226446140535,42.14997364484025]]],[[[-70.74900948132566,42.23722066015177],[-70.74837848152563,42.23734165950441],[-70.74806348216948,42.23758165980158],[-70.7482794817265,42.23779866005656],[-70.74919448187809,42.23762166008331],[-70.74939448226382,42.23750066021648],[-70.74930948158024,42.23719765988998],[-70.74900948132566,42.23722066015177]]],[[[-70.74988648232053,42.24263066091273],[-70.7496864829918,42.24310666099043],[-70.75018648322116,42.24328866072288],[-70.75053248256823,42.24321566125597],[-70.75060248296009,42.24293066080296],[-70.7503554821386,42.24270066098197],[-70.74988648232053,42.24263066091273]]],[[[-70.74402948015586,42.22744465796425],[-70.74346047939507,42.227681657919106],[-70.74348447923649,42.227967658147556],[-70.74418447942686,42.227800657839865],[-70.74429148014772,42.22752065780319],[-70.74402948015586,42.22744465796425]]],[[[-70.76020148598155,42.25169966207284],[-70.75981648644431,42.25215966244561],[-70.75995548639982,42.25230666265116],[-70.76039348628525,42.25222766200838],[-70.76040948618657,42.25176866218069],[-70.76020148598155,42.25169966207284]]]]},"properties":{"municipality":"Scituate"}},
{"type":"Feature","geometry":{"type":"Polygon","coordinates":[[[-71.76826782049821,42.3112686414425],[-71.77250182177806,42.31781064185956],[-71.77971982521674,42.328970643802485],[-71.78255182699299,42.33459964508833],[-71.78323582669529,42.335922645189044],[-71.78589482771875,42.34119564599541],[-71.79075182947822,42.33823664511459],[-71.79911783180256,42.33312464434525],[-71.80172783317738,42.33157364338377],[-71.80204283219697,42.33135364333467],[-71.8063578334719,42.3287306432843],[-71.80981883461929,42.32664664265791],[-71.81334883557842,42.324495642004194],[-71.81683083724256,42.32230064114606],[-71.81869983719307,42.32118964147343],[-71.83776484287314,42.30954763816],[-71.84541684511252,42.30486763725731],[-71.86213884971966,42.29465163527397],[-71.87538885395266,42.286552632847076],[-71.87887185538511,42.284435632211114],[-71.88068485517068,42.28331463215648],[-71.8840438563947,42.281261631676344],[-71.87494285212674,42.2631496287221],[-71.86809484930347,42.24951262644352],[-71.8599388458859,42.233271623678434],[-71.8588198450694,42.23092862281276],[-71.85783784450027,42.22908462228253],[-71.8566328443036,42.22668462242889],[-71.84392483972121,42.22793862308442],[-71.84259083942896,42.22806162319081],[-71.83743483817699,42.22857662282527],[-71.81963983295918,42.230325623585955],[-71.8100348290464,42.23127062495966],[-71.80675182804167,42.22390662315947],[-71.80383482656539,42.22093462272454],[-71.80287482647542,42.21935962283897],[-71.79967382536678,42.21416762142296],[-71.79811782389316,42.21161862094037],[-71.79732582365445,42.21034962084315],[-71.79710682433999,42.21006162049815],[-71.78310682000557,42.2162026227127],[-71.76171281314288,42.22558562464214],[-71.74535680884502,42.232758627110115],[-71.73342980434609,42.23798362844585],[-71.73123780384158,42.24129462876268],[-71.74607880966657,42.24384662860752],[-71.7512808117809,42.25450763066025],[-71.7542058128784,42.27131863433373],[-71.75432781328011,42.27251363459921],[-71.75448081335165,42.272884633884075],[-71.75655881463024,42.284840636798386],[-71.75854181670003,42.29622963841949],[-71.76355681810894,42.30398464022786],[-71.76515481862663,42.30644064002976],[-71.76826782049821,42.3112686414425]]]},"properties":{"municipality":"Worcester"}},
{"type":"Feature","geometry":{"type":"Polygon","coordinates":[[[-71.2318976561638,42.50637569593334],[-71.23269465639414,42.50772169601971],[-71.23354465649385,42.50870169624202],[-71.23692465782464,42.5114996963095],[-71.2370066576891,42.51173269679638],[-71.24005665968329,42.51972469790136],[-71.24159366031944,42.52080669780122],[-71.2425766601991,42.5199486981751],[-71.25014266379719,42.52573869901965],[-71.25249066354831,42.524086698098984],[-71.25457266450297,42.52260169801244],[-71.25639666556717,42.524000697946335],[-71.26409866731748,42.52408969784865],[-71.26557466834491,42.52433769789203],[-71.27810767308394,42.52672169835393],[-71.28105167392613,42.526356697708884],[-71.3035086806182,42.520077695673436],[-71.30373968043935,42.51993469624165],[-71.30412768044731,42.5199626955353],[-71.30439868068136,42.520098695564535],[-71.30491868149751,42.52015069600957],[-71.30563868104355,42.5203596956307],[-71.30669968112421,42.52060169600958],[-71.30654768118515,42.519310695862266],[-71.30659468111418,42.51860369504954],[-71.30690468121244,42.517500695474034],[-71.30691868127802,42.51708969554619],[-71.30681668183976,42.51672669503605],[-71.30646768166149,42.51594569467236],[-71.30619568143177,42.51508769483137],[-71.3062336816146,42.51457269447958],[-71.3066536816559,42.51405969464642],[-71.3069436811412,42.51393569451334],[-71.30787168153014,42.513694694846265],[-71.3086586821021,42.51326269423631],[-71.30916268246395,42.512829694395364],[-71.30964668158492,42.51230169405349],[-71.31015068208048,42.51186869430647],[-71.31125368214025,42.511022694099566],[-71.31266068313269,42.510229693509345],[-71.31342168286305,42.509725693490246],[-71.31464168294784,42.50857069307938],[-71.3150736833009,42.50826169355062],[-71.31609368367697,42.50763869279897],[-71.31660668446773,42.50709969258568],[-71.31724468473607,42.505959692651366],[-71.317708684446,42.504804692094396],[-71.31783568468592,42.50382569246744],[-71.31753868460025,42.50243369186648],[-71.31746468451898,42.50220169215752],[-71.31762268383437,42.500942691597814],[-71.31800768415881,42.49964269156047],[-71.31830568387774,42.49820269166413],[-71.31836968362738,42.4975446907886],[-71.31837868414704,42.496620690758505],[-71.31852268416705,42.49475169026585],[-71.3185426836017,42.493855690265406],[-71.31852268396473,42.49188968997758],[-71.31858568357309,42.49116568976987],[-71.31876068391529,42.49047669001564],[-71.31902668365557,42.489686689488224],[-71.3190946834368,42.48929068982469],[-71.31913868413857,42.48807368891405],[-71.31962768356723,42.48718268943284],[-71.3196066842691,42.486739689033676],[-71.31930368351506,42.4862976889682],[-71.31880068375881,42.4859266890988],[-71.31791668365173,42.48537368914826],[-71.31719068247791,42.48470268839191],[-71.31698768249333,42.48418968902332],[-71.3171616833608,42.48357468879292],[-71.31768268277551,42.483108688637664],[-71.31848868288031,42.482681688705476],[-71.31901668348287,42.482547688150895],[-71.32077068370023,42.48226468806564],[-71.3212686838096,42.48052368799409],[-71.32012468349748,42.480340687664714],[-71.31694768171845,42.47669068744236],[-71.31704068198451,42.47648768716634],[-71.31376868170106,42.47419068642556],[-71.30946568035527,42.47641268779941],[-71.30655267874667,42.47443568720456],[-71.30424667805565,42.4747266876146],[-71.3018686772864,42.473274687113545],[-71.3008186766633,42.47366068736179],[-71.29872067633583,42.47291768701332],[-71.28967667273753,42.46619068600426],[-71.2829406696589,42.46117968547564],[-71.28184066961703,42.45964868467358],[-71.28085166902305,42.460176685115705],[-71.28071166978295,42.45999868488784],[-71.2801216693678,42.46006768508598],[-71.2795016695428,42.45968468534198],[-71.27798266904756,42.460243685735136],[-71.2778896682843,42.460718685225004],[-71.27269566673026,42.459712684992894],[-71.26151566437281,42.476254689182824],[-71.25659666298067,42.47850768968679],[-71.25399966173734,42.48219869049989],[-71.25198666197333,42.48502369071242],[-71.24090665824473,42.490021692164866],[-71.24073765777368,42.49029269190277],[-71.23909865794265,42.49330269255636],[-71.23734865674994,42.49646569379969],[-71.2344426568438,42.501778694421695],[-71.23406165693213,42.50244769496247],[-71.2318976561638,42.50637569593334]]]},"properties":{"municipality":"Bedford"}},
{"type":"Feature","geometry":{"type":"Polygon","coordinates":[[[-71.31753868460025,42.50243369186648],[-71.32315968543209,42.50246669207328],[-71.32761268722768,42.502547691635584],[-71.3376516901765,42.50269169150722],[-71.35362469578003,42.50292869081801],[-71.36647170033913,42.5035646909469],[-71.36992670103933,42.50373169044048],[-71.38495770675345,42.504474690646546],[-71.38565270612898,42.50342169022054],[-71.39627870948068,42.487651686743966],[-71.40122570959853,42.48032568517534],[-71.40152471038463,42.47985568498104],[-71.40593871143312,42.473319683321755],[-71.40689271191209,42.47188568375467],[-71.4200837144353,42.45227667955411],[-71.43037471761926,42.436977676395806],[-71.43038971776598,42.43694567573331],[-71.40990470990482,42.429199674772086],[-71.4020937068457,42.42625367504846],[-71.39626470481214,42.424028674703095],[-71.38648470134275,42.42034767388021],[-71.3772086983016,42.416844673583874],[-71.37584969777447,42.41632567375201],[-71.366340694733,42.41272867340303],[-71.36568769502934,42.41303167381892],[-71.36521269498284,42.413361673769565],[-71.36510869442915,42.41374467375787],[-71.36517469486476,42.41407867409858],[-71.36504069414961,42.414397673864144],[-71.36392869383099,42.41603067446067],[-71.3639336937525,42.41656667461617],[-71.36411869384169,42.41706867443956],[-71.36450269453908,42.41778267462598],[-71.36458169430172,42.41814667458684],[-71.36460469459205,42.41958267470226],[-71.36457369454483,42.42008767453826],[-71.36441669415134,42.42044967523286],[-71.36353869445979,42.420822675323514],[-71.36256269433484,42.421064675460734],[-71.36145869398891,42.42113067504674],[-71.36102169318985,42.421089675033734],[-71.35915269253688,42.42067467534524],[-71.35708469184446,42.41983467485496],[-71.35657869225939,42.419931675054606],[-71.35641769233946,42.42007667485031],[-71.35606069162445,42.42073167567063],[-71.35586869233657,42.420934675221694],[-71.35484569093154,42.421575675423426],[-71.35450769189937,42.4220546759321],[-71.35362669185461,42.42471167599148],[-71.3528066906469,42.42662267661902],[-71.35256069137738,42.42693167695682],[-71.34842369016982,42.429628677655415],[-71.34122568740602,42.43413167844896],[-71.33716068686239,42.43665867862068],[-71.33537968650037,42.43778467913056],[-71.33357568527366,42.43925767916486],[-71.32962468460968,42.44234868036485],[-71.32628368335942,42.44499268093216],[-71.32297168259456,42.44763468146808],[-71.3136186793745,42.45503168294818],[-71.31252267953991,42.454521683070844],[-71.3111976788887,42.45373368329544],[-71.31048767833944,42.45342368291573],[-71.30992967842103,42.45325668339166],[-71.30912067817971,42.45312568282028],[-71.30697567717199,42.45295968312931],[-71.30480967737778,42.45276868325919],[-71.30376767719058,42.45819068424597],[-71.3031916770001,42.461262684795685],[-71.30215567689511,42.461124684794115],[-71.30228267649728,42.46201868446526],[-71.29889967543816,42.46264068528999],[-71.29879467603621,42.46271068522707],[-71.29519067427569,42.463454685553224],[-71.2952106740374,42.46324368514991],[-71.28930267273377,42.46456568611072],[-71.28967667273753,42.46619068600426],[-71.29872067633583,42.47291768701332],[-71.3008186766633,42.47366068736179],[-71.3018686772864,42.473274687113545],[-71.30424667805565,42.4747266876146],[-71.30655267874667,42.47443568720456],[-71.30946568035527,42.47641268779941],[-71.31376868170106,42.47419068642556],[-71.31704068198451,42.47648768716634],[-71.31694768171845,42.47669068744236],[-71.32012468349748,42.480340687664714],[-71.3212686838096,42.48052368799409],[-71.32077068370023,42.48226468806564],[-71.31901668348287,42.482547688150895],[-71.31848868288031,42.482681688705476],[-71.31768268277551,42.483108688637664],[-71.3171616833608,42.48357468879292],[-71.31698768249333,42.48418968902332],[-71.31719068247791,42.48470268839191],[-71.31791668365173,42.48537368914826],[-71.31880068375881,42.4859266890988],[-71.31930368351506,42.4862976889682],[-71.3196066842691,42.486739689033676],[-71.31962768356723,42.48718268943284],[-71.31913868413857,42.48807368891405],[-71.3190946834368,42.48929068982469],[-71.31902668365557,42.489686689488224],[-71.31876068391529,42.49047669001564],[-71.31858568357309,42.49116568976987],[-71.31852268396473,42.49188968997758],[-71.3185426836017,42.493855690265406],[-71.31852268416705,42.49475169026585],[-71.31837868414704,42.496620690758505],[-71.31836968362738,42.4975446907886],[-71.31830568387774,42.49820269166413],[-71.31800768415881,42.49964269156047],[-71.31762268383437,42.500942691597814],[-71.31746468451898,42.50220169215752],[-71.31753868460025,42.50243369186648]]]},"properties":{"municipality":"Concord"}},
{"type":"Feature","geometry":{"type":"Polygon","coordinates":[[[-71.20431764426078,42.46585368903804],[-71.210223647338,42.4707356897687],[-71.21060664645616,42.468529688678004],[-71.21047964686632,42.468126688614454],[-71.21055664703206,42.4677086886744],[-71.2108356466598,42.46739668923741],[-71.21099964662545,42.46699168916099],[-71.21134864650935,42.4669066891553],[-71.2114656475252,42.46664868849266],[-71.21211664768569,42.46625268817879],[-71.22340265201265,42.47556768984009],[-71.22881465297502,42.48002169051427],[-71.23324365496222,42.483695691647924],[-71.23333265527911,42.483743691314245],[-71.24090665824473,42.490021692164866],[-71.25198666197333,42.48502369071242],[-71.25399966173734,42.48219869049989],[-71.25659666298067,42.47850768968679],[-71.26151566437281,42.476254689182824],[-71.27269566673026,42.459712684992894],[-71.27210366631942,42.45658668478593],[-71.2703156658562,42.447281682839595],[-71.26901866500731,42.44050268209296],[-71.26796266346102,42.43717568141462],[-71.26615066320873,42.42992467980421],[-71.26723066334391,42.42444667892879],[-71.25698765932684,42.42108867888499],[-71.25153865780595,42.419296678047964],[-71.23837365294516,42.414941678192775],[-71.23829265299496,42.41492967800773],[-71.2329196511759,42.41317967788086],[-71.23220065012676,42.412959677956586],[-71.21126164288019,42.40608267705894],[-71.2040706420394,42.41336567909095],[-71.20261264064695,42.41483467928346],[-71.20178264081603,42.415744678980104],[-71.1991176397501,42.41854668025851],[-71.19631563998672,42.42143768029988],[-71.19204863793642,42.42554068172264],[-71.18728163753994,42.43054668263446],[-71.18555863668148,42.43232168330577],[-71.18227763526579,42.43628768364898],[-71.1778856339737,42.44020968444876],[-71.18256263673187,42.443645685014005],[-71.18254363669517,42.44390168563587],[-71.18352963640514,42.44400968555964],[-71.18397963679703,42.444223684901516],[-71.18381563715324,42.4446176856916],[-71.18571363739711,42.445012685523665],[-71.18645463800749,42.44563468542314],[-71.18746963857254,42.447277685817035],[-71.18963563903404,42.449838686561684],[-71.19056663953943,42.450463686167154],[-71.19384464037303,42.45314968632204],[-71.19541364149252,42.45359868639862],[-71.1961196418679,42.45440668717036],[-71.19844664195872,42.45699068761243],[-71.20696764571355,42.463632688096205],[-71.20431764426078,42.46585368903804]]]},"properties":{"municipality":"Lexington"}},
{"type":"Feature","geometry":{"type":"Polygon","coordinates":[[[-71.27269566673026,42.459712684992894],[-71.2778896682843,42.460718685225004],[-71.27798266904756,42.460243685735136],[-71.2795016695428,42.45968468534198],[-71.2801216693678,42.46006768508598],[-71.28071166978295,42.45999868488784],[-71.28085166902305,42.460176685115705],[-71.28184066961703,42.45964868467358],[-71.2829406696589,42.46117968547564],[-71.28967667273753,42.46619068600426],[-71.28930267273377,42.46456568611072],[-71.2952106740374,42.46324368514991],[-71.29519067427569,42.463454685553224],[-71.29879467603621,42.46271068522707],[-71.29889967543816,42.46264068528999],[-71.30228267649728,42.46201868446526],[-71.30215567689511,42.461124684794115],[-71.3031916770001,42.461262684795685],[-71.30376767719058,42.45819068424597],[-71.30480967737778,42.45276868325919],[-71.30697567717199,42.45295968312931],[-71.30912067817971,42.45312568282028],[-71.30992967842103,42.45325668339166],[-71.31048767833944,42.45342368291573],[-71.3111976788887,42.45373368329544],[-71.31252267953991,42.454521683070844],[-71.3136186793745,42.45503168294818],[-71.32297168259456,42.44763468146808],[-71.32628368335942,42.44499268093216],[-71.32962468460968,42.44234868036485],[-71.33357568527366,42.43925767916486],[-71.33537968650037,42.43778467913056],[-71.33716068686239,42.43665867862068],[-71.34122568740602,42.43413167844896],[-71.34842369016982,42.429628677655415],[-71.35256069137738,42.42693167695682],[-71.3528066906469,42.42662267661902],[-71.35362669185461,42.42471167599148],[-71.35450769189937,42.4220546759321],[-71.35484569093154,42.421575675423426],[-71.35586869233657,42.420934675221694],[-71.35606069162445,42.42073167567063],[-71.35641769233946,42.42007667485031],[-71.35657869225939,42.419931675054606],[-71.35708469184446,42.41983467485496],[-71.35915269253688,42.42067467534524],[-71.36102169318985,42.421089675033734],[-71.36145869398891,42.42113067504674],[-71.36256269433484,42.421064675460734],[-71.36353869445979,42.420822675323514],[-71.36441669415134,42.42044967523286],[-71.36457369454483,42.42008767453826],[-71.36460469459205,42.41958267470226],[-71.36458169430172,42.41814667458684],[-71.36450269453908,42.41778267462598],[-71.36411869384169,42.41706867443956],[-71.3639336937525,42.41656667461617],[-71.36392869383099,42.41603067446067],[-71.36504069414961,42.414397673864144],[-71.36517469486476,42.41407867409858],[-71.36510869442915,42.41374467375787],[-71.36521269498284,42.413361673769565],[-71.36568769502934,42.41303167381892],[-71.366340694733,42.41272867340303],[-71.36437569414487,42.411938673197874],[-71.3587436919733,42.40970267307381],[-71.35785569192176,42.40937767286657],[-71.34588068750453,42.4046716723438],[-71.34434768642787,42.40407967272674],[-71.33829868526897,42.40168867268311],[-71.33259968292529,42.399449671616274],[-71.33456968285367,42.39612267137207],[-71.3215246783397,42.39269167081793],[-71.3198596784368,42.39288267121578],[-71.31856667790612,42.3925836710145],[-71.31774967796748,42.392177670851645],[-71.31461367627108,42.39322567104756],[-71.31524467713044,42.39348867182759],[-71.31352467700388,42.39628867175257],[-71.312223676052,42.395832671797365],[-71.309941675866,42.39964167296905],[-71.29337966974963,42.40224967411478],[-71.28323366707937,42.39899167384837],[-71.28282566613517,42.39973667384801],[-71.28120566647648,42.4026996740277],[-71.28603166772906,42.404105674731575],[-71.28141666740346,42.41218867576196],[-71.27442166393098,42.40988567573289],[-71.27085966411872,42.416505677401865],[-71.27176566368671,42.416783677339595],[-71.26723066334391,42.42444667892879],[-71.26615066320873,42.42992467980421],[-71.26796266346102,42.43717568141462],[-71.26901866500731,42.44050268209296],[-71.2703156658562,42.447281682839595],[-71.27210366631942,42.45658668478593],[-71.27269566673026,42.459712684992894]]]},"properties":{"municipality":"Lincoln"}},
{"type":"Feature","geometry":{"type":"Polygon","coordinates":[[[-70.97562555682958,42.23775165253349],[-70.9762265569928,42.238166653021686],[-70.97669655653308,42.23836465275601],[-70.97750055720068,42.23837965307491],[-70.97808755749904,42.238166652477666],[-70.97857755774191,42.23771765275064],[-70.97896055794325,42.23712565215034],[-70.97973755731131,42.2364846525353],[-70.97990955819509,42.23621865251199],[-70.98015655724373,42.2354466521539],[-70.98040455815163,42.235328652212175],[-70.98066255730029,42.23565065179445],[-70.98110555746209,42.235757652236806],[-70.98319755877229,42.235411652337255],[-70.9836875591296,42.235308651806825],[-71.00217056448285,42.23221665062629],[-71.00841056691777,42.229648650371004],[-71.01079056694203,42.2286766494746],[-71.01903057007748,42.22838964948953],[-71.03300057460719,42.227892648788284],[-71.04493857820704,42.21539264652146],[-71.04493857753728,42.211665645181824],[-71.04492157691429,42.20875064510506],[-71.04488357772415,42.206492644491505],[-71.0455955776168,42.20627564489587],[-71.04643157766233,42.206388644290485],[-71.04704257800833,42.20654864462904],[-71.04741257816713,42.206317644337204],[-71.04771757841142,42.20626864445827],[-71.04839357860133,42.206387644822385],[-71.0489285783104,42.20667464456499],[-71.04949057935944,42.206677644178065],[-71.04727157707443,42.19460064236301],[-71.03570957371998,42.19259864212967],[-71.02964057117507,42.19151864250141],[-71.02575357058662,42.189800642003846],[-71.02526256958599,42.18959864189684],[-71.01913056819441,42.18685964160479],[-71.01947056717663,42.18579264100451],[-71.01909656759402,42.18541364151182],[-71.01934556741827,42.185198640959506],[-71.0192845670976,42.18495164167255],[-71.01946856811219,42.1846596409907],[-71.0193125671989,42.1844436415008],[-71.01935256712451,42.18420164094177],[-71.01899756788221,42.184124641532],[-71.01945956762052,42.1837976413358],[-71.01922956768944,42.183519641408076],[-71.01951156780066,42.18312364081059],[-71.01993256762071,42.181811641083485],[-71.01964656728806,42.18148864061732],[-71.01969156783346,42.181267640133946],[-71.02016456744835,42.180979640143555],[-71.01998356710526,42.1807076401632],[-71.0198985670131,42.18030264075398],[-71.02017756768531,42.17968763990153],[-71.01992056726013,42.17956364029315],[-71.01967656719972,42.17918364044393],[-71.01954956725291,42.178802640248115],[-71.01964256730574,42.178566639698985],[-71.01993956702742,42.17855163973837],[-71.01983956695565,42.17799563968539],[-71.0199715675796,42.17786963996556],[-71.02059956766175,42.17762363967649],[-71.0206905677905,42.17690564008715],[-71.02062256790714,42.17651464003673],[-71.02109856809389,42.176138639206634],[-71.02083956725302,42.17521363917331],[-71.0209285673111,42.1748536396888],[-71.02118056818986,42.17449463958974],[-71.02161456809901,42.17410763926942],[-71.02134556750852,42.173691638702756],[-71.02129856818372,42.17341863942088],[-71.02154056795858,42.17300163917638],[-71.02176456724797,42.172438638578186],[-71.02204956776843,42.17144463853658],[-71.0224285674366,42.17055463869784],[-71.02169556734466,42.17042663884811],[-71.02160656785563,42.17030863818735],[-71.02198456779976,42.169425638214896],[-71.02199456763307,42.16901363852705],[-71.0120545647521,42.16850363798208],[-71.00705056282006,42.16841763846698],[-71.00638656304248,42.168317638301644],[-71.00272356164501,42.16836863866834],[-70.99387855855642,42.16835863936293],[-70.97647855281521,42.16833263960574],[-70.97406255256561,42.18434764290519],[-70.97223655282994,42.19645764479804],[-70.97170155300576,42.2000316461059],[-70.96993955290063,42.21167564780492],[-70.96921655279755,42.21655364847353],[-70.96870055324561,42.21988664965949],[-70.9680265523083,42.22035865005],[-70.96768455310291,42.22067064960868],[-70.96801655315436,42.221209649498114],[-70.96809755281933,42.22148464994727],[-70.96759155334315,42.222536649695655],[-70.96724755234536,42.22292665051978],[-70.96702255215415,42.22336165009656],[-70.96745255280142,42.22300365035429],[-70.96748355253166,42.22340365014172],[-70.96789855348727,42.22346465060155],[-70.96848255369768,42.2232426503997],[-70.96912155345956,42.223181650367714],[-70.96932855284804,42.222719650198485],[-70.96972055338857,42.22232564969713],[-70.97019755375528,42.22220864951376],[-70.97078155428845,42.22220365010137],[-70.97145155368804,42.222407649983076],[-70.97215755486178,42.222456650253754],[-70.97016755320672,42.22284864993956],[-70.969836553947,42.223165650231806],[-70.96930555402008,42.223502650096],[-70.96889855381478,42.22337465027212],[-70.96871355379307,42.22365265029595],[-70.96763755246171,42.22412665063791],[-70.96674455270346,42.224312650517696],[-70.96632955210326,42.22450865059473],[-70.96553755184536,42.22499065095047],[-70.96457655254964,42.22572765122878],[-70.96386855173049,42.22593765073745],[-70.9630995510197,42.22628465133599],[-70.96273855143001,42.22670065126838],[-70.9622155514541,42.22708265119908],[-70.96225455094074,42.22729865160019],[-70.96260855187404,42.22739565102331],[-70.96245455172864,42.22758765152445],[-70.96219355200455,42.22851965142945],[-70.9621245508301,42.228957651737666],[-70.96210955118244,42.229862651790405],[-70.96224055185638,42.23038765173909],[-70.96213255183105,42.230488652239146],[-70.96212555092768,42.23096565220356],[-70.96244855178574,42.23123565170578],[-70.96267955166152,42.23128565228036],[-70.96199455185966,42.23204465233644],[-70.96153355166614,42.23215565255058],[-70.96171855134558,42.232913652352245],[-70.96171055130284,42.23327865214672],[-70.96191155189403,42.23389165260985],[-70.96182655189459,42.234235652407875],[-70.96201955147458,42.23440765210029],[-70.96288855194553,42.234307652234406],[-70.96375055206805,42.23456765259348],[-70.96421955234595,42.23455065252966],[-70.96445055235544,42.23437065208712],[-70.96479655272313,42.23433365220358],[-70.96512755240461,42.23442665229631],[-70.96535855243486,42.234656652703414],[-70.9662975532834,42.23535265237224],[-70.96640455287638,42.23552165264981],[-70.96688955309625,42.23549065214801],[-70.96749755370836,42.23584065274544],[-70.96898255442515,42.23597765290185],[-70.97055955423312,42.23593665287295],[-70.97072955489402,42.23623965223902],[-70.97072955452003,42.23667265232703],[-70.97089155520715,42.23677265302316],[-70.97215355459906,42.23690865314055],[-70.97218355495276,42.23705665308018],[-70.97303355503897,42.23719765274122],[-70.97311355492302,42.23732865256596],[-70.97377355570795,42.23729765273428],[-70.97496555637922,42.23736765241889],[-70.97562555682958,42.23775165253349]]]},"properties":{"municipality":"Braintree"}},
{"type":"Feature","geometry":{"type":"MultiPolygon","coordinates":[[[[-70.97562555682958,42.23775165253349],[-70.9722145551251,42.23858165285063],[-70.9716925552047,42.23855565325702],[-70.97163855557233,42.23898865306913],[-70.97135355482109,42.23890365268781],[-70.97088455472098,42.238956653337816],[-70.97080055486687,42.239133653073374],[-70.97343155539535,42.23984065304726],[-70.97356255609012,42.240045653054835],[-70.97345555521231,42.24038565343571],[-70.97299455540073,42.241257653561924],[-70.97290955574216,42.241254653273536],[-70.97031255436767,42.240551653819026],[-70.96955555487538,42.24217265376372],[-70.96957055424232,42.24227165357588],[-70.9726795555429,42.24206465337303],[-70.97291855528658,42.242285653550624],[-70.97229555513667,42.24307565397265],[-70.97192655508327,42.24322565425573],[-70.97116455500489,42.244197654547456],[-70.96871855445836,42.24433065420931],[-70.96844855401793,42.24447865441973],[-70.96788055480002,42.24594365438069],[-70.96707355356772,42.24676765433154],[-70.96678855444388,42.24670465473344],[-70.96646555408172,42.247039654738366],[-70.96673455407056,42.24718765446414],[-70.9661115540807,42.24784665477879],[-70.96673555347797,42.24800765513648],[-70.96678855354106,42.24821365521513],[-70.96750455417555,42.24839065500604],[-70.96772755385301,42.24822465517663],[-70.96921255504414,42.24683465498572],[-70.9704435552215,42.24734865433261],[-70.9711595556466,42.24755765471601],[-70.97253655564208,42.24771365470115],[-70.97403755673368,42.24836765449077],[-70.9744235567599,42.249432655162416],[-70.97417755596194,42.24964465513494],[-70.97458855660756,42.25014165480703],[-70.97568155695458,42.25112265526369],[-70.97596655705826,42.25148265574407],[-70.97618255681276,42.25151865562409],[-70.97657455793458,42.25197165550917],[-70.97635255698714,42.2526556554031],[-70.97665255791753,42.25313165604649],[-70.97697555762278,42.253306655587664],[-70.97763755781361,42.25343865576267],[-70.97805355820137,42.25336465561845],[-70.97823855814703,42.25349165585597],[-70.97857655770729,42.25339165564459],[-70.97946155895153,42.25289865522544],[-70.98009955882225,42.252860655536715],[-70.980815558425,42.25267265513067],[-70.98107755905379,42.25276765515143],[-70.98174655860944,42.25247165529347],[-70.98174655916137,42.252242655645816],[-70.98232355934836,42.25202965491041],[-70.98259255919379,42.25212465513673],[-70.98260855922653,42.25262365573532],[-70.98280855920126,42.25298065573088],[-70.98349455955078,42.25317565502068],[-70.98394756014895,42.25306865581234],[-70.98456356051743,42.25315765508836],[-70.98502556026648,42.253419655425446],[-70.98541756057985,42.25314265577138],[-70.98687256042076,42.2534186553718],[-70.9871035606636,42.253630655552236],[-70.98838056113613,42.25372165520653],[-70.98892756224132,42.253909655200225],[-70.9891585617011,42.25367665549918],[-70.98903456164065,42.25327365505029],[-70.98902656221236,42.2528636549276],[-70.98941156185329,42.25286165484151],[-70.98931956191397,42.25335865501984],[-70.98932856158709,42.254033655352366],[-70.99002856220962,42.25438665583316],[-70.990528562605,42.254269655090184],[-70.99100656196771,42.25448665583472],[-70.9914685622429,42.25500965537409],[-70.99178356241276,42.25521565547466],[-70.9923455630936,42.255354655418344],[-70.99268456241194,42.25563665557986],[-70.99266156358621,42.256037655468376],[-70.99324756345129,42.25650065563169],[-70.99264756344508,42.25653865601667],[-70.99236956339837,42.25640365595492],[-70.99211556256907,42.2560836559552],[-70.99143856298234,42.25634265604108],[-70.99142256257988,42.25599165543896],[-70.99224556325197,42.25582065595227],[-70.99216856302759,42.25563265578647],[-70.99155356310283,42.25554865546713],[-70.99119156224775,42.255239655827694],[-70.99091456232648,42.25513165522041],[-70.99025956251973,42.255251655502136],[-70.9893985612829,42.255207655928054],[-70.98858256127019,42.255059655183715],[-70.98822056135047,42.2547106559154],[-70.98780456139411,42.254595655668304],[-70.9867425614863,42.25451565582784],[-70.98638056085474,42.25471065576712],[-70.98628856046686,42.255099655350065],[-70.98584256045943,42.25500365535166],[-70.98555856118143,42.25545465614292],[-70.98568156074687,42.25563665563022],[-70.98623556142583,42.255874655431505],[-70.98635856081299,42.25619665571975],[-70.98605956103106,42.256413655629444],[-70.98545156121958,42.25611865633152],[-70.98459656024653,42.25546165605845],[-70.98431955960997,42.255304656088505],[-70.98371155975137,42.2554956560965],[-70.9834345594815,42.25566665564937],[-70.98313455995876,42.25608165594774],[-70.98354255964507,42.256340655871696],[-70.98350456002163,42.25672865634272],[-70.98405856031773,42.256822655935096],[-70.98422756066319,42.25706665579678],[-70.98458155985976,42.25713265660195],[-70.98452056048008,42.257512656522486],[-70.98387456034321,42.257271656547005],[-70.98382856033479,42.25775865653306],[-70.9834515596539,42.257562656234626],[-70.98292756007673,42.25759865647331],[-70.9827435593227,42.257948656712855],[-70.98242755970216,42.25823265660251],[-70.98262056007292,42.25836065615814],[-70.98296655954833,42.25826865676006],[-70.98315956056746,42.25860265624376],[-70.9829895594372,42.25867365672903],[-70.98169755919884,42.25864665657604],[-70.98099755932864,42.25867665683871],[-70.98083555904468,42.25856665695446],[-70.97992655906789,42.2585376568523],[-70.97867255892479,42.258599656669375],[-70.97864155831064,42.25830265619224],[-70.97805655850033,42.25819565652115],[-70.97743355784874,42.25799965679843],[-70.97707855831602,42.257973656479045],[-70.97620955792478,42.257619656867035],[-70.9756545569539,42.25709365646212],[-70.97517755700018,42.25679165613727],[-70.97480855687712,42.25668165651584],[-70.97426155731111,42.256928656528395],[-70.97361455630373,42.25686265664045],[-70.97300755638338,42.25697665659716],[-70.97216855644105,42.257383656919814],[-70.97164555620307,42.25718565625655],[-70.97078255609593,42.25667765665264],[-70.97003655528667,42.25648765608254],[-70.96948155563342,42.25612365609013],[-70.96887355488084,42.25557565652897],[-70.96817355545036,42.2553226561702],[-70.96748855519277,42.255144656137624],[-70.96714955427596,42.254772656604054],[-70.9678035542715,42.25448165584351],[-70.96792655457203,42.25427265584024],[-70.96798755422465,42.25376265576548],[-70.96783355482349,42.25352665624206],[-70.96745655493805,42.253321655588785],[-70.96715655482234,42.253034655561095],[-70.96706355380151,42.25245465538236],[-70.96730255437049,42.252302655896656],[-70.96835655433065,42.252229655973665],[-70.96894855514506,42.25212065576647],[-70.96940355503135,42.25182965528852],[-70.96966455472757,42.25136965542116],[-70.96957955538888,42.25088565525203],[-70.96935555454327,42.25069065511384],[-70.9688555549297,42.25047465564533],[-70.96805555503241,42.2503886556145],[-70.96717855436147,42.25050765573009],[-70.96687755445372,42.250427655366295],[-70.9666395538797,42.250143655195885],[-70.96668255402562,42.24971065506301],[-70.96584355426619,42.249927655287706],[-70.96441955384,42.249663655599974],[-70.96391955351153,42.249446654928626],[-70.96329555329929,42.248579654938716],[-70.9626955521217,42.24831465535047],[-70.96160355194783,42.249112655468004],[-70.96132655261346,42.24939665574174],[-70.96089555260666,42.2494666553062],[-70.96094955203144,42.24991165552465],[-70.9605295520495,42.25051765589932],[-70.96003755205388,42.25142665621027],[-70.9601605515299,42.25175365613707],[-70.95991455209364,42.25253665600352],[-70.95968355255727,42.25277965572595],[-70.95921455133944,42.25353965639396],[-70.95787655106247,42.254377656823756],[-70.95737655102722,42.25457465641027],[-70.95672155131408,42.25468065659052],[-70.95666055165904,42.255222656362],[-70.95703755118804,42.25559865714149],[-70.95746855199485,42.256320656585736],[-70.95752255187624,42.256634656548584],[-70.9580925513525,42.25660665731916],[-70.95815455153608,42.25687665665959],[-70.95841555234291,42.25690765700612],[-70.95906255220949,42.256811656947846],[-70.95944755188609,42.256687657293796],[-70.95974655159857,42.25629465690063],[-70.96037755273181,42.256167656433064],[-70.961255552492,42.25625165644374],[-70.96167055272731,42.25634365703105],[-70.96212455239298,42.25655165632383],[-70.96293355344291,42.25746965701771],[-70.96444155348124,42.257394656803726],[-70.96521955417917,42.25759265660249],[-70.96574255471964,42.2579036572509],[-70.96598155386766,42.2581916571846],[-70.96570455477142,42.258255656716535],[-70.96524255384554,42.25859165713186],[-70.96448055331304,42.258618657049446],[-70.96381155412524,42.25908965711583],[-70.96461255350714,42.25944465716444],[-70.9649735543627,42.259798657384586],[-70.96552055394659,42.25986165738593],[-70.96584355404673,42.26004065749009],[-70.96619755502688,42.259966657483965],[-70.96658955503804,42.259707657067835],[-70.96712855517296,42.259986657177365],[-70.96739055506166,42.25995965689049],[-70.96808355455329,42.26020965720921],[-70.96931555542132,42.260183657662864],[-70.96936155579223,42.26034965687491],[-70.96865255555625,42.26036565753772],[-70.96912255588131,42.26087565747423],[-70.9697075561396,42.26085665764607],[-70.9698845563409,42.2610386578064],[-70.96870755511662,42.261026657357725],[-70.96872255560051,42.260725657097545],[-70.96846055542495,42.26049565754049],[-70.96730555504863,42.260181657430444],[-70.96685155533808,42.260275657136475],[-70.96647555409027,42.260461656924534],[-70.96619755488473,42.26039465722246],[-70.9657135539676,42.26047465712177],[-70.96439655442138,42.26029965756751],[-70.96385055320592,42.2606736571293],[-70.96342755312115,42.2608566572475],[-70.96261155383854,42.26063165728555],[-70.96204955269945,42.260605657146876],[-70.96169555279715,42.26089065752088],[-70.96097255313308,42.26176765767384],[-70.96024155215804,42.26218965774203],[-70.95891755217424,42.26226165762479],[-70.95790155245446,42.26226065777526],[-70.95706055128205,42.26204865758897],[-70.9565855510098,42.26183765821095],[-70.95603155078238,42.261689657614525],[-70.95473855084943,42.26152765796484],[-70.954053550173,42.26133665770473],[-70.95292155036653,42.26077465804937],[-70.9521215498188,42.26054965778015],[-70.95125154931281,42.26059165804365],[-70.95102054942201,42.26073065829679],[-70.95092854955296,42.26100665763758],[-70.95135154979224,42.261472658079654],[-70.9524995506806,42.26288465787683],[-70.95266055076807,42.26314365830461],[-70.95243755020259,42.26391265807407],[-70.95217554978166,42.264331658400046],[-70.95156854975659,42.264949658733116],[-70.95061454999295,42.26614965866371],[-70.9503225499391,42.268163659720166],[-70.95019855016722,42.2687376593826],[-70.95058454988012,42.269631659611186],[-70.95057654954127,42.26991565964354],[-70.95039954987166,42.27048965965087],[-70.95033055016845,42.270995659704944],[-70.95006855015343,42.27154466017575],[-70.94983754954218,42.27245366031901],[-70.94939155018427,42.27341166064707],[-70.94942254989611,42.274131660330184],[-70.94951554986854,42.27450366096362],[-70.94979254951721,42.275124660437015],[-70.950670550911,42.275947661071946],[-70.9516865512641,42.276461660934594],[-70.95197955128778,42.27669066112307],[-70.95217955093334,42.27702466073111],[-70.9526725513546,42.27825966150079],[-70.9532265518746,42.27911466095761],[-70.95348155198153,42.27978966103297],[-70.95375055171856,42.28018566178102],[-70.95442855181152,42.28037266125125],[-70.95526755201693,42.28009266147646],[-70.95587555255416,42.27978466109922],[-70.95600655176683,42.27950866163454],[-70.9553825516949,42.2789966609107],[-70.95467455146759,42.27861266135173],[-70.95454355117054,42.27819566106349],[-70.95403455188753,42.277281661010086],[-70.95377355103058,42.27652066060612],[-70.95372655173125,42.27594066085532],[-70.95350355125973,42.27488566035089],[-70.95330255097527,42.274637660553964],[-70.95311055096741,42.27411866036076],[-70.95317955136439,42.27375266045499],[-70.95376455150952,42.27287366031143],[-70.95450255107892,42.272203659747014],[-70.9551575518382,42.27176866026705],[-70.95598055127795,42.27130865990475],[-70.95778955231935,42.2709716592701],[-70.95885155213853,42.270674659103975],[-70.96015255305983,42.27026965939158],[-70.96161455413818,42.26974465884484],[-70.96339255391963,42.26944365887133],[-70.96457055443472,42.269086659490135],[-70.96554755430822,42.26865565868376],[-70.96631755521838,42.26816965910696],[-70.96670155527286,42.26781565895374],[-70.96728655576104,42.2674096588651],[-70.96792555584524,42.26709265890813],[-70.96937955588437,42.26651765799089],[-70.97005755586167,42.266110658210074],[-70.9705795567946,42.2654756583916],[-70.97122555596935,42.26450365820813],[-70.97163955598316,42.26419865768997],[-70.97331055648831,42.26355865741431],[-70.9743645572663,42.263461657830085],[-70.97732155892686,42.264102657600105],[-70.97784555811116,42.264278657898146],[-70.97943155878039,42.26493565785414],[-70.98033955968984,42.26543765793166],[-70.98062455924233,42.26537365749302],[-70.98120155916095,42.2654226579326],[-70.98253355990333,42.265449657801035],[-70.98357256080118,42.265349657475085],[-70.98446456032048,42.264951657830245],[-70.98544256133131,42.26421465746566],[-70.98581856105082,42.26361365695808],[-70.98621956164031,42.26394865760832],[-70.98717356163806,42.26430165726391],[-70.98805856232008,42.26467365754125],[-70.98969956300535,42.26547765795663],[-70.98996856297434,42.26555865760213],[-70.99046156319126,42.26595965748137],[-70.99110856266128,42.26629965734711],[-70.99187856304631,42.26648465812346],[-70.99290956369013,42.26640865728782],[-70.9955645647369,42.265718657292936],[-70.9960035641872,42.26573765745723],[-70.99646556470749,42.26599565724675],[-70.99663556493252,42.266523657518334],[-70.996419564495,42.26686965733387],[-70.9960425642802,42.26699365730654],[-70.9959735647778,42.267151658084664],[-70.99617456465694,42.26749065752601],[-70.99631356489706,42.26861365766133],[-70.99687056481217,42.270819658509375],[-70.9972635651266,42.271632658659456],[-70.99749456608336,42.27188465825617],[-70.99949356572047,42.27329565874487],[-71.00023156681817,42.273908658970285],[-71.00196856717504,42.274760659123515],[-71.00405956756349,42.27549865926317],[-71.00578356836148,42.275914659189105],[-71.00705956846262,42.276283658843305],[-71.00793656958867,42.27657465953291],[-71.00935157016822,42.2769636594547],[-71.0103055704188,42.277275659032874],[-71.01161257087206,42.277842659327874],[-71.01298057109109,42.27835965972979],[-71.01353457148186,42.278534659622224],[-71.01431757153111,42.27901565978131],[-71.0152095713325,42.279472659538136],[-71.01590057157534,42.27991965907634],[-71.01718957297588,42.28085165990343],[-71.01752757248389,42.28114765997173],[-71.01863157261273,42.282361659880706],[-71.01906057346453,42.282890659849244],[-71.01956557297251,42.28378166006242],[-71.01982357316233,42.28445766042217],[-71.0198985741852,42.28482566022297],[-71.0201885732202,42.285603660345565],[-71.02054157432016,42.28599366077211],[-71.02147657471018,42.286841660908806],[-71.0216915747968,42.28712566041128],[-71.02232157500951,42.28741666080186],[-71.0225525747947,42.28759666055282],[-71.02258157443192,42.28792966124632],[-71.02276557493174,42.288241660773544],[-71.02259557495798,42.2883976608181],[-71.02119157432348,42.28880566129419],[-71.02083457401615,42.28932066133661],[-71.02083257424056,42.28978866092818],[-71.02036957420265,42.29002666127455],[-71.02045557363252,42.290340661707674],[-71.02021257461233,42.29048466119153],[-71.01996757371525,42.29039366112704],[-71.01936657323431,42.29039066118937],[-71.01851857382678,42.29053666187607],[-71.01776257361593,42.29061266110792],[-71.01727057332948,42.290558661518986],[-71.01683757284233,42.290930661851505],[-71.01717657347776,42.2909566618557],[-71.01822157385958,42.291383661651665],[-71.01765157297099,42.29139366165643],[-71.0177275738415,42.29168966191025],[-71.01794257312137,42.2919066619851],[-71.01760257317623,42.292042662012655],[-71.0171095729387,42.292101662191946],[-71.01706457356478,42.292293662231],[-71.017369573504,42.29256966145945],[-71.01758357383927,42.29295766203038],[-71.01725857311622,42.29328766156607],[-71.0169185725937,42.2933656618757],[-71.0172135735081,42.29290066153318],[-71.01716857294218,42.29272666209013],[-71.01675357265154,42.29245466160238],[-71.0166775729065,42.29213166146596],[-71.01683357285016,42.29181366158203],[-71.016080573181,42.29125066210323],[-71.01619057284046,42.290793661851104],[-71.01659457333795,42.290178661793746],[-71.01656357246492,42.29001666167356],[-71.0161325723388,42.290029661675405],[-71.01429957178439,42.28993066159843],[-71.0134985714973,42.28994066161228],[-71.01192257161526,42.29086466128349],[-71.0113505714688,42.29126166144428],[-71.01068757045334,42.29132766159027],[-71.01011757042728,42.291449661954594],[-71.00931457058981,42.291850661645874],[-71.00906757023557,42.29185966192303],[-71.00835757073942,42.29207466188884],[-71.00772656979271,42.29204066244568],[-71.00751057014084,42.29221166191086],[-71.00732257042321,42.29286266235415],[-71.00688857026883,42.293419662792125],[-71.00630057020811,42.29383066255552],[-71.00602356998323,42.293907662573346],[-71.00583756944545,42.29419466266601],[-71.0052345687346,42.29446666260278],[-71.00489356882363,42.295048663079314],[-71.00513856881163,42.29534666296774],[-71.00564256898409,42.296296663070535],[-71.00594956963481,42.2965616633814],[-71.00599156918418,42.29745266311078],[-71.00584957018776,42.2981396635089],[-71.00553756946663,42.299004663475806],[-71.00547357021946,42.299316663424925],[-71.0057195702541,42.2996816631465],[-71.00639556950581,42.300070663294804],[-71.00711857032148,42.300381663243506],[-71.00803957069584,42.30093266350397],[-71.00863857068597,42.301404663536104],[-71.00853057021062,42.30162266416126],[-71.00820657019563,42.301700664015925],[-71.00624857045322,42.30188766356749],[-71.0054775698249,42.30201366403996],[-71.00455256940161,42.30204366394401],[-71.003426568607,42.30215766415642],[-71.00276456953048,42.30215566377505],[-71.00205456873621,42.30224466416107],[-71.00099056791552,42.30250166425572],[-71.00031256841834,42.30261766427474],[-70.99930456838412,42.30269366452068],[-70.9972485676357,42.30300366421126],[-70.99649456651457,42.303282664137605],[-70.99517756680883,42.303895664349064],[-70.99463856650071,42.30401766499545],[-70.99381456659222,42.30400066490654],[-70.99276656593578,42.30383366439402],[-70.9915885655665,42.30390366523159],[-70.99018756523536,42.30417166470152],[-70.98941756453718,42.30460366495512],[-70.98883956502098,42.30470366516759],[-70.98834756422335,42.304905664702005],[-70.98780856480093,42.30537866511079],[-70.98727056436232,42.306050665490154],[-70.98719256456036,42.30636266568309],[-70.98750756370225,42.306721665856294],[-70.98814356464699,42.30700966590271],[-70.98977456498234,42.30760166554921],[-70.99042056502003,42.30780766599754],[-70.99085656578654,42.30780566518576],[-70.99192956544982,42.307017665515566],[-70.99236956590147,42.30688266566147],[-70.99263756551842,42.30652966490119],[-70.99392056598099,42.305556665220806],[-70.99582456728028,42.30405966504115],[-70.99708756675959,42.30342066428631],[-70.99786456750493,42.303218664146584],[-70.99872756759808,42.303104664259365],[-71.00943757161144,42.30205666421934],[-71.0102645715729,42.30309166444498],[-71.01013957127816,42.303512663957186],[-71.0099225716946,42.30375066406884],[-71.00935157112514,42.303899663863646],[-71.00921057069442,42.30451466445559],[-71.008823571401,42.304697664116276],[-71.00905457161285,42.30491366461689],[-71.00937857123738,42.304871664611774],[-71.01045857170561,42.30447466414363],[-71.01162957167243,42.30449966440111],[-71.01198457258424,42.30438466433197],[-71.01237157202895,42.30410366407934],[-71.01366757250695,42.30376166453892],[-71.01405357289845,42.303466663680894],[-71.01482557337322,42.303182664194445],[-71.0151795736802,42.303230663590966],[-71.01545757287548,42.303126663623104],[-71.01538157276377,42.30283966381534],[-71.01391657312232,42.3031446639741],[-71.01353357263338,42.302754663628065],[-71.01333557299441,42.30204666413634],[-71.01336857216258,42.30177066346361],[-71.01422957209792,42.30083766340262],[-71.01472357261423,42.30054566371561],[-71.01510157277093,42.300210663639724],[-71.01542357335325,42.299443663477064],[-71.01577857318286,42.29910866316892],[-71.01648457266434,42.29858766264826],[-71.01668857372171,42.29827266254955],[-71.0167765737212,42.29773766283049],[-71.01705457354399,42.29749666320387],[-71.01819657342119,42.29695866311409],[-71.01892257356688,42.29667566223292],[-71.01971057416921,42.29619766233876],[-71.02023557391543,42.29593666248451],[-71.02057557501222,42.295642661987536],[-71.02131957486615,42.29481866205386],[-71.02207557532745,42.294409662336015],[-71.02263257515986,42.29389966209757],[-71.02307957524448,42.29388766196101],[-71.02343257510128,42.29423266163227],[-71.02321557489935,42.29438966219834],[-71.02313757461545,42.29466566190671],[-71.02341457479626,42.29487166220712],[-71.0231355750317,42.29506566182728],[-71.02358157580615,42.2953416622057],[-71.02391957521351,42.2957046626461],[-71.02385357588622,42.29644966231527],[-71.0237285751868,42.297032662252754],[-71.02351057513282,42.2974686626559],[-71.02355357598164,42.29821066303591],[-71.02375257517836,42.29857666321421],[-71.02302857553107,42.29852566289901],[-71.02258157545823,42.29858366311343],[-71.02254857520876,42.298939662972295],[-71.02313557603662,42.29881266310615],[-71.02407357561488,42.29918266285124],[-71.02511657643016,42.299542663373515],[-71.02473057582452,42.30081966280128],[-71.02474157625426,42.3010396633262],[-71.02498757574534,42.3014546636475],[-71.02516657686982,42.30157766295509],[-71.02933657742952,42.3023046632339],[-71.02935357723923,42.302227663304436],[-71.02528757598256,42.30151166289503],[-71.02507157603314,42.301389663239114],[-71.02483757613764,42.30079066360989],[-71.02521357577842,42.29954966256943],[-71.02837457782093,42.30011066277942],[-71.02867357722582,42.299110662719556],[-71.03066857772535,42.29939966279521],[-71.03049357830469,42.30049266281046],[-71.03283457854896,42.30080666315606],[-71.03360457868033,42.301004662828205],[-71.03465057943956,42.301152662538875],[-71.03563657981981,42.30140966291209],[-71.0363755800238,42.30144566306067],[-71.03747058078605,42.30122866284299],[-71.03819558078148,42.30118366309809],[-71.03908958023258,42.30098366274484],[-71.03919758080137,42.30090066305072],[-71.03924758124593,42.300138662508104],[-71.03920158125673,42.299932662436895],[-71.03818958053321,42.298752662778085],[-71.03716358055212,42.297343661841836],[-71.03668757923772,42.29677966204873],[-71.03590657889912,42.2957406615629],[-71.034505579208,42.291789661134274],[-71.03427457842895,42.29167666125546],[-71.03378157872363,42.29165366110821],[-71.03370657826002,42.29124966084398],[-71.03350757850879,42.29097866149227],[-71.03380257815414,42.29047366062578],[-71.03371057887874,42.290164660813396],[-71.03375857879053,42.28981266070367],[-71.03363657881545,42.28959366049134],[-71.03320657851846,42.28935366083522],[-71.03266757854098,42.289304660740115],[-71.03258857799062,42.289558661221506],[-71.03201657842936,42.29020766113898],[-71.031982578183,42.290870661396916],[-71.03155057798674,42.29097266083363],[-71.03152657803393,42.28932466109039],[-71.03178957765113,42.28905066114231],[-71.03225657755888,42.28785366072117],[-71.03225957741479,42.28728166003502],[-71.0328295774383,42.2872936604979],[-71.03295457747856,42.286985660069796],[-71.03320157787536,42.286724660615825],[-71.03395557830298,42.28694066061349],[-71.03432557838393,42.28689765988888],[-71.03451057902463,42.28672766038941],[-71.03477557887359,42.28619166004366],[-71.03490057848549,42.28563166002795],[-71.03510357891983,42.2851146599398],[-71.03567757830852,42.284454659645924],[-71.03600057825427,42.28417965994074],[-71.03630957935154,42.28410265938131],[-71.03640057919263,42.28439765998168],[-71.03721757864294,42.28429765955964],[-71.03753957965661,42.28445865987106],[-71.03775557994844,42.28431066006409],[-71.03769557951544,42.28403765916005],[-71.03831157998178,42.2840266599943],[-71.03832857942649,42.28371965910451],[-71.03849957943835,42.28343265971168],[-71.03859357925083,42.2829406589482],[-71.0390895796282,42.282211659132464],[-71.0394475792956,42.28135365894986],[-71.03934057936908,42.2810896588339],[-71.03939057911862,42.280202658456695],[-71.03926857943246,42.27998365840697],[-71.03891457999664,42.27989965906243],[-71.03869957907847,42.27967465899719],[-71.03885557985643,42.27928365821887],[-71.03885857929498,42.2784826581201],[-71.03894057962168,42.27734165800863],[-71.03874057967262,42.27716965795851],[-71.0382935785936,42.27725865794275],[-71.03747457838082,42.277908658160904],[-71.03702757825027,42.278046658761745],[-71.03658057867864,42.27800965860286],[-71.03642757805127,42.27775565869526],[-71.037152578384,42.277738658754764],[-71.03732157914638,42.2776586586232],[-71.03741657849238,42.27716665867991],[-71.03732457838672,42.27682165853374],[-71.03758757909863,42.2766636585637],[-71.03787957863491,42.27676665856482],[-71.03840357960651,42.27675665834617],[-71.03911157948949,42.27683865838562],[-71.03937257976285,42.277009658232735],[-71.03947957899216,42.27727365855739],[-71.03944658000721,42.277823658059766],[-71.0392595796032,42.27838065824024],[-71.03922657935696,42.27886365851891],[-71.03948857973333,42.278966658226366],[-71.04006258036581,42.27800665871215],[-71.04055657944748,42.27751565826014],[-71.04117457957155,42.27703665791654],[-71.04211658050355,42.276537657696274],[-71.04257958078503,42.27642565781671],[-71.04269458076998,42.27616365818866],[-71.04257858048484,42.275132657635965],[-71.04163557955623,42.26839865653478],[-71.04176057969728,42.268158656814656],[-71.04185058030983,42.26755865669394],[-71.04167257934151,42.266435656399324],[-71.03138857569351,42.25922065541947],[-71.03207857554311,42.258357654720164],[-71.03885557746376,42.25461765366803],[-71.05127158123251,42.2477886520781],[-71.05245858161233,42.247150652059275],[-71.05574058289803,42.245316651406725],[-71.0589965843079,42.243527651008684],[-71.06109058415188,42.242392651026215],[-71.05977858430765,42.2402456507508],[-71.0579705835813,42.23724865017191],[-71.0573305832545,42.23623765013353],[-71.05302158171274,42.229181648386685],[-71.06059058342028,42.22626864811509],[-71.06524358552318,42.22453364746976],[-71.0705005859888,42.22252864649158],[-71.07338858754008,42.221473646182375],[-71.07462058822539,42.220989646666254],[-71.08016358997294,42.218867645732985],[-71.08126859011287,42.21846864558728],[-71.09318959410538,42.21394464469872],[-71.0830015895844,42.204576642770434],[-71.08272758996233,42.20429864322053],[-71.08247558892499,42.204382643381635],[-71.08224458956421,42.204757643458606],[-71.0816125893784,42.2046686434117],[-71.08128258869147,42.204874642956966],[-71.08046358857985,42.204938643473774],[-71.08012358887807,42.20472964331388],[-71.07979058910611,42.204779643140206],[-71.0791865884393,42.2046226430714],[-71.07880258886051,42.204713643368805],[-71.07842358768502,42.204670643111086],[-71.07780858781861,42.20479864303988],[-71.0769975878489,42.20452864310003],[-71.07553058681398,42.20473064342792],[-71.07510558706291,42.20472264370912],[-71.07479558736931,42.20435564301778],[-71.07447158686497,42.20423264313081],[-71.0738865872482,42.20419164286933],[-71.07170558574582,42.20442064337638],[-71.07054258555743,42.20443764311151],[-71.06941058495836,42.20457264313765],[-71.06924558509529,42.20467164389978],[-71.06823458488435,42.20494064335322],[-71.06807358508102,42.20492664328775],[-71.06698058418986,42.20513564358715],[-71.0664735840581,42.20518264400618],[-71.06574058437387,42.20536064391393],[-71.06501358427025,42.20547564414183],[-71.06436358359102,42.205651644220445],[-71.06334858320962,42.20583764372467],[-71.06234058239475,42.20594764351697],[-71.06038858254591,42.20632264361039],[-71.05995758242469,42.20622764360818],[-71.05955658248105,42.205976643790336],[-71.05926658231137,42.205979643642074],[-71.05812658142447,42.20620264380619],[-71.05746658162039,42.20594064437657],[-71.05688958164754,42.20598864421824],[-71.0566905809894,42.20587564445719],[-71.05607558062057,42.20585364396299],[-71.05598158122284,42.205959643812164],[-71.05548358072585,42.20588964407224],[-71.05523258016572,42.205990644036085],[-71.05405558005425,42.20589564434478],[-71.05305657981559,42.205700644421114],[-71.05270258029908,42.20573264408885],[-71.0521525794523,42.20593064462791],[-71.05203757969406,42.20613064438094],[-71.05152457930537,42.20617864475829],[-71.05069457880718,42.2064366444618],[-71.0502755794906,42.206438644556776],[-71.04988657838477,42.20666464484709],[-71.04949057935944,42.206677644178065],[-71.0489285783104,42.20667464456499],[-71.04839357860133,42.206387644822385],[-71.04771757841142,42.20626864445827],[-71.04741257816713,42.206317644337204],[-71.04704257800833,42.20654864462904],[-71.04643157766233,42.206388644290485],[-71.0455955776168,42.20627564489587],[-71.04488357772415,42.206492644491505],[-71.04492157691429,42.20875064510506],[-71.04493857753728,42.211665645181824],[-71.04493857820704,42.21539264652146],[-71.03300057460719,42.227892648788284],[-71.01903057007748,42.22838964948953],[-71.01079056694203,42.2286766494746],[-71.00841056691777,42.229648650371004],[-71.00217056448285,42.23221665062629],[-70.9836875591296,42.235308651806825],[-70.98319755877229,42.235411652337255],[-70.98110555746209,42.235757652236806],[-70.98066255730029,42.23565065179445],[-70.98040455815163,42.235328652212175],[-70.98015655724373,42.2354466521539],[-70.97990955819509,42.23621865251199],[-70.97973755731131,42.2364846525353],[-70.97896055794325,42.23712565215034],[-70.97857755774191,42.23771765275064],[-70.97808755749904,42.238166652477666],[-70.97750055720068,42.23837965307491],[-70.97669655653308,42.23836465275601],[-70.9762265569928,42.238166653021686],[-70.97562555682958,42.23775165253349]]],[[[-70.94820454888041,42.26248065846635],[-70.94795754903008,42.262489658345764],[-70.94708054805758,42.2627476584248],[-70.94643654843176,42.26319465855957],[-70.94585654825302,42.26335865895047],[-70.94686554895743,42.26348565870502],[-70.94775754844612,42.26345665829655],[-70.94869654896956,42.263219658882065],[-70.94904354902866,42.26286265845685],[-70.9486195493519,42.26247365869548],[-70.94820454888041,42.26248065846635]]],[[[-70.97052455795114,42.29071066302487],[-70.9711255573937,42.290641663270485],[-70.9714485581902,42.290514663108254],[-70.97147955757062,42.29010366248883],[-70.9706015575845,42.290231662712614],[-70.97039355775026,42.29033866277401],[-70.97052455795114,42.29071066302487]]]]},"properties":{"municipality":"Quincy"}},
{"type":"Feature","geometry":{"type":"Polygon","coordinates":[[[-71.09262960446841,42.39911467959192],[-71.09334160470608,42.399354680066],[-71.09388360505737,42.399640680228956],[-71.09668960593685,42.40046367945273],[-71.1003946063919,42.39623267860664],[-71.10518960855013,42.397834679146584],[-71.10866560888792,42.399016679198276],[-71.11237461095544,42.40023467918386],[-71.11386861080152,42.400993679157935],[-71.11491661139934,42.40217567923297],[-71.11548961199058,42.40291368009715],[-71.11546961247443,42.40505668023237],[-71.1156356125454,42.40519168047479],[-71.11932861326594,42.4065336801096],[-71.11945661331701,42.40633568037584],[-71.12175261447632,42.4071246798749],[-71.12155661422543,42.40744268068847],[-71.12399661443204,42.40827668019656],[-71.12336061526756,42.40919968046321],[-71.12568761597926,42.409992681083466],[-71.12615061581255,42.40927768077862],[-71.12786861676946,42.41058968086496],[-71.12810161660379,42.410728680375314],[-71.12704061614508,42.41233668074565],[-71.12992261671596,42.41333568122807],[-71.12679761585274,42.41685968193649],[-71.1258096160733,42.41800768244163],[-71.12627161629442,42.4181196821062],[-71.12743561642439,42.41814368254186],[-71.12825661643774,42.41799768242133],[-71.12998661720411,42.41757468205344],[-71.13076861772068,42.41729768192593],[-71.13141461731735,42.41698468205059],[-71.13162961781734,42.416630681735896],[-71.13157661753391,42.41568168159178],[-71.1317276179062,42.415376681589656],[-71.13243561858476,42.41522468142887],[-71.13263661831203,42.41353268102674],[-71.1327706176841,42.413025680830636],[-71.13288761856145,42.411981680972474],[-71.1326526184322,42.411185680504204],[-71.13237961828689,42.41057368072988],[-71.13227361722589,42.41013568090369],[-71.13229761757506,42.40943868073739],[-71.13241561821161,42.40901868071177],[-71.13262461717551,42.40863567979513],[-71.13304361748304,42.408169680069655],[-71.13412061811609,42.406742679540734],[-71.13446661875442,42.406010679710874],[-71.1345956177303,42.405453680004335],[-71.13463561786162,42.40426767893715],[-71.13451461838125,42.40417567891098],[-71.13380861738626,42.40364067926599],[-71.13130061654181,42.40158867902453],[-71.12723961480937,42.396965678558345],[-71.12431361476618,42.393592677257935],[-71.12283861374138,42.392250677349836],[-71.12097461282997,42.39371467740871],[-71.12021461245449,42.39264967762631],[-71.11911661217648,42.39156067712585],[-71.11836861229447,42.390894677236886],[-71.11708561205755,42.38958967675352],[-71.1180076115196,42.389112677056794],[-71.11745261175464,42.38839467720949],[-71.11819361217535,42.388017676920136],[-71.11686061166817,42.386693676620844],[-71.11558461127484,42.385166675913176],[-71.11358160993976,42.38340967620033],[-71.11165660874211,42.38175767611514],[-71.11064360936636,42.381648676098315],[-71.10785560771278,42.3793826754772],[-71.10845760815775,42.37912067529807],[-71.10727260821452,42.37809567520117],[-71.1054276068379,42.37634067541784],[-71.10317260621981,42.37430567503822],[-71.09746360401128,42.3744396749662],[-71.09552060417404,42.37433367509577],[-71.09374560312847,42.37425967468036],[-71.08978360203426,42.373956674838645],[-71.08608860081092,42.37306767477529],[-71.08550459985253,42.373975674978496],[-71.0853125996934,42.37396567494147],[-71.08502460063163,42.37352767522604],[-71.08481260027425,42.373388674889064],[-71.08434360023713,42.373312675149975],[-71.08361259971078,42.373385675338135],[-71.08301359927364,42.373358674778615],[-71.0822475987135,42.37346267493053],[-71.08200159905653,42.37356367483055],[-71.0816565992612,42.37396967517319],[-71.08119759905678,42.374064675083496],[-71.08066159925691,42.37403767557796],[-71.08034959858585,42.37412267542352],[-71.07996459835755,42.373817675676804],[-71.07964659890807,42.37389367495834],[-71.07909759811655,42.37419167540433],[-71.07866559746547,42.374086675331625],[-71.07824759814498,42.37377167549221],[-71.07784359786523,42.37358667555512],[-71.07702859781985,42.37360967573132],[-71.07659859718757,42.3737476752067],[-71.07600359698321,42.37403867555803],[-71.07576659659402,42.373897675749696],[-71.0752535970117,42.373401675615156],[-71.07490359650532,42.37288667542682],[-71.07435359712271,42.37255867559243],[-71.07385759668558,42.37261067547352],[-71.07304259553173,42.373090675411134],[-71.07268959654867,42.3732306755343],[-71.07293259622695,42.37384767581588],[-71.07565759734572,42.38020467630264],[-71.0807015997173,42.38104767655332],[-71.08097159911135,42.38233167692407],[-71.08094759877984,42.38238667703108],[-71.07978559887226,42.382940677414226],[-71.07950059845895,42.383356676776074],[-71.07893959835923,42.384016677187006],[-71.07566959763189,42.38861167782692],[-71.07427359810156,42.39059567875413],[-71.07524559796141,42.39226767920472],[-71.07512959847634,42.39262967875141],[-71.07615159794292,42.39441667898014],[-71.07568759811677,42.39457867905168],[-71.07584159804891,42.39485467919722],[-71.07628259807124,42.394711679809106],[-71.0768785991894,42.39581267990832],[-71.07799559948134,42.395981679958716],[-71.07896759958504,42.396261680041576],[-71.07986360013005,42.396569679474396],[-71.08028760006628,42.39659767966584],[-71.08249260063526,42.397313679447414],[-71.08292660037087,42.39751367973342],[-71.08321460133968,42.39780067954345],[-71.08328160051073,42.39823667994355],[-71.0835506009229,42.398492679980414],[-71.08365660146828,42.398787679636534],[-71.08429160096092,42.39899667974639],[-71.08454260089536,42.39878067964222],[-71.08475460106429,42.39880868010021],[-71.08571760219425,42.39929568007185],[-71.08642060258815,42.399534680027394],[-71.08723060181764,42.39951967974666],[-71.0878856029376,42.39936867967335],[-71.08882060278302,42.39900467988916],[-71.09044860343798,42.398519679958156],[-71.0909796031701,42.39851467952297],[-71.09147960394849,42.398793679905594],[-71.09194267709516,42.39892293940736],[-71.09262960446841,42.39911467959192]]]},"properties":{"municipality":"Somerville"}},
{"type":"Feature","geometry":{"type":"Polygon","coordinates":[[[-71.09262960446841,42.39911467959192],[-71.09283060428754,42.39927867931586],[-71.09405160440159,42.40054568018099],[-71.09462460472082,42.401484679987796],[-71.09491560470592,42.402576679992904],[-71.0950766047361,42.403721680233886],[-71.09476860494533,42.403943680938674],[-71.0947586053002,42.40423168023604],[-71.09490260514096,42.40450368082935],[-71.09561460516487,42.40490968088446],[-71.0965686057497,42.40555868115869],[-71.0970586060586,42.40581068065267],[-71.09730860608647,42.406337681314874],[-71.09873460713818,42.406797680616],[-71.09915860633804,42.40705568074064],[-71.09968760650446,42.40768068113044],[-71.10024560689872,42.40824668091777],[-71.10079360732446,42.409047681513265],[-71.10101460760791,42.409574681015876],[-71.1011866075742,42.41074668170648],[-71.10102260730882,42.41172668221782],[-71.10100160764559,42.412298681722206],[-71.10112160739183,42.41276468234056],[-71.10137660728401,42.41303068204676],[-71.10262860827852,42.413988682561595],[-71.10289760782923,42.4144206823416],[-71.10217560753365,42.41436668270077],[-71.10131860751241,42.413819682102776],[-71.10090360729914,42.41346268225508],[-71.10029960714287,42.411397681912966],[-71.10044460757206,42.41074668139673],[-71.10043560727496,42.4101976814588],[-71.1003306066725,42.40955968156342],[-71.09997560676221,42.40881868171959],[-71.09954160646708,42.40831868127645],[-71.0989356065744,42.40776668120154],[-71.09859860669124,42.407538681243686],[-71.09795360598604,42.40736168142121],[-71.09658660587544,42.40662568101572],[-71.09636460522043,42.40622868094824],[-71.09517960480294,42.40571468114906],[-71.0941976049432,42.40518768090186],[-71.09368760431174,42.40475568040179],[-71.09339960450154,42.40427868107304],[-71.09354460509748,42.403893680958845],[-71.09336260468329,42.403207680381215],[-71.09338160455009,42.403027680762634],[-71.08967560287047,42.401064680021165],[-71.0893956035042,42.401020680378366],[-71.0886436031728,42.40127668057031],[-71.08758360261935,42.401296680377136],[-71.08762160301652,42.40150268006167],[-71.08725560281448,42.401603680380504],[-71.08658160273379,42.40154468034988],[-71.08614760256911,42.40170968046792],[-71.08588660264478,42.40254268026986],[-71.08600060196581,42.40358068034366],[-71.08569160238561,42.40353768106957],[-71.08576960197598,42.4032746803335],[-71.0855776021336,42.40287268025352],[-71.08534660147187,42.40278268085797],[-71.0847296018667,42.40285268028443],[-71.08453760146065,42.40277468026934],[-71.08442160131466,42.402438680177866],[-71.08484660220292,42.401922680696174],[-71.0846926022013,42.40159668088431],[-71.08428860113229,42.401401680859436],[-71.0837206017963,42.401245680652],[-71.08359560174364,42.400824680334274],[-71.08291160077859,42.400651680335805],[-71.08239060099304,42.40102168072866],[-71.08185160033722,42.40064868006136],[-71.08033960029886,42.40057768006908],[-71.07998259953834,42.40063368057395],[-71.07937559957212,42.40050468066267],[-71.0792605992691,42.40036668024148],[-71.07754759928446,42.39924068006429],[-71.077529599332,42.39793068009674],[-71.07735659926746,42.3977806800304],[-71.07661459841637,42.39768168000757],[-71.07675859883905,42.398133680266845],[-71.07669859884018,42.3994456801877],[-71.07663059908015,42.39980268058319],[-71.07637959851814,42.40027968022595],[-71.075211599069,42.401467681139955],[-71.07491259811465,42.401594680806085],[-71.07390959846403,42.40233768094539],[-71.0736485983261,42.402837681025005],[-71.07291459740762,42.40391368129791],[-71.07246959751659,42.40493868109918],[-71.07232359807689,42.40566168137487],[-71.07240859819282,42.406799682112066],[-71.07261959832117,42.40735468174388],[-71.07291759871909,42.40782568175572],[-71.07303759820088,42.408307682083986],[-71.07365959897724,42.408527682555565],[-71.07380159878265,42.409064682318146],[-71.07355259859413,42.409401682623084],[-71.07342459831328,42.41028868205067],[-71.07343259814708,42.411090683049615],[-71.07319959860207,42.41201268268575],[-71.07323759889601,42.412241682563234],[-71.07357459885364,42.41260468333064],[-71.07425859908938,42.412502683004384],[-71.07464459943841,42.4125316828874],[-71.07505859866657,42.412690682444556],[-71.07552959940948,42.41315468270818],[-71.07586259976691,42.413274683038225],[-71.07629659913766,42.41307168320112],[-71.07713260031083,42.413293682643165],[-71.07931060115881,42.41494668292391],[-71.07991060104489,42.41517468274291],[-71.08106860102116,42.41510168343099],[-71.08172460098335,42.41516568309838],[-71.0834906026485,42.41601568359315],[-71.08430860226962,42.41662668325723],[-71.08555860277691,42.41773868337019],[-71.08588060312512,42.41792168372755],[-71.08871860472448,42.42498468433906],[-71.08944660413685,42.42663168543981],[-71.08906260493725,42.42912368536388],[-71.08803160418069,42.4290346855799],[-71.08563960505255,42.44469668822879],[-71.09329460715111,42.44631368898904],[-71.10185860953078,42.448215688955564],[-71.10372461081643,42.44866668912605],[-71.10442661027662,42.44878568900978],[-71.10537961071184,42.449052688460604],[-71.11142561278415,42.4509856892515],[-71.11433961449335,42.45187268927439],[-71.11471061406621,42.45200568872997],[-71.11919761592895,42.45340368926361],[-71.11940261617318,42.453453688880245],[-71.12134661700323,42.44867868806339],[-71.12288161713272,42.44622368742318],[-71.12415361657106,42.44412468744598],[-71.12197661613733,42.439794686839996],[-71.12714661792565,42.43889568658608],[-71.12904161877543,42.435607685143765],[-71.1300196187888,42.435553685168024],[-71.13046361920823,42.435575685701494],[-71.14488262299149,42.4357486849645],[-71.1459976238154,42.435757684563825],[-71.14988662450241,42.43584868510789],[-71.14855262433954,42.43077368435765],[-71.14742962319167,42.4269656834753],[-71.14678462377574,42.42527068333057],[-71.1463506236308,42.42432468242418],[-71.1457986225527,42.4234146822628],[-71.1451836229956,42.42280468291554],[-71.14482162244371,42.42253868291455],[-71.14409862177646,42.4222936824135],[-71.14317162209146,42.42209768269158],[-71.14275762225893,42.421938682570186],[-71.14259962198398,42.42170068204997],[-71.14288662170343,42.42081168206013],[-71.14296562241303,42.42007068228611],[-71.14276062144934,42.4193606818619],[-71.14252062169888,42.41909268152107],[-71.141544621173,42.41839268141043],[-71.14109062112084,42.417682681677746],[-71.14008462014894,42.416440681112704],[-71.13936462092181,42.41593868160074],[-71.13845861966503,42.41552468140034],[-71.13717461997551,42.415252680926955],[-71.13629061931368,42.41515468171743],[-71.13566361952067,42.41522368111296],[-71.13453761877508,42.41544068183785],[-71.1336446185403,42.41546768195521],[-71.13310661882234,42.41540068140303],[-71.13243561858476,42.41522468142887],[-71.1317276179062,42.415376681589656],[-71.13157661753391,42.41568168159178],[-71.13162961781734,42.416630681735896],[-71.13141461731735,42.41698468205059],[-71.13076861772068,42.41729768192593],[-71.12998661720411,42.41757468205344],[-71.12825661643774,42.41799768242133],[-71.12743561642439,42.41814368254186],[-71.12627161629442,42.4181196821062],[-71.1258096160733,42.41800768244163],[-71.12679761585274,42.41685968193649],[-71.12992261671596,42.41333568122807],[-71.12704061614508,42.41233668074565],[-71.12810161660379,42.410728680375314],[-71.12786861676946,42.41058968086496],[-71.12615061581255,42.40927768077862],[-71.12568761597926,42.409992681083466],[-71.12336061526756,42.40919968046321],[-71.12399661443204,42.40827668019656],[-71.12155661422543,42.40744268068847],[-71.12175261447632,42.4071246798749],[-71.11945661331701,42.40633568037584],[-71.11932861326594,42.4065336801096],[-71.1156356125454,42.40519168047479],[-71.11546961247443,42.40505668023237],[-71.11548961199058,42.40291368009715],[-71.11491661139934,42.40217567923297],[-71.11386861080152,42.400993679157935],[-71.11237461095544,42.40023467918386],[-71.10866560888792,42.399016679198276],[-71.10518960855013,42.397834679146584],[-71.1003946063919,42.39623267860664],[-71.09668960593685,42.40046367945273],[-71.09388360505737,42.399640680228956],[-71.09334160470608,42.399354680066],[-71.09262960446841,42.39911467959192]]]},"properties":{"municipality":"Medford"}},
{"type":"Feature","geometry":{"type":"Polygon","coordinates":[[[-71.02583658455424,42.44471769057735],[-71.03477058849175,42.45484069212269],[-71.03576158901204,42.455971692460004],[-71.04404259173448,42.46536669370461],[-71.05336559602478,42.475933695765505],[-71.06132359847471,42.47420469499477],[-71.06126959766809,42.4726596945845],[-71.06302159862426,42.4724546947182],[-71.06930560106449,42.47164569442482],[-71.07815260394418,42.47402869405795],[-71.07844360382259,42.47062069379068],[-71.0791896030761,42.46165669207152],[-71.08211660357725,42.44394868828719],[-71.08291960326808,42.43884868795786],[-71.07161960002146,42.44000868856276],[-71.05543059419777,42.4416796890972],[-71.03368058688696,42.44391269029134],[-71.03201758618573,42.44405269007261],[-71.02936558611653,42.444355690517426],[-71.02583658455424,42.44471769057735]]]},"properties":{"municipality":"Melrose"}},
{"type":"Feature","geometry":{"type":"Polygon","coordinates":[[[-71.01104057981904,42.438848690082374],[-71.01112457966569,42.43904168968555],[-71.01184758005053,42.43904368999903],[-71.01221357991564,42.4396646895508],[-71.01185157945342,42.43992469034044],[-71.01094257933504,42.44027868969485],[-71.0095035786485,42.44097268993793],[-71.01192458018538,42.44217269083648],[-71.01875758283327,42.450126692131455],[-71.02583658455424,42.44471769057735],[-71.02037758290263,42.43825868986145],[-71.02153258274939,42.4361656890535],[-71.02404358368764,42.43165168847359],[-71.02408858348986,42.43159068803147],[-71.0282275839704,42.424210686107536],[-71.02858058407249,42.42357668654353],[-71.02878558462001,42.423003686240115],[-71.02962058520345,42.421307685518336],[-71.03075858516264,42.419418685576375],[-71.03127558509846,42.41844168541589],[-71.03256658473991,42.41554168430778],[-71.03281758480469,42.415088684673876],[-71.03318158522782,42.41421468454009],[-71.0290365839132,42.41036268384532],[-71.0279705830811,42.408735683244856],[-71.02711558295427,42.407790683694714],[-71.0268985831901,42.40734068335843],[-71.02688858274604,42.40655868295815],[-71.02623758236761,42.40593368287107],[-71.02575358206882,42.405765682799704],[-71.02517858269697,42.40592768299922],[-71.02490158223048,42.40590868278273],[-71.0241765821552,42.40561268346208],[-71.0238475823645,42.40533268342833],[-71.0234685819712,42.405527683532064],[-71.0231645817734,42.405502683080705],[-71.02298258163623,42.40522268269147],[-71.02270658180207,42.40518668307469],[-71.0225685814654,42.40545368294527],[-71.02215658173131,42.405427683497294],[-71.02171258130647,42.405217682958316],[-71.02125258126537,42.405153683289114],[-71.02082058064963,42.40521368273336],[-71.0204315803664,42.405117683099014],[-71.0203055811342,42.404837683057515],[-71.02069258051223,42.404530682757425],[-71.02111058052672,42.404371682600704],[-71.02116958095488,42.40393268248576],[-71.02092758085216,42.403584682700995],[-71.02070058032575,42.403506683186066],[-71.01998158099236,42.40373168253081],[-71.0189235798403,42.403742683184404],[-71.018553579593,42.403656683066664],[-71.01804057923646,42.403308682898476],[-71.01778058022965,42.40318668297856],[-71.01751157964397,42.40284968303152],[-71.0169145788971,42.40277868323969],[-71.01569057951437,42.40281368260812],[-71.01479357813757,42.40308168303645],[-71.01398357796423,42.40339768335619],[-71.01286657809499,42.40306568328268],[-71.01285757862996,42.40286368263299],[-71.01228957754958,42.402837683252706],[-71.01185557735836,42.402723683140216],[-71.01109557805735,42.402354683238805],[-71.01078757740429,42.40246368265146],[-71.01069157765576,42.40217268251206],[-71.0110485773958,42.401963682670754],[-71.01080857778712,42.40174268273222],[-71.01031657734345,42.40199868303689],[-71.0096995767718,42.401874683318866],[-71.00906357633203,42.40184068261655],[-71.00874557707836,42.40174668275005],[-71.00849557684987,42.40184568287576],[-71.00828457634046,42.40158868294777],[-71.00790857692468,42.4014826833081],[-71.00772757645439,42.40092268286078],[-71.00863557593074,42.39985368279152],[-71.00949457681638,42.399504682160135],[-71.00953357708883,42.39930668211252],[-71.00929357698683,42.39908068222535],[-71.01193057737136,42.39576068164223],[-71.00989457643497,42.39548368185153],[-71.00894557632604,42.39520068157211],[-71.00586157474402,42.39390068158054],[-71.0053855751529,42.39409668159802],[-71.00140757429675,42.39674868175286],[-70.99914657265474,42.396986682403806],[-70.99815857317611,42.39689568227587],[-70.99647557219663,42.39631668186081],[-70.99540057213193,42.393884681523836],[-70.99523657183498,42.393685682086826],[-70.99458057168552,42.39333768199216],[-70.99428657103941,42.39330768192068],[-70.99381057113379,42.3934936815428],[-70.99320857125683,42.39321568158101],[-70.9928005710045,42.393141681781806],[-70.9922295702954,42.39330968159369],[-70.9910655705185,42.39345068209778],[-70.99004757062377,42.39372068186339],[-70.98969257042823,42.39376768219878],[-70.98916756928712,42.39364168205451],[-70.98766356918367,42.39317268153858],[-70.98681456948027,42.3926696814516],[-70.98637456867974,42.39194768136769],[-70.98620456815102,42.3918106817985],[-70.98615756870062,42.39137068200933],[-70.98631256822043,42.39109768191868],[-70.98632756895518,42.39071868155396],[-70.98665856858962,42.38975868119251],[-70.98663456854139,42.38935368099372],[-70.98614856855023,42.38886268091813],[-70.98556956787489,42.38864768135444],[-70.98523856814373,42.3886896813589],[-70.98432856764437,42.38907468087906],[-70.98415237696703,42.38900451755028],[-70.98330556778028,42.38939668129341],[-70.98292556741242,42.39023268132525],[-70.98300356811917,42.39056068199378],[-70.98288056806419,42.390778681555275],[-70.98207856695387,42.39062968142914],[-70.98145456691076,42.390852681461354],[-70.98141856738728,42.391078681648025],[-70.98070856706292,42.39155568188609],[-70.98130756672505,42.392467682164856],[-70.98163956689531,42.393339682282644],[-70.98184956709343,42.39418268193958],[-70.9818955671132,42.3946546822588],[-70.98204256803638,42.39497668286769],[-70.98288356791913,42.39600668242716],[-70.98327756813649,42.396341682895404],[-70.98386556767757,42.39696268314519],[-70.98377860597863,42.39754869696306],[-70.98361969651239,42.39809397663621],[-70.98373081081279,42.399036752409486],[-70.98384573900609,42.399512809325905],[-70.98380829811322,42.39973280020904],[-70.98394253339522,42.40075493581269],[-70.98395874798678,42.40167967195029],[-70.9838842955423,42.402066815878825],[-70.98362102995404,42.402294599321515],[-70.98382107711231,42.40253326770263],[-70.98441552092268,42.40249190022713],[-70.9848093396462,42.40228231268581],[-70.98693529994242,42.40239748557957],[-70.98760310492929,42.40255545847979],[-70.98798756949469,42.40242868347616],[-70.98832656941767,42.40218868407614],[-70.98858157016856,42.40216668377947],[-70.98907556966692,42.40238268322349],[-70.98921457038696,42.402673683800835],[-70.9897235701479,42.4029756837501],[-70.98993957059315,42.40319668365399],[-70.99062057115106,42.405296683919595],[-70.99092257127467,42.4064346847848],[-70.99100757123094,42.40717168449473],[-70.99103157062744,42.40820268485255],[-70.99078657145775,42.409949684945474],[-70.9904435716937,42.41110968545368],[-70.9900555712966,42.41206468519383],[-70.98947057064082,42.41327768548818],[-70.98943157065634,42.41357568547235],[-70.98836957045995,42.416101686696614],[-70.98752957026466,42.41762468661058],[-70.98638957003128,42.419071686908325],[-70.98502457023704,42.421094687158856],[-70.98371456997806,42.42299968779453],[-70.98309056943599,42.4238476880936],[-70.98237356952636,42.424927687958494],[-70.98157256922792,42.4259496887698],[-70.98056956888605,42.42711568823779],[-70.9791125687479,42.42868468906598],[-70.97778556822047,42.42994168887954],[-70.97689056830257,42.430646689719346],[-70.97516356710734,42.43182868974543],[-70.974677567037,42.43219768961011],[-70.9726015661655,42.43358369044737],[-70.97192356704055,42.43400568984955],[-70.96969356600628,42.435529690164564],[-70.96896856516135,42.43567669027479],[-70.96874456590031,42.43604169100926],[-70.96774356491287,42.43670369047118],[-70.96703656557683,42.43710569116561],[-70.96637656465899,42.43757269124759],[-70.96528056434788,42.43823069090704],[-70.96263356419169,42.43950069118697],[-70.96186156393729,42.43990569142219],[-70.96039556327325,42.44052469203136],[-70.9601175628962,42.44069669191291],[-70.9601795625598,42.4409026918828],[-70.96079756361371,42.441405692287],[-70.96134556283866,42.441665691651245],[-70.9620785638266,42.44183369160721],[-70.96390856421723,42.44175269154536],[-70.9649035641865,42.441681692163186],[-70.96579156517005,42.44177469221958],[-70.96626256448046,42.44193269188471],[-70.96691856532469,42.442344691856775],[-70.96706556585423,42.442567692400765],[-70.96747456578414,42.44267269240416],[-70.96755956574279,42.442486691784744],[-70.96792256566836,42.442498692117645],[-70.96814556601892,42.442017691542596],[-70.96921856638814,42.442192692074386],[-70.96933456635205,42.44206069218315],[-70.9705005667534,42.44218469166669],[-70.9706625669601,42.44210069142153],[-70.97050756605745,42.44172969165607],[-70.9708235665039,42.44154869194049],[-70.97099356615223,42.44078869174338],[-70.9709315668366,42.44041169162388],[-70.97124756634788,42.44026269112331],[-70.97142456645093,42.43951669095687],[-70.97167156629281,42.43884569152352],[-70.9720025667659,42.43813269062153],[-70.97387656672902,42.43610569079404],[-70.97484856781972,42.43517069068762],[-70.97504156720127,42.43488369012715],[-70.97510256691095,42.43389168977869],[-70.97648356839966,42.432998690047384],[-70.97682256801295,42.43271368975168],[-70.97804956871111,42.431828689669324],[-70.97873656893864,42.4314476892701],[-70.97895956919503,42.43124568904333],[-70.9793845692587,42.43132368967541],[-70.98000856940102,42.430956689670275],[-70.98001656860016,42.43080868912099],[-70.98076456910562,42.4301876889],[-70.98084156927393,42.429902689567065],[-70.98105756923924,42.429831689500325],[-70.98146656934756,42.429391688990044],[-70.98220756987281,42.42929368913944],[-70.98282456985675,42.42889568893042],[-70.98377357014526,42.42905468890255],[-70.98425956965811,42.42877168870454],[-70.9846225700938,42.428679688605115],[-70.98543257011804,42.42875168872946],[-70.98547857106982,42.42904368865568],[-70.98526257081137,42.429240688513445],[-70.98481557043876,42.428996688510125],[-70.98395157067198,42.42939868901294],[-70.9831795694565,42.42928168922164],[-70.98310256935399,42.42953968890415],[-70.9837505703178,42.42981568903055],[-70.9848695706725,42.42972968890873],[-70.98375157073575,42.43127068920249],[-70.98423057040196,42.43146068916298],[-70.9845775708344,42.43113468881294],[-70.98656157152136,42.43208668960832],[-70.98673957121545,42.431939689717254],[-70.98653057107477,42.431676689191924],[-70.98582057047877,42.431121688909556],[-70.98539557016352,42.43100368921822],[-70.98469357012932,42.430911689238194],[-70.98564957099964,42.429648689243066],[-70.98593457139033,42.42991768915488],[-70.98626657139701,42.42998468886402],[-70.9865525712573,42.430285689413864],[-70.98693857138018,42.43046768933786],[-70.98717857101894,42.43086468898228],[-70.98813557114194,42.43132468876265],[-70.98857557206966,42.43139368959659],[-70.9887285714631,42.430810689006755],[-70.98854357191942,42.43052968862726],[-70.98882157177087,42.430376689066996],[-70.98907657161851,42.43094868914396],[-70.98947857223664,42.43122968949245],[-70.98913157224344,42.43133068953921],[-70.98896157211024,42.43174268897412],[-70.98855357146702,42.432308689016935],[-70.98855357135339,42.43245268959512],[-70.989001571413,42.432944689858275],[-70.98907057197708,42.43325868931941],[-70.98948757165076,42.433674689782315],[-70.98921757241416,42.43376068980207],[-70.9896815719491,42.43417568979829],[-70.9904535726723,42.434360689502476],[-70.99072357214281,42.43434668998952],[-70.99163357270358,42.43402468967794],[-70.99184957309132,42.43375468981206],[-70.99218857355795,42.43360068921428],[-70.99224257358925,42.43333868962717],[-70.99251257282494,42.43321668938154],[-70.99353857332932,42.43223568948202],[-70.99360757379219,42.43200468876634],[-70.99470257370896,42.43139968902361],[-70.99484957406341,42.43115868921183],[-70.99512657441643,42.43115368862671],[-70.9961605740846,42.43067268837216],[-70.99656157488626,42.4305526886597],[-70.99723357498482,42.43052268916758],[-70.9973875750304,42.430812688734875],[-70.99774357482889,42.43094668857095],[-70.9979205751839,42.430816688700055],[-70.99842257452482,42.430956688649445],[-70.9994955751523,42.431122688796805],[-70.99993457552186,42.4310336887972],[-71.00026257520469,42.43071368898566],[-71.0003885760865,42.430454688967046],[-71.00041857553138,42.43003468861061],[-71.00023757574789,42.4295606884753],[-70.9999875755982,42.42933568830037],[-70.99964957516393,42.42921968821091],[-70.99941557460777,42.428890688491194],[-70.99949557567301,42.42860568821887],[-70.99919857462231,42.428466688189204],[-70.99899157502273,42.428641688733215],[-70.99863557494419,42.42849968824852],[-70.99802657473558,42.42866268794284],[-70.9975485745825,42.429067688641304],[-70.99662257393592,42.429506688521904],[-70.99592857433487,42.42959068859255],[-70.99514057408062,42.429568688464194],[-70.99465457406723,42.429329688336914],[-70.99401357374364,42.428791688360604],[-70.99390557307606,42.428180687999564],[-70.99427457392459,42.42738668788565],[-70.9944285734061,42.42688368811634],[-70.994166573719,42.426672688303],[-70.99336357295333,42.42661468784455],[-70.99246057237188,42.42640968794591],[-70.99186657209981,42.42609568784301],[-70.99170357195945,42.42558068754665],[-70.99135557231901,42.42546068807508],[-70.9916795728361,42.42522968819612],[-70.99174057264213,42.424643687471956],[-70.99214957232846,42.42428068777035],[-70.99295957288537,42.42423968779897],[-70.99385557366254,42.4243046874993],[-70.99373957346886,42.42461268746465],[-70.99265157249192,42.424483688035586],[-70.99221957264108,42.42452668768062],[-70.99205057215674,42.42504768818675],[-70.99205857237354,42.425425688320786],[-70.99225157260976,42.42581868837742],[-70.99273757292292,42.42604468815983],[-70.99347857316425,42.42624368776646],[-70.99470557393292,42.426379687610456],[-70.99573957414182,42.425852687482866],[-70.99564657345198,42.426101688360475],[-70.99526957336897,42.42633368775421],[-70.99496857320084,42.4267846883689],[-70.99494557322735,42.42730268787096],[-70.99469157340225,42.4279686880401],[-70.99483157389285,42.428556688179874],[-70.99514057431803,42.42882168865623],[-70.99559557440642,42.428966688712535],[-70.99615157386143,42.428871688611814],[-70.99662957457492,42.42860668805219],[-70.99728457450774,42.42810868825285],[-70.99786357472958,42.42783268816867],[-70.99834157471456,42.42777068817906],[-70.99899757511145,42.4278036877856],[-70.99956957468824,42.428050687752034],[-70.99936057462858,42.42828368798476],[-70.99974857510291,42.4284616879105],[-71.00019157480979,42.42808468780958],[-71.00040457603174,42.428247687790204],[-71.00126957580659,42.429236688369784],[-71.00131657632147,42.429366688804386],[-71.00130357579987,42.430798688354905],[-71.00174757547941,42.43064268905075],[-71.00209557576628,42.43038868810754],[-71.00221157581866,42.43009368841915],[-71.00279057658632,42.42983168825513],[-71.00487157727869,42.42990768808958],[-71.00482657659958,42.43031968811912],[-71.0044465770091,42.430446688670074],[-71.00354157702527,42.43030868808893],[-71.00330957699717,42.43034468806981],[-71.00298157638139,42.430715688302406],[-71.00204457572731,42.43119568906576],[-71.00129157600307,42.431676689081215],[-71.00133857635555,42.43177968916312],[-71.0022305769205,42.43245268896568],[-71.00268457626582,42.43242168884934],[-71.00303157613405,42.43207468927608],[-71.0034305770991,42.4321796888741],[-71.00373757686927,42.432529688472265],[-71.00414157644907,42.43269868899912],[-71.00481657705511,42.43276368877449],[-71.00540457753856,42.43269868885693],[-71.00583857731017,42.432776688806115],[-71.00666657786071,42.43316368850872],[-71.00716657816704,42.43360968920873],[-71.0075225775883,42.43372468880407],[-71.00803957801642,42.433660688834735],[-71.00868057895882,42.43391968891819],[-71.00894057830959,42.433956689401896],[-71.00927757870741,42.434286688745054],[-71.00937557832776,42.43399768869611],[-71.01088357954731,42.434415688667634],[-71.01094157888117,42.4352356889103],[-71.01148857978266,42.43585668944764],[-71.01181657944895,42.43597668930555],[-71.01181557910243,42.43625668923589],[-71.01143957916749,42.43651468942436],[-71.01158257932035,42.43681868939185],[-71.01121657927098,42.43693368985365],[-71.01066557974212,42.43754668984249],[-71.01076857978632,42.43774468963089],[-71.01042157988373,42.43832469008673],[-71.01104057981904,42.438848690082374]]]},"properties":{"municipality":"Revere"}},
{"type":"Feature","geometry":{"type":"MultiPolygon","coordinates":[[[[-70.93947355675087,42.45535469555443],[-70.93934055713437,42.45513869558497],[-70.93893155735823,42.455024695118965],[-70.93873155680103,42.45455069506542],[-70.93856855720176,42.45386869471259],[-70.93856155681452,42.453342694838845],[-70.9387695565354,42.45163669476661],[-70.93891655619146,42.45108069412116],[-70.93909355615288,42.449820694499515],[-70.9391165566252,42.44918169410239],[-70.93931755617724,42.447790693803945],[-70.93979555648738,42.44545969375484],[-70.93998055608434,42.44440269277317],[-70.94011155640749,42.443076693309585],[-70.94022755673998,42.442403692760266],[-70.94027355647492,42.440358692358224],[-70.94007255616316,42.43967369262511],[-70.93957055627236,42.43879969213761],[-70.93843655581445,42.43758969197462],[-70.93802755498217,42.43694369192109],[-70.93782655480798,42.43646069185141],[-70.93737855477588,42.43572069125761],[-70.93644455433821,42.43447069149896],[-70.93597855467883,42.43395469156892],[-70.93536955456112,42.43282669115173],[-70.93506755380886,42.43187369092485],[-70.93491255367148,42.43100569120424],[-70.93467255411485,42.43036269030828],[-70.93468055450354,42.43016869061201],[-70.93564155441112,42.42915369000123],[-70.93533055433777,42.42779469034029],[-70.93544955421021,42.4271486899825],[-70.93568855411161,42.42712669016034],[-70.93657555460729,42.42607568982755],[-70.9370695549093,42.42599968975767],[-70.93762555497565,42.42566168994778],[-70.93762555437546,42.425508689344724],[-70.93720155398829,42.425232689739794],[-70.9367075547972,42.42476368970533],[-70.93656055437235,42.42442768912203],[-70.9365455543627,42.42374368929783],[-70.93679955378246,42.42364468905548],[-70.9368075538457,42.422897688994965],[-70.93689955478223,42.422684689590355],[-70.93687655405638,42.421918689350704],[-70.93659155393863,42.421775689072966],[-70.93650655348685,42.42143868884024],[-70.93629055450693,42.4212486885125],[-70.93612855354078,42.42057668920629],[-70.93611255367337,42.41980668848505],[-70.9362885536667,42.419537688948026],[-70.93682955450083,42.41944868868157],[-70.93654855365895,42.419106688770015],[-70.93644655390162,42.41866868841547],[-70.93663155434999,42.41777168841042],[-70.93654455363156,42.417246688428364],[-70.9366985541533,42.41695968817048],[-70.9361515538427,42.41653268814322],[-70.93564255370032,42.41663568846427],[-70.935392553999,42.4169296880104],[-70.93519355391942,42.41753268858544],[-70.93531055306828,42.417881688600254],[-70.93481055327823,42.41828568873656],[-70.93449555362118,42.41837468800212],[-70.93429055369194,42.418168688332734],[-70.93372155325326,42.417977688590035],[-70.93343455260944,42.418011688265096],[-70.93222955267174,42.41783368857293],[-70.93184655267756,42.4179016881263],[-70.93183955279316,42.418380688681665],[-70.9315525527803,42.41853168847205],[-70.9303615520119,42.41846968897006],[-70.93012855120199,42.418415688951924],[-70.92983255181086,42.41781868831229],[-70.92955455136126,42.41781868847042],[-70.92940755146552,42.417596688410704],[-70.92856655089969,42.417623688240475],[-70.92811955150668,42.417789688798614],[-70.92846655131694,42.4188686885836],[-70.92884455109419,42.41981268894656],[-70.92934555176836,42.42025668910686],[-70.92903055147944,42.42084168867704],[-70.92877155140364,42.42109468954316],[-70.9277145510267,42.4217626889046],[-70.92692255088376,42.42208068944422],[-70.92612555091104,42.42232068948182],[-70.92495054989203,42.4225696899583],[-70.92461454985015,42.42254768987696],[-70.92420555063978,42.42267768989911],[-70.92402154995152,42.42303169002492],[-70.92330455034896,42.423113689844314],[-70.9231005494677,42.42326668954634],[-70.92252655019803,42.42347068932704],[-70.92126954887969,42.42379668988134],[-70.92044054907907,42.423872690018364],[-70.92001954859327,42.42383468988548],[-70.91882654872386,42.423528690237184],[-70.91852054769396,42.42324768999378],[-70.91853254818945,42.422896689439845],[-70.91880754870279,42.42270568963069],[-70.9184255484981,42.42229369002339],[-70.91759354766316,42.422292689865955],[-70.91724654817219,42.42188068956147],[-70.91745454771085,42.42167868986448],[-70.91781854790575,42.421055689153356],[-70.91745554794889,42.420980689247095],[-70.9171695479737,42.42068368922922],[-70.91700754727108,42.421001689268735],[-70.91646754804964,42.421217689700086],[-70.91581154705983,42.421197689344865],[-70.91547254692834,42.42109468991149],[-70.91494054727303,42.42041968922256],[-70.91464754628824,42.41932068948528],[-70.9148015466649,42.41895368890627],[-70.91427654610759,42.4190296895664],[-70.91400654702173,42.41891268887295],[-70.91341254681822,42.4194906892581],[-70.91295754647774,42.41950268895664],[-70.9119775455936,42.4194106889107],[-70.91128254599421,42.419224688993765],[-70.90980954555775,42.41833468907221],[-70.90980154506475,42.41824068951945],[-70.91071254582944,42.41735168861777],[-70.91058154560552,42.41712368892043],[-70.91097554498138,42.41670768843077],[-70.9105815448459,42.416344688561274],[-70.91008054522455,42.416191688500525],[-70.9095405452507,42.41617368878951],[-70.90933154536658,42.4163746889454],[-70.90940154452828,42.41659868869965],[-70.90886854483443,42.417147689042935],[-70.90760354494613,42.41746168954215],[-70.90712454433823,42.417420689393424],[-70.90699354413564,42.417147689145324],[-70.90660054443818,42.41703768876447],[-70.90659254385423,42.41682568904328],[-70.90602154431438,42.41675868860312],[-70.9055745433233,42.41706768924525],[-70.90556654358375,42.41722968903361],[-70.90521154349076,42.41747068917598],[-70.9045865439325,42.41769668955049],[-70.90430854279124,42.41766968940678],[-70.9039375433824,42.4180546894764],[-70.90342054264248,42.418026688893136],[-70.90316654248197,42.4181976892498],[-70.90308154273254,42.41851868924567],[-70.90274954231631,42.41877668957247],[-70.9024025422499,42.418912689547746],[-70.90217854212361,42.41942068985996],[-70.90224654240039,42.41997369018473],[-70.90287254296774,42.42006168939253],[-70.9029805431868,42.41994368972929],[-70.90348954290317,42.41982269000169],[-70.9034735426162,42.42011968948868],[-70.90372854307479,42.420227690179466],[-70.90429954291831,42.420213689395304],[-70.9044695433538,42.42005768931557],[-70.90480154342765,42.420056689264285],[-70.90511754400855,42.42038968974209],[-70.90563454423322,42.42052969006442],[-70.90622854387618,42.42007368971027],[-70.9064215446263,42.42001168919892],[-70.9067225442788,42.41968268940633],[-70.90722454381482,42.419638689149984],[-70.90761754408605,42.41973568979311],[-70.90804154469498,42.42009768968815],[-70.9079955451269,42.42035468958723],[-70.90815754446714,42.42054168939604],[-70.90816454463014,42.4209106901583],[-70.90838854517081,42.42096968949052],[-70.90841154516967,42.42132968941708],[-70.90806454527728,42.421556690311],[-70.90880554478672,42.42169668985211],[-70.90890554450047,42.42192468968539],[-70.90940654540096,42.42198369006891],[-70.90940654513064,42.42270469025619],[-70.90902854469348,42.422971690455036],[-70.90825654429462,42.4229176896856],[-70.90793254423056,42.4230356899891],[-70.90851154443564,42.42347568976232],[-70.90858054509445,42.42380769006824],[-70.90847254477293,42.424426689940525],[-70.90893454478372,42.42486469070153],[-70.9088815446607,42.425081690103745],[-70.90856454559453,42.42516769052998],[-70.9084945453856,42.42538969083068],[-70.90959054561336,42.426416690335984],[-70.90989154600922,42.42654169064132],[-70.91043054626074,42.42695169096992],[-70.91109454661235,42.42723369081995],[-70.91189754679405,42.42746769053914],[-70.91225254606867,42.42771869068623],[-70.91274554712761,42.42774569053611],[-70.91350254742383,42.4275486910557],[-70.91489154729415,42.42754769091845],[-70.91552454711274,42.4276226903547],[-70.91636554802149,42.427914690509],[-70.91874154926592,42.42900969104017],[-70.91905054842431,42.42924769058049],[-70.92065554953541,42.42927469103671],[-70.92094054892299,42.42950469079329],[-70.92168154979201,42.42957769113743],[-70.92183654927213,42.42975069128807],[-70.92252255009798,42.429621690483636],[-70.9228235501483,42.429724690636256],[-70.92346455034308,42.429624690866255],[-70.92368855012961,42.42979569054723],[-70.92404355014459,42.429839691162314],[-70.92430555063044,42.43001969078958],[-70.92462955091221,42.42979369060842],[-70.92632755114454,42.429467690796066],[-70.9269135515636,42.42931369045627],[-70.92848055221717,42.42828769041107],[-70.92931455222846,42.42828269033167],[-70.93007055235178,42.428450690150335],[-70.93132855332986,42.429077690521524],[-70.93256355335767,42.43017769051573],[-70.93341255365469,42.43137469116845],[-70.93381355370359,42.43202069117255],[-70.93432255453769,42.43303869138288],[-70.93445355454601,42.43376169112222],[-70.9339985537019,42.434007691258905],[-70.93295655338244,42.434282691076014],[-70.93260955352449,42.434513691273686],[-70.9315445537261,42.4355536917211],[-70.93085655297455,42.43616869176639],[-70.93037855270669,42.43643769217972],[-70.92972255316144,42.43659769160605],[-70.92927555202938,42.4370146925294],[-70.92904355238922,42.437049692361505],[-70.92861155217504,42.437417692493945],[-70.92875755297938,42.437743692420675],[-70.92928255247554,42.43797769243275],[-70.92972255326434,42.4380066926264],[-70.93151355350783,42.437760692101556],[-70.93286355362343,42.43775569207793],[-70.93341155451655,42.43767469234375],[-70.93448455419131,42.43735869233727],[-70.9358275552858,42.43701669188187],[-70.93652955454087,42.437108691659645],[-70.93700855465784,42.43754169240391],[-70.93779555579955,42.438428691973805],[-70.93832055621036,42.43914969188614],[-70.93857555622478,42.439604692371574],[-70.93887655647093,42.44054469241597],[-70.93897755585218,42.441740692417994],[-70.93889255584668,42.44350769335728],[-70.93871455622548,42.44501869314393],[-70.93858355582303,42.44559769343146],[-70.93825955653034,42.447367693480444],[-70.9381205565481,42.44795069348047],[-70.93798155652779,42.44884069379588],[-70.93775755611426,42.44994769438062],[-70.93737255559351,42.45159269486879],[-70.93709455557388,42.45294369498341],[-70.93685455653943,42.45383469467049],[-70.93649955639424,42.45483169521737],[-70.9362455559793,42.45585369529913],[-70.93571655563396,42.456697695320536],[-70.93661155572877,42.45689169542145],[-70.93947355675087,42.45535469555443]]],[[[-70.90540454355278,42.41652168932675],[-70.90551254381262,42.41690668920485],[-70.90582954380199,42.41673068907369],[-70.90579054390722,42.41649268917599],[-70.90540454355278,42.41652168932675]]],[[[-70.90675154430738,42.424576690078624],[-70.90648154442152,42.42481969026575],[-70.90607254386637,42.42496169079486],[-70.90634254492879,42.42514669051461],[-70.90658154399084,42.42492169055587],[-70.90696754454208,42.424843690861806],[-70.90675154430738,42.424576690078624]]]]},"properties":{"municipality":"Nahant"}},
{"type":"Feature","geometry":{"type":"MultiPolygon","coordinates":[[[[-70.88600154130141,42.49781770539141],[-70.88626354202954,42.497567705363345],[-70.8870355428169,42.49757270471268],[-70.88800154300294,42.498110704801924],[-70.88851054224222,42.49854370522017],[-70.88854154319613,42.49897070526401],[-70.88816254302108,42.49935570528525],[-70.88790754210153,42.49948170556231],[-70.88813354288187,42.49992370505668],[-70.88811154254553,42.50029770566524],[-70.8875075423861,42.50139270545745],[-70.88742954201952,42.501920705573596],[-70.88720554306279,42.502198705906984],[-70.88666454238863,42.502558705951124],[-70.88633854220646,42.50359970608652],[-70.88618354268476,42.50442670603215],[-70.88586654195294,42.504557706600124],[-70.8850405419907,42.50434670645944],[-70.88416754141801,42.50424370584657],[-70.88338654104133,42.5045947062925],[-70.88274554085851,42.50498770605784],[-70.88274454172729,42.505356706933995],[-70.88257454075763,42.505566706346045],[-70.88189454114608,42.50576270699746],[-70.88170054061786,42.50609470703047],[-70.88267454073133,42.50656470650493],[-70.88306854186366,42.50686470680382],[-70.8833845417727,42.50729570714095],[-70.88412554235776,42.50756770720981],[-70.88454254170665,42.50798370691966],[-70.88474354165704,42.50845770734276],[-70.88577054275667,42.508584707506046],[-70.88655154312242,42.508540707070004],[-70.8872465425924,42.50879070685815],[-70.88743254341433,42.509021706774604],[-70.88753254309168,42.50948370674019],[-70.88731554241983,42.509716707214096],[-70.88785654367312,42.509928707152206],[-70.88806454380081,42.51012270739747],[-70.88787854335374,42.51058970730431],[-70.88739954344956,42.51111570776849],[-70.88705954242783,42.51123370739255],[-70.88646454264362,42.51118470711995],[-70.88617854305423,42.51135670782485],[-70.88610854309775,42.51169570737265],[-70.88657154311076,42.5119307074592],[-70.8870815432341,42.5123047075143],[-70.88813854326179,42.51421070845756],[-70.88799954410048,42.514451707773546],[-70.88686354329036,42.5144517083658],[-70.8863615423935,42.514388707994556],[-70.88517854213949,42.51442170850278],[-70.88476154238182,42.51474370815608],[-70.88520754297058,42.51697870829604],[-70.88593354349986,42.51829970866535],[-70.88658954385022,42.51878370867399],[-70.88695254349265,42.518908709274555],[-70.88859154419073,42.51902570861282],[-70.88866054433606,42.518938709053955],[-70.88931054439261,42.518977708673845],[-70.88927854398973,42.519473709075406],[-70.88749354367283,42.51926370914262],[-70.88730854313138,42.51936170869976],[-70.88761654367543,42.5199867089132],[-70.88757754410166,42.520248709621974],[-70.88732254326149,42.52025270882254],[-70.88658954319018,42.51908070921042],[-70.88630354297194,42.519076708896186],[-70.88707554328877,42.52027070951289],[-70.88733054350034,42.52080170911753],[-70.88699754356126,42.52078070958304],[-70.88695954397659,42.52099270919885],[-70.88418754210454,42.51691870877389],[-70.88335354151671,42.516508708931106],[-70.88319954198089,42.51662870823788],[-70.88398654284163,42.51701670853034],[-70.88618654362543,42.520226709026495],[-70.88616354306302,42.52051070961314],[-70.88593154311428,42.52065370950872],[-70.88383654197891,42.521399709241834],[-70.88372054203252,42.521356709298765],[-70.88304054251988,42.52152570968846],[-70.88244454243129,42.521773709590036],[-70.88195054176443,42.5217737095761],[-70.88222054214843,42.522052709332996],[-70.88227454190258,42.52228571013819],[-70.8818875418039,42.522539709659235],[-70.8805975417169,42.52173270935863],[-70.88007254099122,42.5217727100417],[-70.87951554165384,42.52159670995459],[-70.87889754041441,42.52178270961425],[-70.87845654111247,42.52183970948415],[-70.87701054033266,42.5231597103109],[-70.87646154053634,42.523033709844285],[-70.87654554036972,42.524162710347085],[-70.8763525405394,42.52431471007075],[-70.87599853994895,42.52291071001828],[-70.87483153960292,42.522385710343436],[-70.87463853920032,42.52261771032535],[-70.87577453959679,42.52312171013559],[-70.87608153964025,42.52438171019393],[-70.87539354047279,42.525428710836266],[-70.87485854004213,42.52617571035837],[-70.87475053959962,42.52663271078351],[-70.87451054024827,42.52721771057309],[-70.8741425403158,42.527696711176],[-70.87401953974864,42.5280317109752],[-70.87412853965331,42.5283857115052],[-70.87397353985459,42.52863971085074],[-70.87330953939836,42.52911971130611],[-70.87296953910054,42.5292057109725],[-70.87242053947206,42.529016710990035],[-70.87196453912468,42.52924071175241],[-70.87199653911182,42.52953671123348],[-70.87189653909608,42.530240711968474],[-70.8716025392208,42.53080371214702],[-70.87117053919867,42.5309147114853],[-70.870636539075,42.53090571181232],[-70.87001853891108,42.530730711974094],[-70.86977053864999,42.53049671145528],[-70.86994853813016,42.53016071137491],[-70.86994753901031,42.52981371144653],[-70.87013253897028,42.52936071123753],[-70.87062753888559,42.52881171160005],[-70.8707655389909,42.52822871115979],[-70.87131353860316,42.5277287110205],[-70.87142153909862,42.52697571104079],[-70.8715605383583,42.52668471059111],[-70.87143653929041,42.52642571076929],[-70.87172953900352,42.52610571100129],[-70.87146653816868,42.52588471109935],[-70.87082553900812,42.525760710420975],[-70.87055453815856,42.525994710400255],[-70.8702305382088,42.52610371099656],[-70.86967353784837,42.52611271056892],[-70.86891553763901,42.525678711196186],[-70.86826653818898,42.52576571082888],[-70.86809753811035,42.526074711325954],[-70.8676805377172,42.52632471062194],[-70.8675025373431,42.526570710682485],[-70.8670155377105,42.526601711153816],[-70.86676053669915,42.52642971074734],[-70.86621153646865,42.526943711107684],[-70.86676153692538,42.52753771118204],[-70.86702353703734,42.527299711329015],[-70.86750353728172,42.52760671135414],[-70.86771253718047,42.52806271124204],[-70.86765853704334,42.52849971097373],[-70.86768253762963,42.52943171163352],[-70.86754353822653,42.529618711397745],[-70.8670645374911,42.52990971209386],[-70.8667475373637,42.529960712062305],[-70.86611453711241,42.5304437115586],[-70.86631553706034,42.53093071168643],[-70.86663253798244,42.53108371200475],[-70.86691853732356,42.53102971172738],[-70.86726653779985,42.53132071188544],[-70.86771553772685,42.53145271174113],[-70.86788553775496,42.531621712258186],[-70.86905253833055,42.53155271199049],[-70.86961753788032,42.53138571206257],[-70.87006553883522,42.531360711863165],[-70.87034353925777,42.531481712231574],[-70.87070653933083,42.531430712119814],[-70.87074653877097,42.531835711733834],[-70.87035953914729,42.53199971176439],[-70.87035253842197,42.53243671221529],[-70.87045253914326,42.5326467117978],[-70.87022953885021,42.53306471214461],[-70.86971153816441,42.53338371233167],[-70.86942553803081,42.53344671227838],[-70.86875253771557,42.53298971251666],[-70.86834253833455,42.532806712608306],[-70.86664953703114,42.53222271218026],[-70.86648753771966,42.53221171242816],[-70.86571453742262,42.53263371184208],[-70.86493453744339,42.53340271226392],[-70.86457153716933,42.53350771283001],[-70.86450953699833,42.53368871235814],[-70.86483453695789,42.533832712069724],[-70.86563853764095,42.533918712854515],[-70.86594053682086,42.5342467121184],[-70.865731537248,42.53438071234092],[-70.86659053761724,42.53516371230448],[-70.86653653708107,42.53574071253215],[-70.86686153775048,42.53596971285858],[-70.86713953749656,42.535789713093656],[-70.867541538492,42.53574271256074],[-70.86790553853389,42.53627271260236],[-70.86798353765431,42.53659571252036],[-70.86850153845852,42.53681171335477],[-70.86905053908741,42.53673971258158],[-70.86947553829093,42.53683171290442],[-70.86975353853839,42.53648571277586],[-70.87054153918314,42.53618471256373],[-70.87059553924493,42.53584971231617],[-70.87104353951047,42.53533871271322],[-70.8715765392944,42.535122712810484],[-70.87200953925012,42.53511071213547],[-70.87301353917817,42.53496871237953],[-70.87353954017144,42.534356712438985],[-70.87362354000463,42.53390471245332],[-70.874048539646,42.5336097123788],[-70.87492153998056,42.53339271238505],[-70.87535454078106,42.533372712080165],[-70.87622054030939,42.53350271234141],[-70.87680754102182,42.53327671199233],[-70.87699354125944,42.5330887120022],[-70.87837754183873,42.532363712231344],[-70.87863354099704,42.53208471191278],[-70.87873454115339,42.53165571144173],[-70.87851754124281,42.531384711588245],[-70.8779225414566,42.53138471126352],[-70.87787654080442,42.53124171188001],[-70.87946154106741,42.53047271142561],[-70.8800255414702,42.53112971180358],[-70.8803195420669,42.530962711258724],[-70.87996354201574,42.5305047115156],[-70.88008854165315,42.530205711749716],[-70.88135654227666,42.52980271079413],[-70.88179654274492,42.52935371126649],[-70.88195954230416,42.528752710664854],[-70.88217654256493,42.52844271061639],[-70.8832205428494,42.52754771072557],[-70.88416454281953,42.526662710321595],[-70.8844585425321,42.52659071040504],[-70.88545454335141,42.52702871039184],[-70.88616654404338,42.52716971095236],[-70.88686954334919,42.52737071045668],[-70.88741754449136,42.52762271057961],[-70.88773454377873,42.527878710555996],[-70.88785054421176,42.5282187105763],[-70.88760254366414,42.52893871041907],[-70.88689154453724,42.52885171126093],[-70.88645054341282,42.529511711452585],[-70.88644154437226,42.530303710959366],[-70.88561454325888,42.53105171133904],[-70.88519654386158,42.531337711123506],[-70.88468554314176,42.53147671157763],[-70.88377354291819,42.53188771146842],[-70.88354154287038,42.53228771170722],[-70.88303054285875,42.53277371129057],[-70.8828375425025,42.5331057120582],[-70.88266654322699,42.53389671226875],[-70.88180754248475,42.53499971245651],[-70.88210954258913,42.535310712358914],[-70.88228654245978,42.53527171224486],[-70.88359354290964,42.534565712430535],[-70.88425054312185,42.5345677122673],[-70.88498454399819,42.53488471212373],[-70.8853865435474,42.534841712359274],[-70.88567254446463,42.53520171249856],[-70.8861365442013,42.535586711721976],[-70.88618254428091,42.53629671237506],[-70.88652954419001,42.53692571255451],[-70.88664454485273,42.537702712584476],[-70.88709354475529,42.53772271218444],[-70.88715554488724,42.536911712319885],[-70.8876275441102,42.53624571194292],[-70.88827754439505,42.53569471250782],[-70.88891154502707,42.53532871218914],[-70.88908954533383,42.53547871246441],[-70.88826754440426,42.53773071211464],[-70.88862354471848,42.53780571267715],[-70.88876354556562,42.537577712674306],[-70.88974654518111,42.534873711690466],[-70.89004054543626,42.534931711586424],[-70.89034254565712,42.53483271221021],[-70.89038854554677,42.534403712194596],[-70.890953545636,42.53399871196079],[-70.89151754590459,42.53379971158605],[-70.89167254560333,42.53365771166521],[-70.89170354638831,42.53324271112351],[-70.89137954519222,42.53301471178185],[-70.8912705456842,42.53266471133266],[-70.89100854530395,42.53246171162635],[-70.89095454534574,42.5321477110449],[-70.89363154575632,42.528478710286365],[-70.89536454699457,42.52619871046027],[-70.8957975472242,42.52574571027824],[-70.89634654706398,42.525371709832555],[-70.89787754766631,42.524806709780734],[-70.89839554755555,42.52469470989362],[-70.89891254812133,42.52503271018549],[-70.89832554697867,42.52548771030162],[-70.89758254792874,42.525819709682125],[-70.89713454716113,42.52617370989733],[-70.89692554731025,42.52653270992386],[-70.89703354729711,42.527517710103666],[-70.89765754761112,42.52931771081827],[-70.89738754754494,42.530014710627135],[-70.8971085471233,42.53020471035968],[-70.89690754785124,42.530563710439665],[-70.896968547549,42.53105771090135],[-70.89728554701901,42.53146171063056],[-70.89689954779108,42.531725711198014],[-70.89634254704052,42.531527711038876],[-70.89606454770109,42.531558710911106],[-70.89560754712518,42.53184971141706],[-70.89517454751544,42.53242471120114],[-70.89499654683827,42.532517710918405],[-70.89430954674344,42.53258271118305],[-70.89413854656765,42.53270771105991],[-70.89430154641971,42.5330157115157],[-70.89483454725776,42.53339871187537],[-70.89513554738996,42.534338711349015],[-70.89560654721248,42.534542711390934],[-70.89581554750319,42.53475571186406],[-70.89545154703576,42.53509471188643],[-70.89544354702716,42.53556771147772],[-70.89521154717431,42.53602671238989],[-70.89459254690343,42.53627971161534],[-70.89336354613073,42.53621871241509],[-70.89363454703448,42.536457711999226],[-70.89463154720679,42.53656271181745],[-70.89490954697742,42.53677871190199],[-70.89486254656411,42.5371847117661],[-70.89515654710199,42.537377712456546],[-70.8956045471715,42.53696071216594],[-70.89657854799093,42.53723271251048],[-70.89707354812685,42.537057712135834],[-70.89746054797509,42.537118712452],[-70.89816354794543,42.53740871179564],[-70.89839554855412,42.53760371229778],[-70.89842554785932,42.53802171217152],[-70.89832554786965,42.5382307127083],[-70.89769154775826,42.538443711949014],[-70.89756754752527,42.53883771246067],[-70.89801554821078,42.53919471275711],[-70.89871954869544,42.5391827123137],[-70.89929154875732,42.539456712550795],[-70.89872654841466,42.539912712216875],[-70.89860254878234,42.540220712720334],[-70.89833954894816,42.54048571277602],[-70.89847854828673,42.54075871238706],[-70.89888054821806,42.5407477129672],[-70.8989655492414,42.54093071242981],[-70.89890354812317,42.541332712752734],[-70.89939854910982,42.541368712554764],[-70.89986954860387,42.541829713160716],[-70.90081254889341,42.54189071264006],[-70.9010215492064,42.54197671332903],[-70.90092854899841,42.54236571318173],[-70.90073554945957,42.54261171299643],[-70.90078854912421,42.542854712644726],[-70.90252855021406,42.543050713422694],[-70.903061550663,42.54302371314982],[-70.90339454975246,42.54311771343995],[-70.90382654996755,42.54357871268677],[-70.90495555056356,42.54461771339541],[-70.906021550964,42.54527071295419],[-70.90615355154534,42.54548971331218],[-70.90674055164635,42.54588471336027],[-70.90698855152449,42.54597071364575],[-70.90744455178167,42.545809713267666],[-70.90832555153106,42.54505671339365],[-70.9092075519756,42.54397471336454],[-70.90921555263002,42.543682713220164],[-70.90950955197822,42.54318671329863],[-70.9095405525919,42.54295671279097],[-70.9092545526718,42.54270471272794],[-70.90779455206521,42.54194071246816],[-70.90711355171123,42.541740712715665],[-70.90714455110623,42.54144771257744],[-70.90681955147298,42.54144871272707],[-70.90596955048372,42.54089071213112],[-70.90607055116132,42.539857712750695],[-70.90594755082827,42.5391617124086],[-70.9056845505716,42.538652711790455],[-70.90590155108411,42.53854171226797],[-70.90633455059773,42.5388897118115],[-70.9067585505799,42.53956771208729],[-70.90686755161494,42.540033712273086],[-70.90722255144549,42.54041471215357],[-70.90759355106302,42.54046271241352],[-70.90803455217741,42.54030271204078],[-70.90878455194132,42.539771712004004],[-70.90918655195371,42.539639712445585],[-70.90940255235365,42.539320712508854],[-70.90972755197669,42.53923371234972],[-70.90960455195038,42.53880871215143],[-70.90991355159831,42.53874471222592],[-70.9101995527573,42.539374711971014],[-70.90968155254599,42.53976571211525],[-70.90952655248661,42.54017371207794],[-70.90930655168023,42.54047271224298],[-70.90934355255585,42.54075671203771],[-70.90975555188983,42.540932712447976],[-70.91039155301317,42.54090971284416],[-70.91109555284831,42.54105271268877],[-70.91349055369847,42.54147971279979],[-70.913484553129,42.540733712569754],[-70.9132565526595,42.53258471117416],[-70.91282655324629,42.53240171068415],[-70.91308655238613,42.531855710541976],[-70.91314255231306,42.53152571041397],[-70.9130215520997,42.52984871066282],[-70.91270755192724,42.52806570986966],[-70.91475855317164,42.52866071020319],[-70.91554055309945,42.52883070960299],[-70.91700455386548,42.52709870984982],[-70.91648255378752,42.52686370931989],[-70.91702855395533,42.5262617098629],[-70.91831455359424,42.52498170938513],[-70.91812655349968,42.524853709547706],[-70.91807155392452,42.52439770920837],[-70.917869553666,42.524212709258414],[-70.9174765540679,42.524383709176455],[-70.91710255414999,42.52427970874162],[-70.91773055414394,42.522639708292836],[-70.91885755469335,42.52288770850061],[-70.91978555379139,42.52059470859799],[-70.92300855484505,42.51783570773996],[-70.92426855556211,42.51678070762789],[-70.92613255576748,42.515160706844775],[-70.94357356085406,42.50021970341037],[-70.94831656198626,42.49616770298222],[-70.94991756272046,42.49478470201426],[-70.94932156214857,42.494586702272805],[-70.94622456121759,42.49384070215138],[-70.93411155724236,42.49084270182522],[-70.90718654798242,42.48443270218514],[-70.90653954736044,42.48427170181204],[-70.90537554711796,42.48476770187022],[-70.90475554683394,42.4848987020494],[-70.90335254738211,42.48507670209723],[-70.90219754605494,42.48533270212999],[-70.90153854664472,42.48535870173583],[-70.90097454575104,42.48521770188633],[-70.89992754559094,42.48485570234834],[-70.89903354519782,42.48468070198089],[-70.89424454447068,42.48595970237549],[-70.8919175434677,42.4877257026378],[-70.89062454269559,42.48875170338894],[-70.88994954314087,42.490149703559176],[-70.89095854291394,42.49322270425805],[-70.89056054345912,42.49334570403008],[-70.89080154274346,42.493653704425455],[-70.88997954347874,42.49395670417452],[-70.88930054302426,42.494115703825656],[-70.88872454289223,42.49439470470602],[-70.88831954196776,42.494790704023295],[-70.88802154230396,42.49494570462894],[-70.88732654192167,42.49495070444148],[-70.88660454164018,42.49518770411961],[-70.88636254134448,42.495703705016886],[-70.88648854171386,42.49600670506408],[-70.88600454239446,42.496307704836624],[-70.88567354179938,42.496701705069256],[-70.88549854219946,42.497323705269885],[-70.88580154229697,42.4978087048421],[-70.88600154130141,42.49781770539141]]],[[[-70.83298552311658,42.48415670408292],[-70.83318352357746,42.48468070398341],[-70.83343752415624,42.48489870398356],[-70.83376852450749,42.48541070420755],[-70.8336955239393,42.48567870467478],[-70.83418352405783,42.48554270407433],[-70.83454952412703,42.48492470450778],[-70.83468552447033,42.48442970454672],[-70.8353125238169,42.48390170371829],[-70.83516352463927,42.4829817036045],[-70.83519452428268,42.48271870389532],[-70.83494852479255,42.482111703581275],[-70.83452452346496,42.48193970345301],[-70.83437752364676,42.48213370366495],[-70.83332852421651,42.48202070347375],[-70.83349552365982,42.482472704022996],[-70.83375452402883,42.48264470384179],[-70.8341665244049,42.48266770334433],[-70.83492652423833,42.483284704113366],[-70.83491952409642,42.483537704194504],[-70.83471252377515,42.48400570401585],[-70.83445952403345,42.48416470429771],[-70.83404552380068,42.48398570394595],[-70.83350652404029,42.483877704411064],[-70.83298552311658,42.48415670408292]]],[[[-70.88494154128584,42.50200270559961],[-70.88491054151332,42.50224570594072],[-70.88538954170049,42.502368706278176],[-70.88573754254816,42.50203870627801],[-70.8856445425588,42.50194070596508],[-70.88494154128584,42.50200270559961]]],[[[-70.81579951995339,42.514209710752084],[-70.81607051943233,42.51467771050811],[-70.81645651990002,42.51473471012878],[-70.81739952024509,42.514301710210425],[-70.8175535208954,42.513897710605605],[-70.8171285204371,42.513548710517775],[-70.81693552037744,42.51321871002018],[-70.81643351985001,42.51307871042471],[-70.816054520343,42.512719710447705],[-70.81559151947788,42.5127447101428],[-70.81531251948795,42.51212771026047],[-70.81491051974002,42.51152171018375],[-70.81447051858898,42.510970709907355],[-70.81387551834752,42.51072771001978],[-70.81336551930713,42.51098370951124],[-70.81289951814225,42.51044870992263],[-70.81287051881452,42.51019871006793],[-70.81242251797481,42.51003070991014],[-70.81206751780877,42.51033770940143],[-70.81185051844005,42.5108227100916],[-70.8120055187679,42.511068709637726],[-70.81256951797367,42.51119871018071],[-70.81229851799229,42.51150070958766],[-70.81232251836366,42.511801709920675],[-70.81197451859815,42.511919710371856],[-70.81216751898147,42.5121737102455],[-70.81252351852339,42.51216771047625],[-70.8129485192361,42.51230070988581],[-70.81354351908614,42.51211970975855],[-70.81384451919904,42.51213771011938],[-70.81423851888377,42.51248271025299],[-70.81432351950254,42.51283771025286],[-70.81453951973974,42.51299170988744],[-70.81479551893601,42.5133967098924],[-70.81533551966557,42.51352770998423],[-70.81537451897935,42.51373471004071],[-70.81494951912354,42.5139797102546],[-70.81523551927735,42.51419171038519],[-70.81579951995339,42.514209710752084]]],[[[-70.79127651221883,42.52174671270309],[-70.791114511797,42.52194671279484],[-70.79111451190012,42.52236071246641],[-70.79138451213652,42.5226177129301],[-70.79202651285011,42.522661712348544],[-70.7925675121675,42.522838712493765],[-70.79269851217406,42.522759712322454],[-70.79184051173958,42.521948712475435],[-70.79127651221883,42.52174671270309]]],[[[-70.81319651957917,42.52461171214531],[-70.81295651963308,42.52484071214835],[-70.81253851972006,42.52499171256564],[-70.81185851941399,42.52549271297305],[-70.81194351898866,42.525815712422165],[-70.81355951962743,42.525335712424685],[-70.81379851932546,42.5251607124799],[-70.81372951998979,42.524697712193195],[-70.81356751948083,42.52457471264869],[-70.81319651957917,42.52461171214531]]],[[[-70.7934015136212,42.52552671319347],[-70.79300651345636,42.5259837136254],[-70.79300651252119,42.52646071379599],[-70.7936325129583,42.5270717132712],[-70.79384151371153,42.52701971342194],[-70.7939575128809,42.52660371305589],[-70.79418151381796,42.52636071361118],[-70.79356351308815,42.52557871337585],[-70.7934015136212,42.52552671319347]]],[[[-70.83680952724816,42.52811671196034],[-70.83635452791111,42.528511712122445],[-70.83633852691338,42.52898471257473],[-70.83714252746417,42.52924171237864],[-70.83743652776376,42.529200712111006],[-70.83763752756134,42.528999712565614],[-70.83757552811774,42.52876171278514],[-70.83723552747063,42.5284927128126],[-70.83708852802344,42.52814871188317],[-70.83680952724816,42.52811671196034]]],[[[-70.78559051158831,42.53698671518011],[-70.78600751159391,42.53714271603456],[-70.78691951137934,42.53722671593943],[-70.78766951142255,42.53712571554218],[-70.78840551148613,42.53688771536601],[-70.78854251181232,42.53654571526832],[-70.7886715119271,42.53575871526275],[-70.78878351243569,42.53549571505866],[-70.78878351235636,42.53504571497953],[-70.78867551247731,42.534637715298985],[-70.78878351259291,42.53401471538967],[-70.78911651182578,42.53323471507594],[-70.78940351186925,42.5322087148211],[-70.78940351202117,42.531865714276165],[-70.78912451213401,42.531420714842476],[-70.7887155122842,42.531007714309595],[-70.78852251211507,42.53065471393209],[-70.78810551167587,42.53069271395673],[-70.78767251086957,42.53059171436046],[-70.78727551113563,42.530879714279905],[-70.78704551172586,42.53074971402728],[-70.78663951077526,42.5308917140086],[-70.78608751040237,42.530958714700084],[-70.7856545104541,42.53117271435499],[-70.78545351087661,42.531400714279336],[-70.78538351021928,42.53184771454458],[-70.78505851033513,42.53236171504954],[-70.7848035105574,42.53252371504279],[-70.78416151072165,42.53251571488785],[-70.78399951060695,42.532670714547116],[-70.78344251003996,42.532814715036096],[-70.7831485101481,42.53321571525468],[-70.78225250970584,42.53372471498541],[-70.78226751022456,42.53409371515153],[-70.7826385102853,42.53456971540795],[-70.78282350956515,42.53531871555681],[-70.78340251066108,42.535813715578136],[-70.78395951021012,42.53602571550429],[-70.78483251044615,42.536561715509634],[-70.78525751129501,42.53672671561978],[-70.78559051158831,42.53698671518011]]],[[[-70.79647051529122,42.545720716737584],[-70.79708851546965,42.545547716871454],[-70.7976855154673,42.54555771724172],[-70.7978765159841,42.54537371669925],[-70.79854551635587,42.545005716470406],[-70.79876951621549,42.54477771650737],[-70.79884751631867,42.54442471701737],[-70.79844551569188,42.54406171664701],[-70.7980275161318,42.5441497161642],[-70.7974865160719,42.54447771637481],[-70.79712351494263,42.54446071631478],[-70.79639651560814,42.54480971637179],[-70.7961095151374,42.54533671658045],[-70.79614051507349,42.54554771677607],[-70.79647051529122,42.545720716737584]]],[[[-70.80087251673272,42.551416717513376],[-70.80168351775923,42.5518867181722],[-70.80220951711931,42.55207171755773],[-70.80261151750824,42.552078718160615],[-70.80296751788579,42.55197371747621],[-70.8030755178773,42.55171171770896],[-70.80245751779334,42.55107671769442],[-70.80224051729073,42.550639717557615],[-70.80233351782151,42.5501967175473],[-70.80288251733016,42.54939071770463],[-70.80318451784484,42.54866071737439],[-70.80352451724478,42.548272717057294],[-70.80307551800618,42.54793371731982],[-70.80273651685827,42.54749271708397],[-70.80227951680003,42.547180716948205],[-70.80196251698618,42.54710871701747],[-70.80132051630444,42.547402716669396],[-70.80092651724468,42.54748071708127],[-70.79997551631405,42.54751371714873],[-70.79938051660476,42.54712271669612],[-70.79865351636684,42.547156716822485],[-70.7976175155463,42.546596716988894],[-70.7968365147831,42.54634271729248],[-70.79631851570062,42.546468717090825],[-70.79601651469872,42.546868717472776],[-70.79557651473658,42.54702871677827],[-70.79518151439132,42.547309716932],[-70.79472451450155,42.54749771725384],[-70.7940065143671,42.54737771742482],[-70.79333351399553,42.54733471762736],[-70.79317151451856,42.54785971765224],[-70.79324051426397,42.54827671719985],[-70.79375051431839,42.54872871719474],[-70.7944775149042,42.54892371799772],[-70.79544451459276,42.54894971754174],[-70.79566851552437,42.549422717757395],[-70.79522751441804,42.549772717971116],[-70.79515051562986,42.55027371818196],[-70.79487951453301,42.550592717846904],[-70.79586851520412,42.55120771822794],[-70.79637951499929,42.55114971795739],[-70.79681251569333,42.55062971794091],[-70.79715651522407,42.5503777179175],[-70.79723851579872,42.54988371770792],[-70.79777151573515,42.54978771728769],[-70.79829851558623,42.54983271805104],[-70.79855251647706,42.55013871735114],[-70.79884651688731,42.55098571803483],[-70.79937951678163,42.55134571796785],[-70.79976551655447,42.55140271759837],[-70.80021451708993,42.5513507176932],[-70.80087251673272,42.551416717513376]]]]},"properties":{"municipality":"Salem"}},
{"type":"Feature","geometry":{"type":"MultiPolygon","coordinates":[[[[-70.9869115764606,42.51178270449542],[-70.98776157662473,42.511789704467084],[-70.98934057628166,42.51169470429088],[-70.99274257731729,42.51220670448972],[-70.99267157755544,42.511958704289434],[-70.99143057740115,42.511117704601276],[-70.99056957699739,42.51061470403979],[-70.98864157577474,42.509545703867204],[-70.98837257596142,42.5092227038046],[-70.99444857756839,42.50604170303774],[-70.995308578842,42.50558070301327],[-70.99688657842759,42.507020703064555],[-71.00161258093654,42.50699870328962],[-71.00173658032459,42.507086703283285],[-71.01162358399924,42.50165670156179],[-71.00736658202447,42.49904470116606],[-71.00398258084545,42.49695270152331],[-71.00308158093188,42.4964157007265],[-71.0023485796086,42.49451170108839],[-71.00023257839231,42.488921699988396],[-70.99378457562236,42.47195569684734],[-70.99327357548357,42.47059669652412],[-70.99087857458844,42.46433269542056],[-70.9891395734775,42.459697694718905],[-70.98878757352196,42.45959069492689],[-70.98826457378328,42.45880269429496],[-70.98807557334489,42.45872869468766],[-70.98739090495756,42.45893887876215],[-70.98747357334778,42.45985669444881],[-70.9854115729292,42.45968969445606],[-70.9847245727365,42.459512694214986],[-70.98431457231413,42.459537694835944],[-70.98367457203948,42.45923369454517],[-70.98289457157492,42.45925669435825],[-70.98188257070841,42.458971694587646],[-70.98192057114612,42.45874669442171],[-70.98178157133161,42.4582036946665],[-70.98143357037243,42.458101694882835],[-70.9813725706012,42.45790069425712],[-70.98071557018224,42.457672694591515],[-70.97998257066817,42.45768169456697],[-70.97994357066477,42.45750669424615],[-70.9795575698065,42.457292694106556],[-70.97926357037146,42.45679269440195],[-70.97897057060365,42.45682069408258],[-70.97927957043167,42.457310694585345],[-70.97926457052345,42.45779269483792],[-70.97897856957634,42.45775269426878],[-70.97876957015129,42.456977694657056],[-70.97853057033272,42.45699969415864],[-70.9784145698253,42.4574556944972],[-70.97819857020603,42.45779269451169],[-70.97776656969195,42.457480694879735],[-70.97772756960795,42.457314694714675],[-70.97727956999117,42.45707469482759],[-70.97682456907542,42.45722269410227],[-70.97619156969526,42.457269694339956],[-70.97619156901641,42.457557694849875],[-70.97565056848455,42.45767469446105],[-70.97533456907658,42.45754969469726],[-70.97490956908084,42.45721969444822],[-70.97529556835595,42.457127694297526],[-70.9756045686092,42.45688369467995],[-70.97631456956023,42.456875694771696],[-70.97732557007808,42.45634969457604],[-70.97762657015365,42.456015694186384],[-70.97869156994848,42.45575369387373],[-70.97886857052434,42.45547169420836],[-70.97868357040987,42.45511469393989],[-70.97899957050979,42.45491069358216],[-70.97922357025688,42.45456969392311],[-70.98082857052137,42.45401469341713],[-70.9818085710513,42.453871693676895],[-70.98231857117338,42.453718693160084],[-70.98277357150428,42.453449693272304],[-70.98294357153962,42.45320869309208],[-70.98277357102155,42.45258569297944],[-70.98227157068776,42.452125693544794],[-70.98178457099853,42.451881693089064],[-70.98094257044573,42.45172069284088],[-70.97917456957268,42.45121569287113],[-70.97883456973508,42.451036693448465],[-70.9784715697649,42.451047692903494],[-70.97568456877417,42.449690693105445],[-70.97549156845712,42.44952369264849],[-70.97285756804933,42.448163692798225],[-70.97255656692938,42.448110692840544],[-70.9719625672716,42.447769692848006],[-70.97166856744971,42.44747769280169],[-70.97127556710717,42.44773169309884],[-70.97082756641008,42.447640692676146],[-70.97052656645006,42.44741169311936],[-70.97025656653975,42.44741169300819],[-70.96990856663552,42.44759769245207],[-70.9689905667116,42.447419692929806],[-70.96865056602167,42.447227692748974],[-70.96875056650396,42.44682069304865],[-70.9684725660273,42.44655569298788],[-70.96802456647308,42.446351692252634],[-70.96768556620064,42.446555692540194],[-70.96635756573825,42.4465916923866],[-70.9666195649853,42.445907693059205],[-70.9665805657259,42.4457366928322],[-70.9659865646873,42.445683692853],[-70.96343956463008,42.44511569249617],[-70.9628285636838,42.445021692837955],[-70.96116956341665,42.44604969297293],[-70.95739656210655,42.44846969378561],[-70.95569056210198,42.44952969367855],[-70.95542856196387,42.449808693592026],[-70.955034562291,42.449959693530104],[-70.95432456114374,42.45048569418169],[-70.95373756192632,42.450859693962286],[-70.95349856169427,42.450931694215406],[-70.95171556058057,42.4520606947044],[-70.95091256098029,42.45252469400069],[-70.95085156062908,42.45263869428194],[-70.95139256121946,42.4534576940966],[-70.95109056085222,42.453570694889784],[-70.95065856075882,42.45288069485333],[-70.95023356073436,42.45297269472176],[-70.94865155993648,42.453945694957994],[-70.94879055971431,42.45406969459421],[-70.94872855943977,42.45450269490834],[-70.94821955962657,42.45473669473079],[-70.94803456014522,42.45521669487298],[-70.9465985588532,42.45624969545973],[-70.94608155883529,42.45658769508005],[-70.94632055983877,42.45831269536509],[-70.9451165591375,42.459111695721106],[-70.94516355906387,42.45954269613977],[-70.94473055897014,42.45985669576256],[-70.94426755894902,42.45967969601381],[-70.94404355837884,42.45923769587002],[-70.94396655908065,42.458730695534314],[-70.94402755888031,42.45781969593399],[-70.94287755789989,42.45790669522707],[-70.94277755789749,42.4584846959293],[-70.94253755779673,42.45922769598809],[-70.94227555762184,42.45913769561849],[-70.94182755848497,42.45793369608883],[-70.94081555792486,42.457549695637994],[-70.94050755764385,42.4575686957369],[-70.94003655731184,42.45728469598376],[-70.93944955721624,42.4568036956618],[-70.93923255691458,42.45646469520136],[-70.93944155731805,42.4558036954181],[-70.93965555706355,42.45568869542006],[-70.93983855675891,42.45535969508303],[-70.93947355675087,42.45535469555443],[-70.93661155572877,42.45689169542145],[-70.93571655563396,42.456697695320536],[-70.93409155579737,42.459244696445936],[-70.93370555530572,42.459651696237586],[-70.93306455504766,42.4601306964145],[-70.93203755478405,42.46040069622731],[-70.93137355431107,42.46026269672896],[-70.93078655467002,42.46093469647945],[-70.93028455482914,42.46133069714389],[-70.92972855399084,42.461569696428676],[-70.92901855367866,42.46162169678516],[-70.92879455427165,42.46157169676066],[-70.92814655405554,42.46107369682965],[-70.92771355368284,42.46090069644323],[-70.92707255315031,42.461195697219374],[-70.92758255344116,42.462132696531846],[-70.92747455356884,42.462525696870784],[-70.92677155336779,42.46326669719421],[-70.9248335532662,42.46491669799426],[-70.92399155278774,42.46557869731276],[-70.92231555183787,42.46675969788411],[-70.92203655211615,42.46692769807302],[-70.92508455371521,42.47294169886773],[-70.92668655349196,42.4761456997769],[-70.92743355416499,42.47767770016349],[-70.92801355499604,42.47874869973233],[-70.92979655566911,42.48229370094218],[-70.93411155724236,42.49084270182522],[-70.94622456121759,42.49384070215138],[-70.94932156214857,42.494586702272805],[-70.94991756272046,42.49478470201426],[-70.94994556285683,42.494761702370646],[-70.95458156436464,42.49591670206299],[-70.95714056462536,42.49653670254071],[-70.95843356555713,42.49719270276579],[-70.9588295661879,42.497479702271],[-70.96126356628616,42.49869270296256],[-70.96177456633112,42.49890270318225],[-70.96459456824152,42.50035770337908],[-70.9657865681367,42.50095570284223],[-70.97814857273967,42.50728470345064],[-70.98558757533796,42.511134704029445],[-70.9869115764606,42.51178270449542]]],[[[-70.98687457289354,42.45501369393517],[-70.9867585720554,42.455150694020254],[-70.9865895729036,42.4561576943371],[-70.98687557289827,42.45675569378188],[-70.98690657218063,42.457137693855536],[-70.98661357317374,42.45762069426106],[-70.98593457252726,42.45821269475591],[-70.98516357165838,42.458604694804684],[-70.98483157198363,42.459128694784525],[-70.98525657261793,42.45919769480362],[-70.9857425730267,42.45883369455777],[-70.98616657296316,42.458253693932804],[-70.98675257324966,42.45768969398144],[-70.98710057299016,42.457139693994485],[-70.987269572602,42.456618694433296],[-70.98737757290546,42.45603169410252],[-70.98736857328538,42.455607694249174],[-70.98722157294631,42.45509269343945],[-70.98687457289354,42.45501369393517]]]]},"properties":{"municipality":"Lynn"}},
{"type":"Feature","geometry":{"type":"MultiPolygon","coordinates":[[[[-70.89903354519782,42.48468070198089],[-70.89992754559094,42.48485570234834],[-70.90097454575104,42.48521770188633],[-70.90153854664472,42.48535870173583],[-70.90219754605494,42.48533270212999],[-70.90335254738211,42.48507670209723],[-70.90475554683394,42.4848987020494],[-70.90537554711796,42.48476770187022],[-70.90653954736044,42.48427170181204],[-70.90718654798242,42.48443270218514],[-70.93411155724236,42.49084270182522],[-70.92979655566911,42.48229370094218],[-70.92801355499604,42.47874869973233],[-70.92743355416499,42.47767770016349],[-70.92668655349196,42.4761456997769],[-70.92508455371521,42.47294169886773],[-70.92203655211615,42.46692769807302],[-70.9208795511935,42.46763069853979],[-70.92016955151263,42.467889698222926],[-70.91882555103923,42.46815569805465],[-70.91776755058712,42.46819569844507],[-70.91737355077522,42.46808069854269],[-70.91719655037916,42.46760169813292],[-70.91753555041673,42.46721369827944],[-70.91731955012521,42.466955697763886],[-70.91697955011843,42.466839698348636],[-70.91660155066137,42.466936698156765],[-70.91509555010235,42.46667369853022],[-70.91459454921994,42.46687969839525],[-70.91391454916028,42.46666169791479],[-70.9134285492804,42.466678698339045],[-70.91301154867574,42.46691569870352],[-70.91291854876152,42.46726369849485],[-70.91133454823361,42.467564698660965],[-70.9100845477495,42.467621698713764],[-70.90867854734202,42.46732069888402],[-70.90770554761164,42.466949698432956],[-70.90655554704202,42.46614969800163],[-70.9063165471671,42.46581169805273],[-70.90629354683959,42.46521769798063],[-70.90664154690276,42.46479269811908],[-70.90731354650868,42.464322697761745],[-70.90776954657157,42.46346769759819],[-70.90803154731643,42.46341869798909],[-70.90794654654066,42.46305969759476],[-70.90753054673377,42.46277469780556],[-70.90709054713108,42.46290769809645],[-70.90642654711938,42.4628966974234],[-70.90642554614887,42.46312169785657],[-70.9060865460709,42.463288697831736],[-70.90596954663152,42.46363369778542],[-70.90530554580769,42.46394169787582],[-70.90473454643816,42.464049698158725],[-70.90450254588758,42.46383369820498],[-70.90397754566742,42.463895697834786],[-70.90350654628392,42.46419169767482],[-70.90239454592394,42.46428669813609],[-70.90145354545454,42.46423469858368],[-70.90054154496057,42.46404769787925],[-70.90047254436149,42.46373369805816],[-70.90011754495282,42.46353669846645],[-70.90010954414008,42.463280697746185],[-70.90028854421055,42.462628698249155],[-70.89999454445483,42.46245869819124],[-70.89940754423696,42.462476697722465],[-70.89863554422278,42.462192697944936],[-70.89837354379176,42.46195869786501],[-70.89713754404427,42.46154169804529],[-70.89682154347615,42.461159697533084],[-70.89579454276664,42.46081669807902],[-70.89581054311864,42.46058669760592],[-70.89553254248383,42.460487697488546],[-70.89489154247718,42.46061569729717],[-70.89428154268249,42.460499698060545],[-70.89428954202667,42.4606976980797],[-70.89465154236787,42.46097969770414],[-70.89458254285464,42.46131369793981],[-70.89425054272678,42.46163469823472],[-70.8938875419319,42.461762698245174],[-70.89353254258178,42.46165569792639],[-70.89299154204569,42.461695698163815],[-70.89263654169315,42.46180569840555],[-70.89252054198491,42.461987697605366],[-70.89263554154232,42.46256169813639],[-70.89240354231632,42.46294869848889],[-70.89237254184422,42.46321469798277],[-70.89194754177885,42.46347369846361],[-70.89152354117259,42.46346769832659],[-70.8914155412214,42.463158698511265],[-70.89094454172023,42.46323869827423],[-70.89002554067473,42.463843698445],[-70.88997854088295,42.46402869819542],[-70.8892985410218,42.46426069840221],[-70.88932954128336,42.464642698962734],[-70.88903654046298,42.464683698907685],[-70.88857354116148,42.464533698462844],[-70.88808654029184,42.46451069886235],[-70.88796354092825,42.4646696982478],[-70.8874995405801,42.464798699043605],[-70.88711354050997,42.46501269868958],[-70.88665753976292,42.46509669860399],[-70.88650254017324,42.46533369908254],[-70.88715053994346,42.466038698513934],[-70.88715054062321,42.466592699432816],[-70.88753654110513,42.46668969915686],[-70.88813154113605,42.46712569941512],[-70.88812354117219,42.46762969939647],[-70.88802254074663,42.468189699596266],[-70.88780554092119,42.468657699669045],[-70.88727954080142,42.46948069968625],[-70.88664653995771,42.470270699602374],[-70.8854095399366,42.47164670013338],[-70.88442754041277,42.47321570000784],[-70.88414153942395,42.47353570027264],[-70.88307453995189,42.47507970036847],[-70.88257153985583,42.47600170120134],[-70.88234053900113,42.47617270139297],[-70.88118053973004,42.47744770163605],[-70.88070953903842,42.47777970132621],[-70.87986653910052,42.478531701339286],[-70.8795575387357,42.47874870157657],[-70.88006453945466,42.47891670134223],[-70.88591454138623,42.48070170217299],[-70.89903354519782,42.48468070198089]]],[[[-70.89512454280568,42.45841469736115],[-70.89513154240525,42.45904969699965],[-70.89574954278766,42.459124697261494],[-70.89600454302001,42.45906169702801],[-70.89587354229977,42.45874469766603],[-70.89545654282894,42.458710697631574],[-70.89512454280568,42.45841469736115]]],[[[-70.88558454001699,42.46482169839859],[-70.88513653945415,42.46532469877628],[-70.88520553997331,42.46561569871623],[-70.88543753934535,42.46563869901859],[-70.88562254006219,42.46533469914894],[-70.8857155393837,42.46491869895706],[-70.88558454001699,42.46482169839859]]]]},"properties":{"municipality":"Swampscott"}},
{"type":"Feature","geometry":{"type":"Polygon","coordinates":[[[-71.14988662450241,42.43584868510789],[-71.153682626706,42.435811684776276],[-71.1648546303177,42.435998684610034],[-71.16809063098968,42.43603968400425],[-71.17617563415405,42.43621668368347],[-71.17952663428855,42.43626768426804],[-71.18227763526579,42.43628768364898],[-71.18555863668148,42.43232168330577],[-71.18728163753994,42.43054668263446],[-71.19204863793642,42.42554068172264],[-71.19631563998672,42.42143768029988],[-71.1991176397501,42.41854668025851],[-71.20178264081603,42.415744678980104],[-71.20261264064695,42.41483467928346],[-71.1942576384262,42.4133986792938],[-71.19456963793684,42.413979679511726],[-71.19535563918953,42.415273679922684],[-71.19449263870686,42.41499867944841],[-71.19429163879384,42.415329679337056],[-71.19196863726906,42.414476679161424],[-71.1899286368162,42.413614679589756],[-71.18723363555634,42.41258267925412],[-71.18389963486537,42.411432679238835],[-71.18214763470152,42.41098667888798],[-71.18104263386172,42.41078067879763],[-71.17845863345795,42.41036067942872],[-71.17715163289853,42.41011567891532],[-71.1753886322518,42.40966867929014],[-71.1731626311453,42.40900467881409],[-71.17157663047804,42.40847367899333],[-71.16686462888879,42.40671067895936],[-71.16521462874924,42.40617167853736],[-71.16384262809619,42.40578467875146],[-71.1641786280831,42.405541678542754],[-71.16405562828072,42.40531467870932],[-71.1631586278017,42.40486867819687],[-71.16239362739786,42.40443167893542],[-71.16185162656501,42.404368678123944],[-71.16062562615707,42.40398467842022],[-71.15980562627455,42.40357767865876],[-71.1599226262649,42.40347067816255],[-71.15850962535782,42.4028156779013],[-71.15808362627327,42.40256967823962],[-71.15727862529714,42.402438678386616],[-71.15632162563185,42.402542678420026],[-71.15553962515015,42.402103678282614],[-71.15319362456994,42.40111167807317],[-71.15224562402902,42.40082467813764],[-71.15205762318305,42.40104867780602],[-71.15031662331914,42.400307677956],[-71.14359362107821,42.39742067754739],[-71.14311462104855,42.397661677682386],[-71.14205362036257,42.398369678037675],[-71.14162562031144,42.3987136783833],[-71.14134461977397,42.399101678207025],[-71.1409006195602,42.3995406782359],[-71.14037261936699,42.39983967828495],[-71.13971361960364,42.40008267819161],[-71.13816861865558,42.40029267875551],[-71.13747161910204,42.40043967843646],[-71.13688961902969,42.40067167825486],[-71.13639161845482,42.40097367880134],[-71.13542361796304,42.40199467905732],[-71.13492161850135,42.402570679016385],[-71.13457961846171,42.40347067895367],[-71.13451461838125,42.40417567891098],[-71.13463561786162,42.40426767893715],[-71.1345956177303,42.405453680004335],[-71.13446661875442,42.406010679710874],[-71.13412061811609,42.406742679540734],[-71.13304361748304,42.408169680069655],[-71.13262461717551,42.40863567979513],[-71.13241561821161,42.40901868071177],[-71.13229761757506,42.40943868073739],[-71.13227361722589,42.41013568090369],[-71.13237961828689,42.41057368072988],[-71.1326526184322,42.411185680504204],[-71.13288761856145,42.411981680972474],[-71.1327706176841,42.413025680830636],[-71.13263661831203,42.41353268102674],[-71.13243561858476,42.41522468142887],[-71.13310661882234,42.41540068140303],[-71.1336446185403,42.41546768195521],[-71.13453761877508,42.41544068183785],[-71.13566361952067,42.41522368111296],[-71.13629061931368,42.41515468171743],[-71.13717461997551,42.415252680926955],[-71.13845861966503,42.41552468140034],[-71.13936462092181,42.41593868160074],[-71.14008462014894,42.416440681112704],[-71.14109062112084,42.417682681677746],[-71.141544621173,42.41839268141043],[-71.14252062169888,42.41909268152107],[-71.14276062144934,42.4193606818619],[-71.14296562241303,42.42007068228611],[-71.14288662170343,42.42081168206013],[-71.14259962198398,42.42170068204997],[-71.14275762225893,42.421938682570186],[-71.14317162209146,42.42209768269158],[-71.14409862177646,42.4222936824135],[-71.14482162244371,42.42253868291455],[-71.1451836229956,42.42280468291554],[-71.1457986225527,42.4234146822628],[-71.1463506236308,42.42432468242418],[-71.14678462377574,42.42527068333057],[-71.14742962319167,42.4269656834753],[-71.14855262433954,42.43077368435765],[-71.14988662450241,42.43584868510789]]]},"properties":{"municipality":"Arlington"}},
{"type":"Feature","geometry":{"type":"MultiPolygon","coordinates":[[[[-71.11263254065526,42.25956931754269],[-71.11214560254999,42.26004865264834],[-71.11186760188046,42.26041865305224],[-71.11146060256297,42.26077765305302],[-71.11046560205405,42.261132652522335],[-71.10951460157384,42.26128365305155],[-71.10895460086832,42.26130465293292],[-71.10847360163758,42.26118165257709],[-71.10812660106683,42.2608896527849],[-71.10760560095788,42.260682653191864],[-71.10702660049554,42.260687653204535],[-71.10607960075593,42.26085165292713],[-71.10554160045072,42.26088065323271],[-71.10500159975179,42.26081265319929],[-71.10454159978302,42.26047765300609],[-71.1040625998896,42.25987065312979],[-71.10367259936781,42.259731652548176],[-71.10328559990704,42.259738652978314],[-71.10269159969667,42.259892653008706],[-71.1012955991983,42.26068365313918],[-71.10023659850766,42.26144065304579],[-71.09957159868108,42.26196365329507],[-71.09886459791693,42.26259865326787],[-71.0977405978525,42.26293965400957],[-71.09748359745237,42.26309765395936],[-71.09721859750593,42.26347165384939],[-71.09675259788219,42.264346654065484],[-71.096164597848,42.26501365408275],[-71.09568559695731,42.26535965431503],[-71.09525659715736,42.26579465390651],[-71.09459459740074,42.26680165478555],[-71.09413159749961,42.267140654681945],[-71.09373659738324,42.26714465440584],[-71.09312959647508,42.26700965443648],[-71.09262659682759,42.266737654197804],[-71.09180259561151,42.26668765477613],[-71.09081759587438,42.26648865497925],[-71.09025859532346,42.266647654607446],[-71.09003659601493,42.267166655077034],[-71.0898595952516,42.267784655014694],[-71.08985759590537,42.268061654984706],[-71.09021159542685,42.268993655137066],[-71.08982059596214,42.26954765531919],[-71.08915059535941,42.269750655244536],[-71.08867259476138,42.26974165533418],[-71.08810559472933,42.26963965496685],[-71.0853955945486,42.26905265492722],[-71.08338159391353,42.268696655120046],[-71.08248759259138,42.26867865507996],[-71.08151359329071,42.26903365515918],[-71.08085259327638,42.269330655866455],[-71.08032159302003,42.269455655317984],[-71.07876759162488,42.269582655762406],[-71.07847059248273,42.26965865565675],[-71.07815859204771,42.26990065580813],[-71.0771085913279,42.270391655706014],[-71.07649259074587,42.27051765601259],[-71.0756315912909,42.27046965595406],[-71.07528059140868,42.27052365614229],[-71.0739925899682,42.270417656045666],[-71.0732375906987,42.27040465607063],[-71.07289859036537,42.27049165560151],[-71.07248158994808,42.27083665636164],[-71.07171158988847,42.27095865632937],[-71.07089558895123,42.27086565620768],[-71.07038758963401,42.27073065566536],[-71.06980258933689,42.270714655997],[-71.06880058924943,42.27081765571058],[-71.06846158900629,42.27090465567316],[-71.06771958888298,42.271602655841484],[-71.06701158871775,42.271556656092216],[-71.06554958828741,42.27117365595989],[-71.06511958722115,42.270821656046074],[-71.06444258715321,42.270567656324495],[-71.0642135871353,42.2700406562174],[-71.0645065877944,42.269972656488314],[-71.0644775870166,42.269423656214734],[-71.06464858681204,42.26915965565401],[-71.06427958730218,42.268918655637655],[-71.06335558719505,42.26885865547974],[-71.06295658639121,42.2686086555657],[-71.0628495870323,42.26827765539326],[-71.0629895864668,42.26799165544252],[-71.0622975866412,42.26769265585213],[-71.06132458631281,42.26831865620506],[-71.0604905863648,42.26904965565214],[-71.05973558539361,42.26920665563747],[-71.05924158591927,42.26946765596085],[-71.05882558519257,42.26946665642598],[-71.05856158573937,42.269912656346506],[-71.05817558532252,42.27030265627953],[-71.05758858522208,42.27070865620475],[-71.05744858529684,42.2709596563869],[-71.05678658464187,42.2711426568384],[-71.05632258423702,42.271551656567596],[-71.05589058502274,42.27158565702033],[-71.05507358426001,42.27197465696161],[-71.05459558433121,42.27204165696218],[-71.05436358358597,42.27224365653615],[-71.05453158463898,42.27249765656766],[-71.05444358375337,42.272876656949244],[-71.05598358460816,42.27407065718963],[-71.05627658466197,42.27489865744388],[-71.05631058546417,42.275240657761245],[-71.05619158476182,42.27617765753572],[-71.05578958538935,42.27663965778183],[-71.05531658483666,42.277032657743064],[-71.05450058400407,42.277505657732576],[-71.05369558454011,42.27764165778849],[-71.05276958381033,42.27803565818875],[-71.05172158381751,42.27820765827306],[-71.05138258327764,42.278389657785375],[-71.0506735837364,42.27839765854078],[-71.0501035833196,42.27854765830595],[-71.04927158229283,42.27852165825154],[-71.04867158215507,42.278383658388755],[-71.0481945830361,42.27810865795896],[-71.04744058258862,42.27794665848418],[-71.04704158242113,42.27772865822973],[-71.04642658228462,42.27728065768703],[-71.04565758159782,42.27702365792258],[-71.04504358194303,42.27696765828701],[-71.04424058160616,42.27708065843827],[-71.04369958045821,42.27737465831879],[-71.04325158046741,42.27779665844111],[-71.04257158094714,42.278299658318],[-71.04195357992687,42.27888265870332],[-71.04198358003579,42.27903065823114],[-71.0416366482468,42.27977040049271],[-71.04177558067433,42.280678659242994],[-71.04161758078685,42.28178365912774],[-71.04152358097942,42.282113659470745],[-71.04153658060382,42.282752659574946],[-71.04147158040304,42.28356465897323],[-71.0408835809106,42.284295659941336],[-71.04051358070367,42.28443265926471],[-71.03997258050646,42.284933659615184],[-71.03941557990065,42.28528566016074],[-71.03844257981387,42.286027659891666],[-71.03848557937837,42.28676065986299],[-71.03789858006235,42.287271660603324],[-71.03768057920306,42.28770766030974],[-71.03741757942679,42.287932660163435],[-71.03730757943943,42.288461660666705],[-71.03775158016693,42.28913366057189],[-71.03790458008537,42.289594660661926],[-71.0378395794645,42.29014066108768],[-71.03786857940744,42.29080666130753],[-71.03911257984734,42.2916666611048],[-71.03917258004809,42.29213366113154],[-71.03957258078614,42.29222566091437],[-71.03927858058051,42.29246566123995],[-71.03961658054679,42.29266166115246],[-71.03977058090378,42.2929476611814],[-71.04086358057535,42.29309866078601],[-71.04129458168295,42.29324866167077],[-71.04220258160768,42.29328666157004],[-71.04224958145973,42.29314666157567],[-71.04206858152128,42.292185661260156],[-71.04182458141975,42.291658661211514],[-71.04162758154035,42.290802660713894],[-71.0416635814764,42.28948666045199],[-71.0418335808686,42.28947966077726],[-71.04195458057525,42.28992366047946],[-71.04193458165715,42.29100866041493],[-71.04222558111768,42.29154866072779],[-71.04237658091591,42.29213066093128],[-71.04289858193737,42.29267966133315],[-71.04414358151898,42.293517661369606],[-71.04458958216405,42.29374866108703],[-71.045782582371,42.295888661274006],[-71.0463765834724,42.297431662112935],[-71.04654458345001,42.2979736622657],[-71.04609858242296,42.29776566152286],[-71.04593058229345,42.29747966190551],[-71.04591658317185,42.29703466139987],[-71.04536558215737,42.29601366122024],[-71.04474958220662,42.29600166167851],[-71.04459458202125,42.29614866206481],[-71.04454658188217,42.296617661362035],[-71.04480558288324,42.2973156621611],[-71.04534258283238,42.297958662086515],[-71.04597258350557,42.2983486618358],[-71.04618858271058,42.29834866170051],[-71.04632558316054,42.29890966205863],[-71.04575458291332,42.29907666207182],[-71.04556958251962,42.29895466241402],[-71.04484458217023,42.2991926624211],[-71.04401058189343,42.29964366195248],[-71.04385558247256,42.299930661980014],[-71.04351158265919,42.301039662650226],[-71.04336958169722,42.30183966281634],[-71.04370358207348,42.30244166249663],[-71.0468635838573,42.303105662552184],[-71.04700158292714,42.303012662590355],[-71.04689558313329,42.302645663205915],[-71.04719058364104,42.302180663122066],[-71.04782158390378,42.302169662417455],[-71.04794458320406,42.302270662437486],[-71.04794358432237,42.30266266268543],[-71.04777158382987,42.30315266312553],[-71.04843458400337,42.303315662986854],[-71.04883658449981,42.30291666263199],[-71.04927058431814,42.30211666306764],[-71.04945658371913,42.30192466304997],[-71.050210584659,42.30261766264368],[-71.05237158502612,42.30452466327297],[-71.05271958494525,42.30491866330104],[-71.0531935857304,42.305657663344235],[-71.05349158590771,42.30642666338722],[-71.05324458616293,42.30641166315526],[-71.0533045855279,42.30709666362074],[-71.0532715857571,42.30748866323541],[-71.05299358532362,42.3077826638937],[-71.05240758540684,42.30794166369254],[-71.05155958495685,42.30801066342933],[-71.05017258485334,42.30788266370373],[-71.04910958460538,42.30792366397323],[-71.04847758480331,42.30775966389437],[-71.04792458441315,42.30753066418695],[-71.04763258449438,42.30715266334233],[-71.04764958388775,42.30684666381033],[-71.04796158427158,42.305989663017954],[-71.04808858407542,42.30485766322108],[-71.04781258393628,42.30451166281049],[-71.0474785834487,42.3044326636027],[-71.0477535836543,42.303842662967455],[-71.04761223872022,42.30380345210908],[-71.04649560435877,42.30444863631805],[-71.04612412005471,42.304793176296855],[-71.0458750968376,42.305664415582925],[-71.04569404345837,42.30653592384289],[-71.04557647794601,42.306679627868746],[-71.04527878014608,42.30756509051274],[-71.04453357971585,42.30855690651282],[-71.04332714654015,42.3088620822687],[-71.04243125699817,42.30919731537324],[-71.04147411409198,42.30994318017968],[-71.04099375969399,42.3106473542925],[-71.0415895826976,42.311264664255134],[-71.04114272241397,42.311382587579786],[-71.04109260189081,42.311992893158084],[-71.04078038136078,42.312131727359024],[-71.0380695816051,42.3104666642763],[-71.03756558116487,42.31029066483519],[-71.03692558029853,42.3104286643026],[-71.03341657982618,42.31321966548813],[-71.03303757957696,42.3131676651583],[-71.03268957980953,42.31331366500422],[-71.0329345789314,42.31371466560727],[-71.03277957982557,42.31392866550587],[-71.03277757967749,42.31434266523107],[-71.03292657905928,42.315402665550145],[-71.03310757964452,42.31628666605381],[-71.03477057999203,42.316802665669016],[-71.03709458123778,42.31762066582522],[-71.03721758088338,42.317699666418825],[-71.03736958109921,42.318192665876225],[-71.03670558053268,42.31858266596238],[-71.03687358155345,42.318808666479164],[-71.03725858094148,42.31898266601114],[-71.0385355816736,42.31944166656852],[-71.03919758250686,42.31976266670766],[-71.0405665826175,42.320499666500595],[-71.04158158291008,42.32097266617549],[-71.04273658285982,42.32142866610633],[-71.04344358310804,42.321834666461],[-71.04370258322342,42.32251966630616],[-71.04385658344803,42.32266966681828],[-71.04550358457278,42.32318466716624],[-71.04604358483701,42.323175667159276],[-71.04631958434562,42.32342766643114],[-71.04712058453413,42.323498667207566],[-71.04759758550627,42.32383266655232],[-71.04785558528171,42.32482766662025],[-71.04785258461754,42.3256286669675],[-71.04777358568191,42.32609366700041],[-71.04746158494382,42.32706766763352],[-71.04708858525957,42.32770466797315],[-71.04671658495184,42.32820666779253],[-71.04626758528082,42.32862866815366],[-71.04558758458066,42.329050667618134],[-71.04367458399533,42.3295846678561],[-71.04305758411098,42.32967266798349],[-71.04227058316094,42.329695668062946],[-71.0405135835209,42.329676668309304],[-71.0392495824426,42.329595667937674],[-71.03867958225014,42.32949366850736],[-71.03735658137884,42.328940667993116],[-71.0363705816001,42.32871966782825],[-71.03623258182998,42.32849266822378],[-71.03597058093705,42.328501668114576],[-71.0343345808526,42.32890866813371],[-71.03388758069401,42.328952668142875],[-71.03340958006454,42.32913666836935],[-71.03291557981053,42.329154668581324],[-71.03191058059208,42.329748668342845],[-71.03113858048675,42.33012266867861],[-71.03044257913281,42.330625668275715],[-71.02942257909295,42.331184668763875],[-71.02908357895055,42.331136668528565],[-71.02843557910191,42.331417669010115],[-71.02625757797473,42.332203668864146],[-71.02580957779497,42.332545668907535],[-71.02531257852301,42.332666669563224],[-71.02520857842406,42.33251066952108],[-71.0247605777035,42.33260866947969],[-71.02437457771201,42.33284966914915],[-71.02352657792574,42.332742669206276],[-71.02268057676702,42.33246966895626],[-71.02178657717914,42.332291669293824],[-71.02098457720285,42.33231566960232],[-71.0200375759798,42.33176466966474],[-71.01885457592411,42.33125366935301],[-71.01793357612306,42.33095066955107],[-71.016781575338,42.33070566918433],[-71.01576057437396,42.33059666897699],[-71.01557457496675,42.330496668791085],[-71.01512557477037,42.33052766911341],[-71.01501857440007,42.330844669383076],[-71.0147025748473,42.33120966913025],[-71.01486757403146,42.33130666962016],[-71.01520457431377,42.330975669547286],[-71.01573057518637,42.33089466931646],[-71.01687457514166,42.33100066929331],[-71.01808857596608,42.331303669260244],[-71.01880057570864,42.331552669198096],[-71.01982957593891,42.33200666909758],[-71.02095957663978,42.33263066974531],[-71.02197457711218,42.33323466971665],[-71.02236657743661,42.333609669666956],[-71.02308757712596,42.33454766979122],[-71.02317057745847,42.3348116698069],[-71.02320657779808,42.335499669744415],[-71.0230285780313,42.33623267005997],[-71.02273857785224,42.33669666988744],[-71.0220265773971,42.337380670135005],[-71.02151657771466,42.337713670757964],[-71.02095957758888,42.337971670313586],[-71.01970957717397,42.33833567052505],[-71.01887657627348,42.33844967094727],[-71.01822857629479,42.33843367078073],[-71.01707257618122,42.33849867036411],[-71.01485257442089,42.338438670392755],[-71.01454457533767,42.3382196702918],[-71.0133415743994,42.33826267100361],[-71.01275857469363,42.33771067093111],[-71.01299757492468,42.337390670789524],[-71.01303957381468,42.33714667087538],[-71.01254457426971,42.337232670881036],[-71.01230057395271,42.33681767018689],[-71.01219557400084,42.33618967033507],[-71.01256657369572,42.335732669987536],[-71.01271757376736,42.33539167044591],[-71.012544574511,42.33479667010517],[-71.01277357422553,42.33416167024799],[-71.01252057451211,42.33409466976989],[-71.01205757363633,42.335065670381866],[-71.01174657367287,42.335336670330264],[-71.0114255740609,42.335923670243645],[-71.01085357402489,42.336311670153925],[-71.00946357267732,42.33676367070688],[-71.00929157301906,42.33723067024751],[-71.00939657272653,42.337886671082494],[-71.00957857280508,42.33851367121001],[-71.0101155731266,42.3392246711898],[-71.01066957405148,42.339327671071175],[-71.01099257370142,42.339650671152505],[-71.01075757334755,42.33980767085199],[-71.0142095746168,42.342020671224894],[-71.02512657865348,42.341841671380614],[-71.02512557819942,42.341517670518435],[-71.02560057872866,42.34164467082029],[-71.02638757907859,42.34158967073068],[-71.02652757904593,42.3413356706495],[-71.02703557976864,42.341281671269],[-71.0276515792233,42.34146867066173],[-71.02783557960403,42.341739670953345],[-71.02822157903648,42.34177867086983],[-71.0292855803856,42.3417686712512],[-71.02950257994391,42.34139067087479],[-71.02951757933698,42.34025567065818],[-71.03037258065291,42.34025467017977],[-71.03041457979468,42.341662670357444],[-71.0324785806757,42.34164867064451],[-71.03248058100475,42.34153167095966],[-71.03380358188188,42.34149467062662],[-71.03380158093093,42.340449670445174],[-71.03471058152789,42.34045667030982],[-71.03471158175886,42.34067267059587],[-71.0352165823742,42.34067267041743],[-71.03520658184276,42.341636670948866],[-71.03526858144706,42.34169367079144],[-71.03775158331352,42.341604670341674],[-71.0390665835061,42.34160867036393],[-71.03936458275845,42.34034267016579],[-71.03948658317631,42.34005667046785],[-71.03991758350212,42.339913669902316],[-71.03990358327584,42.33934666985117],[-71.04013558318353,42.33917567039232],[-71.04042658336553,42.33956667007109],[-71.04068858325287,42.33955766976415],[-71.04092158411301,42.33929267017078],[-71.04104658342894,42.338952670227926],[-71.04183058361667,42.339492669569644],[-71.04181458423575,42.33966367005076],[-71.04147458373635,42.33980967043239],[-71.04096358378358,42.340187670356926],[-71.0407925832099,42.340609669867014],[-71.03871358285606,42.34282567085399],[-71.03871258281454,42.343685670863984],[-71.03844958262434,42.34368567056915],[-71.03774858271477,42.34321667094054],[-71.02193757810721,42.34354667170619],[-71.02196657738958,42.34452267144637],[-71.0254655793899,42.34447067137855],[-71.0254005794562,42.34507467146358],[-71.02655757937195,42.34504967123885],[-71.02657957985674,42.34529267138555],[-71.03063258096728,42.345193671711584],[-71.03097358049429,42.34537667160503],[-71.03063358053066,42.34553567174277],[-71.02657857890632,42.3456486718901],[-71.02324357830662,42.345711672077],[-71.02327657769028,42.34694967159952],[-71.02654257886455,42.34830067177073],[-71.02686157892374,42.348100671722435],[-71.02733657913342,42.34837467175225],[-71.02871857957007,42.34889867256979],[-71.02953158046213,42.34925767205818],[-71.0312445807435,42.34992267215345],[-71.03211558110266,42.35030567266108],[-71.03222358134485,42.35029067200998],[-71.03347358164643,42.34863167193109],[-71.03408058152439,42.34827567191321],[-71.03479158232462,42.348587672024884],[-71.0332135822707,42.35072367240764],[-71.033631581636,42.35096667235756],[-71.03506858242089,42.349117671881395],[-71.03535158251796,42.34922067233687],[-71.03390658177103,42.351070672893606],[-71.03421058166894,42.35120367255552],[-71.03587358301849,42.349029671910706],[-71.0365735825384,42.34929567178175],[-71.03728058249494,42.348355671748],[-71.03760458346918,42.348511671711265],[-71.0374815832849,42.34867967154156],[-71.03777158350117,42.3488856716134],[-71.03880158292516,42.34935767203505],[-71.03680558297336,42.35198267293117],[-71.03775758368933,42.352420672734084],[-71.03991558371253,42.34953167166278],[-71.0408675836218,42.349928671857235],[-71.03864858422804,42.35278267279535],[-71.04007258455238,42.353378672878605],[-71.04216758428392,42.35049067217299],[-71.04270258498583,42.350733671762754],[-71.04254058530965,42.35093967261076],[-71.04295058465803,42.35114767262534],[-71.04103258491082,42.35376667319572],[-71.04157458501372,42.35401867261397],[-71.04235258532029,42.35300967225872],[-71.04308058536557,42.35334267298814],[-71.04338158554953,42.35300867249233],[-71.04431858563235,42.35342467285998],[-71.04371058549107,42.354673673092066],[-71.04500358622029,42.35506467311406],[-71.04599358610464,42.35514667262471],[-71.0464645868047,42.355065672729395],[-71.04756958657421,42.354748672343355],[-71.04811858676157,42.35452267257665],[-71.04852658727356,42.35416867226518],[-71.0493125874744,42.353159671999556],[-71.0547505885489,42.34578567069464],[-71.05728758921374,42.34558667072268],[-71.05754958987539,42.34540267069675],[-71.05845558937447,42.345215670228136],[-71.059654590253,42.34439067038667],[-71.0600985896435,42.34414367015019],[-71.06021058962594,42.343890670457505],[-71.06024459009686,42.34304266983932],[-71.06034059063025,42.342907669701496],[-71.0610605900293,42.342817669670225],[-71.06103058994769,42.343098670056],[-71.06038758996611,42.34408766985456],[-71.05982159060095,42.34472367028113],[-71.05936859049446,42.34510367040214],[-71.05899758974964,42.345276670902095],[-71.058757589585,42.345562670950734],[-71.05814358933439,42.34565567037197],[-71.05647058854564,42.34611967119021],[-71.05617258882391,42.34627267044948],[-71.05533658841878,42.34760367153337],[-71.0523125886795,42.35199867224759],[-71.05208658775837,42.35245667210772],[-71.0522495876186,42.35258467214321],[-71.05190658843024,42.35301367222907],[-71.05176358738105,42.35295867244902],[-71.05040858748993,42.35489167227002],[-71.04979058803099,42.3558316728907],[-71.04934258702671,42.35630167286713],[-71.049879587218,42.35632967284032],[-71.04985058787615,42.35656467320461],[-71.04922358730684,42.356557672583314],[-71.04923758726206,42.35686967311523],[-71.04986158801073,42.35697167327743],[-71.0489635868119,42.35719967296201],[-71.0491005869735,42.35750767324879],[-71.04946858739137,42.35765567303324],[-71.04938758717526,42.358139673752056],[-71.04944858764293,42.35837067362122],[-71.05016658777163,42.35830067318602],[-71.05024758755492,42.358615673281896],[-71.0494305881467,42.358875673704816],[-71.048458587609,42.35898067343318],[-71.04837858717201,42.35928267349726],[-71.04847658751093,42.35959067337337],[-71.05057358794271,42.359271673624676],[-71.05064758858934,42.35965067380176],[-71.04860958705095,42.360046673412086],[-71.04859558709624,42.359948674001785],[-71.04765558706147,42.36004667398286],[-71.047701587596,42.36064167357039],[-71.04925458728643,42.3604096733113],[-71.04932158737107,42.36060967351452],[-71.04987958761254,42.360718673745694],[-71.0504825883948,42.36059967385513],[-71.0507875880227,42.360648673684985],[-71.05082558863238,42.36182967394078],[-71.05040858855797,42.361967674275775],[-71.04951458751442,42.36169367387665],[-71.04944058770776,42.36140567361464],[-71.04852858726983,42.361584674383316],[-71.04860658721913,42.361826674379174],[-71.04799158665669,42.36195167445708],[-71.04803458761005,42.36224367445805],[-71.04910758786275,42.36208567435495],[-71.0506825877032,42.36254567366408],[-71.05082658786398,42.36301167453735],[-71.05051158806377,42.36298867399699],[-71.04943758805824,42.36261967400046],[-71.04911158824781,42.36259467379145],[-71.04932858806167,42.363071674390156],[-71.04907958821575,42.3631806743145],[-71.04903358813814,42.36351667407396],[-71.04971758801562,42.363572674540364],[-71.04944758773483,42.363811674170954],[-71.04927558800547,42.364554674142354],[-71.04976658819912,42.36477267491102],[-71.05085758886443,42.36487067411146],[-71.0508715878389,42.3651366744113],[-71.04975958803449,42.3650636743457],[-71.04879158807472,42.364912674604376],[-71.048781587676,42.36534367441208],[-71.04923758766489,42.36541767464863],[-71.04930058784241,42.36528067503454],[-71.04977458792365,42.36541167440507],[-71.0497805878982,42.36571267468858],[-71.05003258847597,42.366020674930915],[-71.04928658851253,42.365996674716335],[-71.04909358769497,42.36612267456759],[-71.04922358736911,42.366848675364956],[-71.05040158841948,42.36667667528518],[-71.050145588614,42.36689367495976],[-71.04941158784618,42.367014674554504],[-71.0494685879018,42.367281675230366],[-71.04990758854575,42.367223675012546],[-71.05003658872445,42.36740967537232],[-71.04968958818432,42.36762367473719],[-71.04996358779107,42.367854674716575],[-71.05099058795079,42.3671676748226],[-71.0512885887896,42.367591674852825],[-71.05006258806763,42.36867667501672],[-71.05031058896199,42.36887867491024],[-71.05123558840931,42.368087675134355],[-71.05168558851884,42.368349675622774],[-71.05091458849414,42.36932767525461],[-71.05110858870376,42.369422675659344],[-71.05167158920936,42.36879567560828],[-71.05214858946218,42.36903067534964],[-71.05175058927027,42.36961867567997],[-71.05206058889618,42.36976167520185],[-71.05289858938436,42.36872467506034],[-71.05312658917721,42.369021675117466],[-71.05337558976659,42.3690946752308],[-71.0536125898087,42.36872967547293],[-71.05497458940023,42.369020675016486],[-71.05506659032646,42.3688656752776],[-71.055616589918,42.36903167560923],[-71.0569385903486,42.36887267521911],[-71.05771159050295,42.36854367492902],[-71.05769959055255,42.36836867476046],[-71.0581725913494,42.36795467529343],[-71.05862959051814,42.36799167521369],[-71.06042859116283,42.3671216748475],[-71.06087559177918,42.36731567495262],[-71.06102859138599,42.3676016748312],[-71.06098159212232,42.367818674820384],[-71.06048659194387,42.36826367518301],[-71.06053159194458,42.368492675295535],[-71.06111659229468,42.368950674576844],[-71.06132959225297,42.36971667554416],[-71.06050959173282,42.37017267539958],[-71.06007959154127,42.369680675204535],[-71.05953959109576,42.369802675655784],[-71.05939531672598,42.36960408305535],[-71.05758477894192,42.37042940263034],[-71.05570247263182,42.371221220221756],[-71.05766059108285,42.37223667530636],[-71.05691159142035,42.37265567576487],[-71.05485359024756,42.37178267569439],[-71.05413258971062,42.37185467565616],[-71.05498859057579,42.37259967571466],[-71.05488358977131,42.37266967559472],[-71.05592759000268,42.37356067610668],[-71.05573859069328,42.373694676226535],[-71.05469859056109,42.37279467582508],[-71.05456859007568,42.372886676209475],[-71.0535445901558,42.37194167572129],[-71.05323558938132,42.37196467577093],[-71.0538165900156,42.372499675506546],[-71.05375658981684,42.37296867565405],[-71.05264758930366,42.37200267576195],[-71.0525005895308,42.372077675996934],[-71.054719589833,42.37421667640295],[-71.05447059007525,42.37438367629458],[-71.05276658934595,42.372887676219506],[-71.05267258930344,42.372956676124176],[-71.05081158856736,42.371233676077615],[-71.0505805888748,42.371355675798966],[-71.05209258888732,42.37272867644596],[-71.05154458908127,42.37306267568899],[-71.05009358896054,42.37170567598112],[-71.0496985887478,42.371929676076725],[-71.05117358945495,42.37329867616658],[-71.0508155887884,42.373669675796776],[-71.04936858858632,42.372434676333825],[-71.04926158787958,42.37262567644506],[-71.05077358889888,42.37394067586528],[-71.05058958858753,42.374529676440126],[-71.04895258807807,42.37305967637464],[-71.04870658769717,42.37345567657339],[-71.05064058900408,42.37518167690877],[-71.05031558930234,42.37535367632616],[-71.05012358834503,42.37526267627385],[-71.04968858809798,42.37550067683144],[-71.04849258863592,42.37471567691343],[-71.04825058868745,42.37493567641901],[-71.0498885885117,42.37605467647403],[-71.04973658817015,42.37648967682236],[-71.04801958815827,42.37557067664527],[-71.04790958796661,42.375747676742094],[-71.04961658818081,42.3767396769924],[-71.04927058838274,42.377187676994325],[-71.04806958781859,42.376474676508444],[-71.04791158782983,42.376670676731834],[-71.0494065884496,42.3779456773784],[-71.04914158855112,42.37813467717982],[-71.04766958748189,42.37692267657733],[-71.0475295881264,42.37698467710872],[-71.0479405881261,42.37846267700432],[-71.04822858881116,42.37933567707283],[-71.04906058831618,42.37946967734756],[-71.05089458975311,42.379697677408394],[-71.05102058953294,42.37954267705713],[-71.05169658961147,42.37978267748635],[-71.05278259045923,42.37994267724981],[-71.05332258952666,42.379960677785505],[-71.05571259074823,42.38020067763247],[-71.05681359130877,42.38041967765113],[-71.05826559131717,42.38085367756313],[-71.05862659235298,42.38103167763695],[-71.05853359177226,42.38157367748401],[-71.05769259191479,42.381606677531074],[-71.0548185901672,42.38117667755025],[-71.05306958973172,42.38096467794827],[-71.05223758932468,42.38080867770621],[-71.05156758941749,42.38076167769354],[-71.05114058916843,42.38036467774095],[-71.04898358804424,42.380037677161376],[-71.04765058838781,42.379877677116546],[-71.04730658777606,42.381279677745866],[-71.04796958898581,42.381339677901416],[-71.04972458840402,42.38166367783905],[-71.04936158937629,42.38209467769088],[-71.04750058813408,42.381694678156684],[-71.04730758813169,42.382269678304525],[-71.04722258785182,42.38280767823667],[-71.04759158788588,42.38344867795224],[-71.0484205885848,42.38376767864355],[-71.04972258877508,42.38399167805513],[-71.05003458942029,42.383760678002865],[-71.05047258915435,42.38392867839874],[-71.05033858897633,42.38413367835938],[-71.0533065905408,42.384373678383916],[-71.0553345909828,42.384557677749335],[-71.05873359266857,42.38497367783772],[-71.0599835920584,42.38330367757331],[-71.06047059257213,42.383334677720356],[-71.0595705920554,42.38469267832635],[-71.0600095927402,42.38482467788925],[-71.06107959221431,42.383342678049125],[-71.06176559306897,42.383428677523234],[-71.06123359331183,42.38396067765102],[-71.06156359331369,42.384049677480206],[-71.0620815928244,42.38348667794482],[-71.06234359373248,42.38350367746266],[-71.06133759250524,42.38475167779946],[-71.06171159319393,42.38499567777307],[-71.06221459314365,42.38504167795399],[-71.06259459373781,42.38489567812851],[-71.0635675931133,42.3837656780915],[-71.06384459357749,42.38384667744773],[-71.06423859362445,42.383793677922135],[-71.06332559355091,42.38508467792905],[-71.06472259451496,42.38510067773542],[-71.06501059375556,42.384856677841235],[-71.06615559508352,42.38531267761754],[-71.06601359480031,42.38552267820436],[-71.06767159554072,42.385623677830964],[-71.0683505957573,42.385075677854566],[-71.06858259593584,42.38522867813271],[-71.0693525956408,42.38520567779302],[-71.06937159523214,42.38544367795105],[-71.06999759577444,42.385626677543],[-71.07052659653144,42.386044677562076],[-71.06991359629951,42.38646967810956],[-71.07074259588438,42.3869146784997],[-71.0714155963518,42.38734367808786],[-71.07242059643569,42.387806678235386],[-71.07323559722317,42.3891246784023],[-71.0736355977848,42.3898566784337],[-71.07427359810156,42.39059567875413],[-71.07566959763189,42.38861167782692],[-71.07893959835923,42.384016677187006],[-71.07950059845895,42.383356676776074],[-71.07978559887226,42.382940677414226],[-71.08094759877984,42.38238667703108],[-71.08097159911135,42.38233167692407],[-71.0807015997173,42.38104767655332],[-71.07565759734572,42.38020467630264],[-71.07293259622695,42.37384767581588],[-71.07268959654867,42.3732306755343],[-71.07246659615771,42.372666675049096],[-71.06711559361574,42.3718246751429],[-71.06398459291002,42.36894067526849],[-71.06947859424231,42.36905467455775],[-71.07372159603753,42.365064674306026],[-71.0747925962935,42.363781673210056],[-71.0750955963348,42.363211673119274],[-71.07609259607715,42.360388672700935],[-71.07681059673152,42.35951267303845],[-71.07733459675332,42.35909267294734],[-71.0779525975153,42.35874367289089],[-71.09100260039754,42.35440567134262],[-71.09300260122151,42.35390267089714],[-71.09724460294422,42.35319967065916],[-71.10239960404269,42.35263167048501],[-71.10340760446579,42.3524576708526],[-71.1043166056612,42.352411670688426],[-71.10600960577405,42.352482670876505],[-71.10921860655442,42.35255467010648],[-71.11008360717884,42.35255767024411],[-71.11151360757405,42.35274767075082],[-71.1124606074893,42.35291167031103],[-71.11319660793171,42.353118670561244],[-71.11445960905313,42.35366267019645],[-71.11517060857781,42.354040670191665],[-71.1159106091209,42.354539670462664],[-71.11653060937259,42.35503667048682],[-71.11685261006069,42.355393670995475],[-71.11706660905698,42.35587467051653],[-71.11716560940532,42.35700567118492],[-71.11707260958046,42.3575536711912],[-71.11664961021727,42.35884767089214],[-71.11657861020728,42.35957567150985],[-71.11670460978998,42.36126367218973],[-71.11693661025022,42.36368567250461],[-71.11687361069598,42.36589367288697],[-71.11696861038817,42.366659672825485],[-71.11723060990866,42.36737567284257],[-71.11769261055126,42.368154672837456],[-71.11819061017474,42.36853767270507],[-71.11896061067621,42.3687686735193],[-71.1195506114175,42.36884667269619],[-71.12204461245078,42.36871167269051],[-71.1231136118586,42.36891467273261],[-71.12382761219979,42.36916567327973],[-71.12445461236514,42.3695206734934],[-71.12490261305857,42.37010767352845],[-71.1255336133304,42.37119967380847],[-71.12602461385836,42.371956673061206],[-71.1270106144227,42.37284767376212],[-71.1276346137966,42.373267673975235],[-71.12820361483986,42.37358067337135],[-71.12895161425294,42.3738436739545],[-71.1296256143303,42.37395267369517],[-71.13016961505843,42.37396967381877],[-71.13152561482127,42.37381067324217],[-71.1320706155739,42.3736036733179],[-71.13271961541571,42.37320767316788],[-71.13310161570539,42.372709673835686],[-71.13317961629811,42.37234667321972],[-71.13302461530024,42.37182667338338],[-71.1320606148723,42.3708336726374],[-71.13184761555158,42.37039567335428],[-71.13176261481453,42.3698726725357],[-71.1319716152467,42.36934267300886],[-71.13237361539963,42.36889967239109],[-71.13293661538589,42.368495672316904],[-71.13416861558962,42.36776767267499],[-71.13580961626741,42.36723967188272],[-71.13705261683788,42.36642967187224],[-71.13856061767565,42.3651076717427],[-71.13914761702206,42.36471167149116],[-71.13969261806261,42.36448367130616],[-71.14040861832616,42.36440967135672],[-71.14139161797932,42.36458167177468],[-71.14248361845081,42.364946671800126],[-71.14329461845031,42.365092671866435],[-71.1436676193422,42.3650896714231],[-71.14449261886853,42.36483067167045],[-71.14524061898805,42.36415867111944],[-71.14554961890677,42.363707671508585],[-71.14592761964028,42.36294767139634],[-71.14633662004161,42.36248367116887],[-71.14729762031591,42.36164467049423],[-71.14780861993705,42.3613146710542],[-71.14833262034388,42.36112767088267],[-71.15199462171638,42.36076667035679],[-71.15247662155859,42.36068667084874],[-71.15370562230248,42.36026367036487],[-71.15447562225145,42.36004466989721],[-71.15524662294243,42.35990366984234],[-71.15636162276797,42.35986066996384],[-71.15706562285717,42.359947670046566],[-71.15850162338323,42.35998167036683],[-71.15927862349393,42.359910670034786],[-71.15974662411743,42.35978966983088],[-71.16096062416767,42.35929866961256],[-71.16187862406653,42.35874466970763],[-71.162285624989,42.35857266949697],[-71.16300862521678,42.358477670165236],[-71.16388862530019,42.35853166968146],[-71.16457462526728,42.35881366943192],[-71.16569162618777,42.359715669598714],[-71.16615862543993,42.35991566958565],[-71.16682462563797,42.36004466984221],[-71.16762562610567,42.36008167008471],[-71.16806662651108,42.35953666951279],[-71.16947462669606,42.358055669580494],[-71.16989462702043,42.35764966950805],[-71.17391662817673,42.35347366825259],[-71.17485062828729,42.350345668012196],[-71.17317162742147,42.348216667145],[-71.17189862657611,42.34666366763335],[-71.17000362638264,42.34426066694237],[-71.16832362523819,42.34217666610465],[-71.16668362449994,42.34011266622149],[-71.16680862437026,42.33929866553202],[-71.16863362497489,42.33863766549274],[-71.16893662577678,42.33845766574563],[-71.16921762533617,42.33807666538146],[-71.16912262503627,42.337384665294266],[-71.168859625818,42.3363126649614],[-71.16888662512844,42.33583466535768],[-71.16857062581539,42.335151665341634],[-71.16819162535096,42.334799665090834],[-71.16756562479345,42.3334496645746],[-71.16297262293372,42.33395566521908],[-71.16229862300504,42.33397366476044],[-71.16172162259727,42.33389466490962],[-71.16091762271957,42.33364766480412],[-71.15972362200354,42.33304466468054],[-71.15932562264172,42.3327766649003],[-71.15871662191479,42.33217066511938],[-71.15703662152696,42.330398664365276],[-71.14985361913661,42.33464366555155],[-71.15046161941227,42.33497666527555],[-71.150059619588,42.335401666145124],[-71.14829561884024,42.33581566567084],[-71.14874261865218,42.33687466593041],[-71.14615661844523,42.33745066621071],[-71.14634261865108,42.33804466595441],[-71.1466066184753,42.33854566651543],[-71.14616261814783,42.33870566624756],[-71.1452756181685,42.3393466666809],[-71.14421261757539,42.34003066727077],[-71.14239561719013,42.34006966653078],[-71.14193961692311,42.340016666977874],[-71.14161961721756,42.340649666970855],[-71.14132661684701,42.341056667579],[-71.135278614614,42.345949668146545],[-71.13338161445276,42.347130668728155],[-71.12928161345208,42.34907566870374],[-71.12858061269918,42.349704669480275],[-71.12858361343915,42.34984166894796],[-71.12685461216842,42.35009666899601],[-71.12588961203012,42.350585669317205],[-71.1247556118439,42.35123866948775],[-71.12406761153149,42.35156066950274],[-71.12294261151831,42.35142466984014],[-71.12285561111554,42.35186967012686],[-71.11723760886285,42.35121466983229],[-71.1158086094773,42.35102567012497],[-71.11093660745514,42.35045466970344],[-71.10657060573621,42.349920669866144],[-71.10689460623912,42.34859666971078],[-71.10721360590098,42.347057669044304],[-71.10625160595576,42.345078669106584],[-71.10579660478577,42.34440566849456],[-71.10551660508351,42.343820668574956],[-71.1060726055054,42.343591669009946],[-71.10651460568495,42.343114668651026],[-71.10744260573739,42.34269566893865],[-71.10788760595784,42.34255966879329],[-71.10819460645578,42.34233866838917],[-71.10829160600385,42.34198966869966],[-71.10849060597103,42.34184566874936],[-71.10955360668103,42.3415026685787],[-71.10976760590094,42.34123066798406],[-71.11017760635463,42.340967668394576],[-71.11057960619041,42.34045166818727],[-71.11067560636442,42.33990666769356],[-71.11085060626944,42.33951666764662],[-71.11088560631882,42.33889266773869],[-71.11155160721923,42.33730766708605],[-71.11122060680847,42.33699766695055],[-71.1111546066537,42.336727667534085],[-71.11090860612767,42.33655566713963],[-71.110713606338,42.336220667200976],[-71.1109796063261,42.33595366755424],[-71.11092960652884,42.33568066738903],[-71.1105176064364,42.335411666645484],[-71.11111660642497,42.33474166732003],[-71.11133960688319,42.33460866674755],[-71.11219260686663,42.333809666450115],[-71.11265860742283,42.33308366665276],[-71.11321260707743,42.332466665996456],[-71.11344860648619,42.33096266643953],[-71.11357560734088,42.33047566645384],[-71.11504060773494,42.32731666514028],[-71.11527160734953,42.326942665009334],[-71.11584660729109,42.32658566512949],[-71.11605060811267,42.32623566503875],[-71.1159486077578,42.325743664604886],[-71.11635360753705,42.32479866453999],[-71.11636260727443,42.32431766453122],[-71.1165376079916,42.323947664733474],[-71.11677260816947,42.32377866462155],[-71.1183986079735,42.32346366488926],[-71.11850960790349,42.32312466458789],[-71.11887060796073,42.32286666464305],[-71.11943660848375,42.32274366466042],[-71.12011260885781,42.322843664773934],[-71.12152860908425,42.323890664555954],[-71.1233676098777,42.32257966440977],[-71.12371160995386,42.322724664465234],[-71.12426960964106,42.32186466400314],[-71.12688761116824,42.31894366367028],[-71.1286016110366,42.31696766270681],[-71.13054261146755,42.31465066205071],[-71.13186361139807,42.313186661848434],[-71.13316361203344,42.3112126613194],[-71.13445961235486,42.309104661474464],[-71.13650261250231,42.30621266088632],[-71.14009661436255,42.30218165973048],[-71.14688361607686,42.297288658486686],[-71.15037961725422,42.29549865804147],[-71.15214861750798,42.29462165775017],[-71.16470262187796,42.30383865940116],[-71.17043962402778,42.30002965806906],[-71.17863662577004,42.29460365699861],[-71.19090463013586,42.283256654857965],[-71.19124762964228,42.28300065448847],[-71.19113162943205,42.28237265412825],[-71.19075362922408,42.281848654199564],[-71.18993062966447,42.28129765449794],[-71.18908462937513,42.280916654014995],[-71.18821262806286,42.28044665408155],[-71.1877736284965,42.280235653992],[-71.18599062799605,42.27977965421338],[-71.18551162811241,42.279690653626865],[-71.18529262708631,42.27947465436185],[-71.18325762664547,42.27600165327348],[-71.18304862598556,42.27586165346165],[-71.18040762600191,42.27637865394691],[-71.17855362503771,42.276718653602],[-71.17746162457324,42.27687665333969],[-71.17678162482707,42.276807654061386],[-71.1754446242998,42.27625165373018],[-71.17497262412174,42.27601265397267],[-71.17460562407139,42.27567165398126],[-71.17441862385976,42.275050653674924],[-71.17482562354019,42.274209653304666],[-71.174822623622,42.27353865296958],[-71.17461362379142,42.273020653325574],[-71.17385962293623,42.27199565324262],[-71.17341262365993,42.270921652744164],[-71.17299162285707,42.2704426528403],[-71.17296462244626,42.270141652718095],[-71.17355962321754,42.26941865278757],[-71.17428862386984,42.268893652470396],[-71.1746096230335,42.26838165215541],[-71.17459662364233,42.26790265179756],[-71.17444162383158,42.26735165237214],[-71.17415462270534,42.26702965188007],[-71.17368962268984,42.26676465182724],[-71.17333062313723,42.26665365201114],[-71.17246562228435,42.26652465152491],[-71.1718326225791,42.26635565185569],[-71.17137962177564,42.26591365192162],[-71.17132262222735,42.26535465189576],[-71.16874862122444,42.263282651727465],[-71.16339361937389,42.25903165070119],[-71.1604246186206,42.256633650411494],[-71.15858461785432,42.25516365051595],[-71.15231261490575,42.25834465147949],[-71.14664261310143,42.2557636508163],[-71.14559761264115,42.25010464997453],[-71.14453561167203,42.24511564865888],[-71.14268161159423,42.23600664692262],[-71.14214061033324,42.235624647473585],[-71.13077160612251,42.2279346460667],[-71.13052560700784,42.22809864640501],[-71.13026860700279,42.22850964620717],[-71.12995660654144,42.22873964604299],[-71.12948660581569,42.22879064571164],[-71.12920260654188,42.2289756463219],[-71.1289546067107,42.22932464621377],[-71.12886460632441,42.22972964635102],[-71.12825260601645,42.23019264650345],[-71.12742060547623,42.23118464702069],[-71.12660960554685,42.23127264663428],[-71.12638960484846,42.231379646566076],[-71.1260506059395,42.23176464707906],[-71.12547760527953,42.231890647149235],[-71.12523060463549,42.232065647244966],[-71.12497360516628,42.23247764700469],[-71.12458360537266,42.23278764719038],[-71.12450360432267,42.23310164697139],[-71.12471960524023,42.23375364697854],[-71.12446260460672,42.23416964737421],[-71.12423460499777,42.23429364726056],[-71.12381160508312,42.23432964703473],[-71.12313260430348,42.234239647433746],[-71.12260460421854,42.234445647473535],[-71.12248460432673,42.23485564759763],[-71.12251760427792,42.23520764779169],[-71.12275560498585,42.23543264801847],[-71.1240846050747,42.236396647848366],[-71.12445760492365,42.23686964741356],[-71.12454660510686,42.23715764787329],[-71.12485360483205,42.2374846475072],[-71.1253816056308,42.237687647877905],[-71.1256816054788,42.237909648097876],[-71.12576960528361,42.238209648095705],[-71.12614160590242,42.23892664776291],[-71.12637760586699,42.2391706482536],[-71.12138960444612,42.241750648999314],[-71.10934760061335,42.247998650226805],[-71.10954460097331,42.25542065228429],[-71.11332660228265,42.25899865229743],[-71.11263254065526,42.25956931754269]]],[[[-70.9493315522779,42.31223566815698],[-70.94956255258123,42.31251166808546],[-70.95067455208829,42.31310166756877],[-70.95156555254779,42.31337766789169],[-70.95224355315962,42.313424668034685],[-70.95258255368914,42.31332466757355],[-70.95292155359994,42.31308466761877],[-70.95316755388106,42.31273766754931],[-70.95328355381048,42.31233066796339],[-70.95376855386176,42.312263667782844],[-70.95435355363821,42.31184866789469],[-70.95490755321082,42.31163266753102],[-70.95570955447896,42.311604667322534],[-70.95662555488259,42.31166166731996],[-70.95701855409375,42.31160966766147],[-70.95722655479254,42.31143966772504],[-70.95744955486208,42.310769667670115],[-70.95729555500641,42.31071766716138],[-70.95693355477405,42.31095866698137],[-70.9561405542625,42.31102166728011],[-70.9558475545758,42.31091366689201],[-70.9552615535661,42.3103966671079],[-70.95510055385606,42.31002166711764],[-70.95470755336908,42.30988366759879],[-70.95435355299766,42.31022366711411],[-70.95461555424474,42.31103866721685],[-70.9545695532606,42.31134966768431],[-70.9541535531129,42.3116406674736],[-70.95378355318441,42.311781667408226],[-70.95289055366622,42.31189666775276],[-70.95303655354036,42.31145666728531],[-70.95276655285075,42.31124566720762],[-70.95192755252758,42.31154366768811],[-70.95136455210402,42.311818667264745],[-70.95009355162594,42.31181766740208],[-70.9495315518002,42.31186366805711],[-70.94933155245775,42.31196566803632],[-70.9493315522779,42.31223566815698]]],[[[-70.99936856886897,42.31988866792764],[-70.9993765688401,42.32015366788236],[-70.99917656930954,42.320409667955666],[-70.99923856874943,42.32067466820019],[-70.9994935695501,42.320849667675446],[-71.00054856992057,42.32118266805278],[-71.00213556954705,42.32133466746763],[-71.00339957026044,42.32134866783467],[-71.00449357024529,42.321239667834924],[-71.00637657155642,42.32083366771592],[-71.00717957132328,42.32046766781109],[-71.00786057169756,42.3198436673335],[-71.00880457162611,42.319088666964944],[-71.00950057187312,42.318657667122324],[-71.00945457191122,42.31838366662808],[-71.00970357252706,42.31791566665478],[-71.01006057256411,42.31745866638661],[-71.01057057182649,42.31700466642679],[-71.01134457285791,42.31640966625632],[-71.01253457349567,42.31568166621169],[-71.01339957342073,42.31526166606688],[-71.01398657314104,42.31503466661259],[-71.01483557343713,42.31478566607095],[-71.01574657364057,42.31432866631995],[-71.01673557416298,42.31368066603158],[-71.01699957413557,42.31337466578638],[-71.01711357393134,42.312003665200415],[-71.01689957390012,42.311543665660665],[-71.0160565742888,42.31041066502224],[-71.01522657326815,42.30983466514],[-71.01411957331031,42.30939966499772],[-71.01422657308855,42.309663664807296],[-71.01502557323735,42.31008666526068],[-71.01504057337809,42.310211665365095],[-71.01394557309456,42.31030366504422],[-71.01352957293203,42.31025166518109],[-71.01280757225463,42.309954665754006],[-71.01216257195283,42.309429665518124],[-71.01174857238217,42.308968665388484],[-71.01154857249118,42.308913664921164],[-71.01131357173237,42.30970166527818],[-71.01069357171981,42.31049966552505],[-71.010351571382,42.31111366572993],[-71.01001057163636,42.31146666597926],[-71.00917457221883,42.31219766620895],[-71.00874157132043,42.31267766611149],[-71.008585571984,42.3130996659849],[-71.0077815713541,42.31359966627568],[-71.0073355711673,42.31350866574936],[-71.00713457153277,42.3135886663768],[-71.00734757141329,42.31419266614857],[-71.007053571535,42.31432866646718],[-71.00685157087318,42.31471866610721],[-71.00677157154742,42.315404666412356],[-71.00661557116896,42.31589366663427],[-71.00641357051875,42.31621266669037],[-71.00554557087217,42.31711466731059],[-71.00520357087125,42.317728667018216],[-71.00421257008145,42.31878166753181],[-71.0034085695746,42.319349667486044],[-71.00254357031743,42.31971166719457],[-71.00175656923166,42.31983366754036],[-71.00129456981145,42.3198236673577],[-71.00080256959426,42.31965166797092],[-71.00028056881266,42.31913466730437],[-70.99992756934333,42.318937667406054],[-70.99963356851399,42.318938667399394],[-70.99923656921521,42.3190936674235],[-70.9991675691874,42.319351667892654],[-70.99936856886897,42.31988866792764]]],[[[-70.93005054675307,42.3222846704335],[-70.92988654632663,42.32237967033998],[-70.9298865458599,42.32277667011542],[-70.9300445459296,42.322967670315755],[-70.93055654652389,42.32267367073007],[-70.93091254681704,42.32166867046252],[-70.9310395462803,42.32114167036031],[-70.93063854662157,42.32024667002814],[-70.93076154680844,42.319918670183796],[-70.93122654618513,42.319644670052725],[-70.93049154575624,42.31856266939565],[-70.93006454574758,42.31871466992456],[-70.92990054648982,42.31853766924812],[-70.92948954629092,42.31782566953096],[-70.92890154580208,42.31723766946871],[-70.92835454545434,42.31699166909054],[-70.92775354562303,42.31714266942542],[-70.92726054454283,42.31764866926082],[-70.92681954431826,42.31787466976279],[-70.9261395453021,42.31777166919582],[-70.92575654464693,42.31801766924339],[-70.92529454406706,42.319773670139085],[-70.92545354421212,42.320014669606685],[-70.92586554423927,42.32135467033226],[-70.92612554461596,42.32144966998088],[-70.92644054522837,42.32176467046373],[-70.92747954535994,42.321996670099246],[-70.92754754599787,42.32210667058758],[-70.9286145453811,42.322270670488074],[-70.92906554541653,42.322215670169555],[-70.9299685463491,42.322202669960454],[-70.93005054675307,42.3222846704335]]],[[[-70.93642954900768,42.3266706710707],[-70.93746954893227,42.32683767072894],[-70.93831754901711,42.32710667092181],[-70.93945054963216,42.32757867091665],[-70.94016654999184,42.32774667106447],[-70.94058355046947,42.327775670730176],[-70.94123055070366,42.32762467117028],[-70.94163855066601,42.32730667126248],[-70.94176955033625,42.3270306710603],[-70.94176155061785,42.326642670411566],[-70.94163055036857,42.32618167072408],[-70.9413145505145,42.32587567031962],[-70.94043654981171,42.325287670825304],[-70.94008954985955,42.324599670680456],[-70.93877154949426,42.325275670315165],[-70.9374315490339,42.32582467086461],[-70.93693054838704,42.325923670401075],[-70.9353665485015,42.32598167111557],[-70.93490454786608,42.32602967107759],[-70.93391054715153,42.32634367076955],[-70.93410354818286,42.326610671083806],[-70.93582954871215,42.32669367095347],[-70.93642954900768,42.3266706710707]]],[[[-70.98614056440813,42.319060668105536],[-70.98593256489877,42.3192576677253],[-70.98528656426454,42.32009766782074],[-70.98473256360641,42.320674667978494],[-70.98430856405295,42.321266668038],[-70.98427056408752,42.32173566853728],[-70.98442556378734,42.322287668544924],[-70.98422556385945,42.324209668866175],[-70.98400656447545,42.3257156695935],[-70.98398856383444,42.32633766926654],[-70.98409056468913,42.32715766971032],[-70.98342056463741,42.32755966933257],[-70.98351356449427,42.327868670002246],[-70.984160564419,42.328248670008286],[-70.98521656484363,42.32846066947817],[-70.98678056571568,42.328518669465645],[-70.98755056538825,42.328482669724096],[-70.98850656560683,42.32829566949099],[-70.98974656559568,42.32788666933019],[-70.9906775665797,42.32740166927214],[-70.99113956612568,42.326754669565844],[-70.9911625660842,42.32624066888313],[-70.99096156688933,42.32596966879422],[-70.99064556674799,42.32581766927086],[-70.99002956569807,42.325706668628335],[-70.98962056621968,42.32553866940462],[-70.98901956531066,42.32496766869987],[-70.98822556523264,42.32455366896831],[-70.98816356594698,42.324023668922536],[-70.9883635654805,42.32370466864099],[-70.98792456473949,42.323518668598226],[-70.98808556573145,42.323371668741935],[-70.98830056538745,42.32286366834081],[-70.98817756525769,42.32271266853698],[-70.98764556542449,42.3225866688629],[-70.98772956507024,42.321365668213446],[-70.98782956485081,42.320742668038],[-70.9877125653614,42.319627667605765],[-70.98721156500173,42.31944266751084],[-70.986679564555,42.31911466762829],[-70.98614056440813,42.319060668105536]]],[[[-70.9569645549982,42.331017670835884],[-70.95762655573215,42.33095667121925],[-70.95795855557851,42.33083867070993],[-70.95847455652351,42.33042467137816],[-70.95863555583833,42.329705671198376],[-70.95875855577498,42.32945167094549],[-70.95948255570238,42.328556670985975],[-70.95960555687479,42.328284670944356],[-70.96060755615787,42.32743467018784],[-70.96096155725158,42.32719367036162],[-70.96249455709024,42.32650167024024],[-70.9628945574515,42.32620666962209],[-70.96388855814868,42.32589667031211],[-70.96441255775191,42.325603669675935],[-70.96491255756652,42.32548766973074],[-70.96480455756594,42.32487666966623],[-70.96532055743991,42.32433666999868],[-70.9661145585238,42.323899669548446],[-70.96669955828527,42.32349366926326],[-70.96722255899533,42.32321466890652],[-70.96756955873464,42.3228296695029],[-70.96818555827097,42.321914669303915],[-70.96867055864503,42.321293669215436],[-70.96892455852965,42.32055566871677],[-70.96929255861426,42.31857666873271],[-70.96948455919448,42.3181686685938],[-70.97083255892642,42.31603766810104],[-70.97165555970662,42.31446166786468],[-70.97243255944495,42.31367766709495],[-70.97305655958606,42.31310466715785],[-70.97441156061326,42.31211266737159],[-70.97518956082331,42.31170766729815],[-70.97588256070622,42.31146166701053],[-70.9765445604512,42.31112566642602],[-70.97709856117017,42.31063866669354],[-70.9769525606161,42.31033066695483],[-70.97625156039167,42.310279666198205],[-70.97491856067367,42.31045166620592],[-70.97333256032162,42.31100966688356],[-70.97252355986616,42.311222667057436],[-70.97106855960799,42.31154866737104],[-70.97045955846245,42.31206866724645],[-70.97016755905344,42.31247366686895],[-70.969698558224,42.31288266753495],[-70.96923555899153,42.313151666865814],[-70.96861155859159,42.31336066732537],[-70.96706355825431,42.31340066700709],[-70.96655555739987,42.313517667153455],[-70.96629355811778,42.313855667661215],[-70.96600955710412,42.31507166782609],[-70.96561755775843,42.31625766823771],[-70.96523255778611,42.31677766789187],[-70.96383955721332,42.319354668790666],[-70.96360855752049,42.320025668874976],[-70.96306155694913,42.32088166897175],[-70.9629005575614,42.32124466921688],[-70.96256155691006,42.32149766889524],[-70.96209955726093,42.322176669449014],[-70.96169955608431,42.32263366899497],[-70.96133755627523,42.32317566913456],[-70.96082955689111,42.32377466938322],[-70.96032855660762,42.32462966998272],[-70.96006655637674,42.32478666968474],[-70.95962755648047,42.325303670294396],[-70.95938955596208,42.32626167031012],[-70.95890455572192,42.32688666994437],[-70.95811055619434,42.32727867039884],[-70.9578485556064,42.32746367075835],[-70.9575335552045,42.32786967077265],[-70.95713255548905,42.328168670631406],[-70.95643155506929,42.32848267058405],[-70.95610755576473,42.32881667101068],[-70.95556855555591,42.328979670752474],[-70.95467555482368,42.32915167125113],[-70.95407455440925,42.329495671060776],[-70.95384355451819,42.329927670761684],[-70.95402855517489,42.3304106706999],[-70.95455255527,42.33063567073624],[-70.95569255464694,42.3309446706916],[-70.9569645549982,42.331017670835884]]],[[[-71.0140695739598,42.331770669397265],[-71.01336157385767,42.33270166938027],[-71.01278357363233,42.33374766995898],[-71.01297757470532,42.33383866947324],[-71.01364657411254,42.332682669182994],[-71.01425557467047,42.33186166900492],[-71.0140695739598,42.331770669397265]]],[[[-70.92559754543993,42.32858167164891],[-70.92592854523176,42.32896367160386],[-70.9271915452896,42.330284671822],[-70.92774654565095,42.33082867207979],[-70.92869454643044,42.33191567197415],[-70.9294575467213,42.332690672606894],[-70.92984254675473,42.33317567229952],[-70.92974254654841,42.33365867273794],[-70.93011954709037,42.33383767248477],[-70.93035854657731,42.33377867260638],[-70.93176054771719,42.3330936719878],[-70.93213054783651,42.332857672470205],[-70.931904547549,42.33252267189228],[-70.93107254658312,42.33237067249298],[-70.93061054717407,42.33203467214088],[-70.93046254660501,42.33151467241221],[-70.93035754624805,42.330583671541014],[-70.93057654644903,42.329925671660426],[-70.9306605468984,42.3294196718749],[-70.93128854676334,42.32870067149614],[-70.93128054747454,42.32851567153854],[-70.93086354689122,42.32835867152511],[-70.92984454598,42.32860167192182],[-70.92882354657235,42.328318671911546],[-70.92823354585178,42.328083671633834],[-70.92732454542,42.32755067114075],[-70.92691354528728,42.32724167095125],[-70.92648054510515,42.32661867164161],[-70.92637854563947,42.326233671056265],[-70.9264035450938,42.32575667082607],[-70.92620354521347,42.32543767118973],[-70.92577554442633,42.32529667069547],[-70.92522754504378,42.32525267074914],[-70.92490354415435,42.32530567078843],[-70.92418854417399,42.32519567058554],[-70.92371754440077,42.325411671214965],[-70.92333254480292,42.325778671240634],[-70.92320154416815,42.326100670909064],[-70.92342454439996,42.32661067124943],[-70.924395544583,42.327471671435916],[-70.92559754543993,42.32858167164891]]],[[[-70.96875456103218,42.35592467577653],[-70.96791156110464,42.3555506754464],[-70.96796456073803,42.355216675541335],[-70.9687125602405,42.355032675649596],[-70.96860456056622,42.35464667490484],[-70.96831156068279,42.35446767490652],[-70.96777956026749,42.35429167543474],[-70.9669315603222,42.35390167504484],[-70.96648455955159,42.35376067543447],[-70.96554356013782,42.35328567545671],[-70.96499655935993,42.35293467535819],[-70.96498855942238,42.352511674729286],[-70.96527355992912,42.35232667474079],[-70.96527355927645,42.352011674983146],[-70.96488755943946,42.35138767460182],[-70.96450155971154,42.35102067456848],[-70.96413955887493,42.35083767450272],[-70.96337655943096,42.35084667465056],[-70.96312255847864,42.350742674997086],[-70.96320655861568,42.35039867430332],[-70.96272155875619,42.35031767454942],[-70.96235155786623,42.35000867427104],[-70.96137255868318,42.34952567410158],[-70.96050155746612,42.34921567484289],[-70.95946055770429,42.34846367400576],[-70.95868155667202,42.347720673997095],[-70.95842655731204,42.3472026745762],[-70.95815755724396,42.34638767363001],[-70.95763255685368,42.34589667348531],[-70.95740155710249,42.345396673664666],[-70.95656855574478,42.34488867363147],[-70.95582155538575,42.344342674014015],[-70.95502755543735,42.344527673881956],[-70.95437955536805,42.34448967357874],[-70.95394055549536,42.34430267331289],[-70.95367055478975,42.34397867365589],[-70.95332355532341,42.3439536732568],[-70.95309255496076,42.34412867341414],[-70.95303855467732,42.34475967361559],[-70.95322355491429,42.34513467404591],[-70.95321655465119,42.345508673929324],[-70.95332455479267,42.346159673829874],[-70.95367955581507,42.347391674425815],[-70.95400355598369,42.348367674810405],[-70.95407255546316,42.34899267497034],[-70.95340255519888,42.3494226745614],[-70.95334155514881,42.34971667521922],[-70.95362655503916,42.35050867492268],[-70.95442855559625,42.35187767488706],[-70.95473755663069,42.352304675531535],[-70.95506855625763,42.35260067539908],[-70.95553155622063,42.353254675391],[-70.95595555700231,42.35371567566586],[-70.95709655681421,42.354510675145946],[-70.95833755717553,42.35521467556287],[-70.95908555813799,42.35578767584876],[-70.95987255829465,42.35596267534241],[-70.96038855804217,42.355972675494925],[-70.9608815583222,42.35572967562013],[-70.96122855779389,42.35541267581024],[-70.9621455581811,42.35510967520986],[-70.96253855921609,42.35507067512805],[-70.96349455879744,42.355414675401626],[-70.96459655902052,42.35603967564783],[-70.9659385597251,42.35633167530538],[-70.96673256005417,42.356543675919966],[-70.96749556013253,42.35689267596358],[-70.96875456103218,42.35592467577653]]],[[[-71.07067059596719,42.389644678731685],[-71.0702955962313,42.39004967868599],[-71.06906259581525,42.39176967948907],[-71.06912159642532,42.391788679446776],[-71.06741059525471,42.39348467927078],[-71.06695059480116,42.39408167961487],[-71.06702959489897,42.39454068005841],[-71.06685859479798,42.39498767968126],[-71.06736759552238,42.395304679916656],[-71.06895559642874,42.393956679607484],[-71.06875959614213,42.39372667918789],[-71.06906859613083,42.39352767956218],[-71.069174595692,42.393264679764926],[-71.06979259594715,42.39264967949215],[-71.07038059662244,42.39260767963681],[-71.07101759651951,42.3920426788037],[-71.0712005963903,42.391701679094005],[-71.07098959678912,42.39111567871854],[-71.07075859699845,42.39094867892642],[-71.07064459678355,42.39059467896031],[-71.071097596251,42.38993767860176],[-71.07067059596719,42.389644678731685]]],[[[-70.99428657103941,42.39330768192068],[-70.99458057168552,42.39333768199216],[-70.99523657183498,42.393685682086826],[-70.99540057213193,42.393884681523836],[-70.99647557219663,42.39631668186081],[-70.99815857317611,42.39689568227587],[-70.99914657265474,42.396986682403806],[-71.00140757429675,42.39674868175286],[-71.0053855751529,42.39409668159802],[-71.00586157474402,42.39390068158054],[-71.00894557632604,42.39520068157211],[-71.00989457643497,42.39548368185153],[-71.01193057737136,42.39576068164223],[-71.01223157805751,42.39550868138687],[-71.01359057777205,42.39538968119554],[-71.01437157820672,42.39510568148734],[-71.0150665778759,42.39452668115878],[-71.0154045784848,42.39409268087965],[-71.01556057788811,42.39375168100446],[-71.01553257812417,42.39327068073236],[-71.0148405784386,42.392490681343574],[-71.0148535781226,42.39223768096981],[-71.01559157859377,42.391320680317534],[-71.01616557849452,42.39070668082986],[-71.01750957891636,42.38907568054128],[-71.01795757866789,42.388572680078],[-71.01826057860725,42.38845867993953],[-71.01819357889072,42.38826667969343],[-71.01839857865819,42.38796967977116],[-71.01969457987938,42.3864796796529],[-71.02033657937456,42.38636867950411],[-71.02126058031234,42.38655967956625],[-71.02216857976674,42.38617867941804],[-71.02226458073315,42.38600167917705],[-71.02262958020513,42.38583767903497],[-71.02281758054666,42.38563167912197],[-71.02403058059475,42.385015679060224],[-71.02414658128633,42.38505867945342],[-71.02530458091127,42.384547679378315],[-71.02519858165977,42.384391678637755],[-71.02646058088514,42.383923678768504],[-71.0264705818186,42.38378867861782],[-71.0271255820142,42.3835746787984],[-71.02737658129456,42.383304678614486],[-71.02738858212506,42.382790679034926],[-71.02883258187369,42.38289167836626],[-71.02883658218708,42.383656678858095],[-71.03001458253378,42.383653678886255],[-71.03002658268494,42.38312267903144],[-71.03112458328623,42.38313867908765],[-71.03119258288099,42.3828586787404],[-71.03289758291987,42.382868678183364],[-71.03337858347176,42.38306767858131],[-71.03343358322648,42.384421678558965],[-71.03524158454346,42.3848306788977],[-71.03526458482054,42.38427667861088],[-71.03539858460958,42.38412967899107],[-71.036147584345,42.38410767854626],[-71.03617258459992,42.38450767861324],[-71.03665758452453,42.38459867836861],[-71.0368795848341,42.38421167825866],[-71.03827758478236,42.38413767842671],[-71.03846958584128,42.38424667854965],[-71.03896758547174,42.384123678470765],[-71.03915258601448,42.38396467817987],[-71.03952358621186,42.383948678263195],[-71.03954158599481,42.383223678283066],[-71.03981158637515,42.38324067832922],[-71.0398595858992,42.38421767864922],[-71.0403665855673,42.38421267846912],[-71.04037558602779,42.38281267859524],[-71.0406845863342,42.38278467851168],[-71.04066158579634,42.38220367837344],[-71.0423145862584,42.38213367782679],[-71.04217458651493,42.380578678005996],[-71.04326458622089,42.380473677791315],[-71.04325858697356,42.38038767745025],[-71.0420375866784,42.3804276776381],[-71.04212758679719,42.380097678153454],[-71.04246158657422,42.3799786772588],[-71.0432645868915,42.37992867722691],[-71.04326658719098,42.37983867804737],[-71.04188358572394,42.37991767745493],[-71.04192058659076,42.379430677477266],[-71.04335058709194,42.37933267729795],[-71.04342158658284,42.379209677341564],[-71.0418225858081,42.37929267738132],[-71.04188058591781,42.378998677295634],[-71.043518586528,42.37891567727858],[-71.04324358692955,42.378677677825515],[-71.04324658674047,42.3779746776564],[-71.04246658607819,42.377974676952405],[-71.04227958601683,42.37752367756068],[-71.04170858570541,42.37754767737539],[-71.0417055857405,42.377245677359916],[-71.04229358611258,42.37714067698422],[-71.04342858687117,42.377129677001925],[-71.04343058719846,42.376989676675805],[-71.04152358608204,42.3770286769011],[-71.04154058601918,42.376843676951545],[-71.04128258617868,42.37656467734015],[-71.04134558620757,42.37596867670779],[-71.04303058691728,42.37631667711664],[-71.04309558618102,42.376126676522816],[-71.04250358680385,42.375939677336206],[-71.04252058655057,42.3758356770338],[-71.04189058654214,42.37564367728479],[-71.04205458653496,42.37512367644394],[-71.0416865861765,42.374931676568046],[-71.04164758572267,42.37453567696259],[-71.04127458529516,42.374272677053455],[-71.04136758616302,42.373991676187345],[-71.04181458585082,42.37361467633639],[-71.04207158551435,42.373736676874],[-71.04257558643465,42.37369967619431],[-71.04230858545304,42.37338967652925],[-71.04232458655052,42.373105676602115],[-71.04280958589077,42.3724706761277],[-71.04376958676028,42.37285967614729],[-71.04400958694735,42.37277867628205],[-71.04480658728653,42.373097676596615],[-71.04498358666916,42.37290967636914],[-71.04403158681438,42.372480676090184],[-71.04423558718514,42.37220267590517],[-71.04428958654577,42.37177867644138],[-71.04493558706645,42.371703675767236],[-71.04477558615163,42.371373675591705],[-71.04555858693168,42.371728675618286],[-71.04568958715991,42.37152367603971],[-71.04516358728594,42.371262676114775],[-71.04516458669059,42.37108267629194],[-71.04479658732275,42.37082367582261],[-71.04494658703351,42.37060967551646],[-71.04418858600985,42.37026767587846],[-71.04471958708116,42.36957767605278],[-71.04452558684386,42.36944667577339],[-71.04403158694275,42.369797676136486],[-71.04367458643218,42.3694926756548],[-71.04327258600658,42.36932867605202],[-71.04398958654848,42.3683076755321],[-71.04387258669031,42.36825967543755],[-71.0432255865901,42.369045675190115],[-71.04302758659756,42.36884667560259],[-71.04216558535522,42.368583675405404],[-71.04323558590964,42.367253675676636],[-71.0430255856461,42.366685675099156],[-71.04262358556778,42.366845674821086],[-71.04224458526271,42.367401675276085],[-71.0418895858378,42.3672736748707],[-71.04232758575728,42.366562675124555],[-71.04070358484299,42.36587167503761],[-71.04186658586485,42.36442767492127],[-71.04065258527179,42.36380167469832],[-71.03939358447148,42.365232675237536],[-71.03926958407327,42.36525367483142],[-71.03865058389904,42.364944675306205],[-71.03968258411749,42.36350367433979],[-71.03893158467513,42.363133674332644],[-71.03757558451676,42.36490467532448],[-71.03682358324863,42.36455367450131],[-71.0381725836103,42.362800674300345],[-71.03739858337603,42.36243167465244],[-71.03608858317166,42.36416567499922],[-71.03545158312343,42.36415067452167],[-71.03522358351223,42.36393867479097],[-71.03484258259374,42.36377367500623],[-71.035672582673,42.36265567477542],[-71.03546558327666,42.36254267431581],[-71.03448658351033,42.36382967506174],[-71.03421558259642,42.36382067514284],[-71.03425358259304,42.363469674980394],[-71.03577458377843,42.361546674617024],[-71.03560958285021,42.36145467483115],[-71.0340365825193,42.36342767524963],[-71.03393358318556,42.36336267463197],[-71.03394458234784,42.36065167423182],[-71.03371958229188,42.36065567423524],[-71.03367958230201,42.362776674535176],[-71.03306858206716,42.36276967436788],[-71.03307958189406,42.36140067455925],[-71.03254658175034,42.36139667466918],[-71.03253858180256,42.362689675065155],[-71.03199958233603,42.36268567441002],[-71.03184958262266,42.363151675078754],[-71.03184558242535,42.36379567496458],[-71.03158558202658,42.363795675121054],[-71.03159258239447,42.36307967494577],[-71.03145258184988,42.36290667458327],[-71.03080258182673,42.362926675194075],[-71.03067358140419,42.363046674485645],[-71.03066958136218,42.36370867481952],[-71.03009058162104,42.36375067526443],[-71.03007158181674,42.36284567511495],[-71.02988158168408,42.362835675162174],[-71.02985958137752,42.36329067447607],[-71.0294605811954,42.36347367458016],[-71.0288365805249,42.36351567455826],[-71.02841258108499,42.36396867495243],[-71.02869458155583,42.364117674906275],[-71.02799858107257,42.36501667497563],[-71.02765958062756,42.36502667559941],[-71.02671458026687,42.36454867500368],[-71.02639758027128,42.36425167482663],[-71.02629458034751,42.36385367473434],[-71.02637158051856,42.36260467512116],[-71.02659557988584,42.36186967447924],[-71.02751158043515,42.3598426739985],[-71.0281435799798,42.35838767373294],[-71.02791958075902,42.358010674352386],[-71.02119157754524,42.35466867312511],[-71.01943557784239,42.3538206738465],[-71.01668657586673,42.352468673513414],[-71.00998157457144,42.34820967252258],[-71.00798257301149,42.346921672774776],[-71.00747457334258,42.34680867238469],[-71.00500557264012,42.34722567299638],[-71.00488157267061,42.347416672625684],[-71.0050935722703,42.348160672509735],[-71.00515157281357,42.34887967333666],[-71.00507157225844,42.349534673201134],[-71.00463157269425,42.35134767347861],[-71.00450357293411,42.35235367369885],[-71.00431457234869,42.35310967421967],[-71.00378557244866,42.353996674412684],[-71.00356757190528,42.35463967389938],[-71.00356657247197,42.35485567459766],[-71.00382657179644,42.35515267401839],[-71.00407357288556,42.355175674232754],[-71.00466057204997,42.3549496742377],[-71.00495657305292,42.35443567418831],[-71.0049885730427,42.354069673771036],[-71.00532957236769,42.35390167412223],[-71.00603657259246,42.35435767393595],[-71.00649557335784,42.3550116739429],[-71.00637057330731,42.35545967405587],[-71.00582857300975,42.35585667457047],[-71.00505757328526,42.35587867429751],[-71.00416157235196,42.35610167438526],[-71.00341957175384,42.35651067439581],[-71.00281757264183,42.35667067465499],[-71.0010885718998,42.35693867419208],[-70.99949457050204,42.35703467504346],[-70.99900657147296,42.35697967498674],[-70.99845957107794,42.356804674573915],[-70.99789657011328,42.35649067450334],[-70.99698657074457,42.355839674810376],[-70.99648456947219,42.35529067479192],[-70.99682356974655,42.355162674535755],[-70.99732456970881,42.35479867413301],[-70.99723156999634,42.3545166741695],[-70.99700756958924,42.35451167391289],[-70.99645256940464,42.354741674264616],[-70.99565156955936,42.3548546740279],[-70.99467156976858,42.35414267404446],[-70.99444056955949,42.35402467435341],[-70.99323056893122,42.354158674637254],[-70.99256756841271,42.35411167436309],[-70.99206656871667,42.35392167443352],[-70.99141156855802,42.354045674357636],[-70.98950156798178,42.35544767473564],[-70.98649656739342,42.35755767515318],[-70.98624256626053,42.35780567492959],[-70.98626656689461,42.358079675342346],[-70.98659056694974,42.359005675687484],[-70.98676056738992,42.35984067557946],[-70.98698556764384,42.36063367586814],[-70.9873405668666,42.361298675943935],[-70.9879955679192,42.36180067640035],[-70.98883656781398,42.36204667561638],[-70.98926056807379,42.36203467583541],[-70.99094056895409,42.36166367548625],[-70.99136456870251,42.36152167539209],[-70.99285256913451,42.36152267539841],[-70.9930915697678,42.36155867574599],[-70.99347656948517,42.36184467580122],[-70.99386256961887,42.36184267582639],[-70.99406256939652,42.3616996753284],[-70.9939235695834,42.361381675950746],[-70.9951725698508,42.36126167579885],[-70.9956885696334,42.360864675404294],[-70.99611256970618,42.360826675118176],[-70.99701357033862,42.360549675166865],[-70.99793157017962,42.36080767542081],[-70.99827857047548,42.36140067551181],[-70.99868757136433,42.361641676028476],[-70.99929657098868,42.361725675850465],[-70.99989257136097,42.36201167599092],[-71.00187457183873,42.36371967607684],[-71.00188857233947,42.36403067630458],[-71.00165557232803,42.36429167564871],[-71.00169257229767,42.364688676055955],[-71.01036357471527,42.36503967589731],[-71.00711857468744,42.37353967717773],[-71.00612357393629,42.37606067768394],[-71.00020657210585,42.37776267855764],[-71.00223057300983,42.378325678830876],[-71.00257757325416,42.37830167900546],[-71.00291457325878,42.37854267848921],[-71.00362657327713,42.37878767863989],[-71.00419357352538,42.37905167854677],[-71.00523357436745,42.37922267893659],[-71.00570157377224,42.37904867866772],[-71.00773560754091,42.37967863678349],[-71.00987616564313,42.37528673405107],[-71.01007286550556,42.37501344797843],[-71.0104095626123,42.374250220790564],[-71.01093613564342,42.37409375750566],[-71.0110737858547,42.37390678424258],[-71.01103777144826,42.373531514354525],[-71.01072802160877,42.37332821083631],[-71.01071191234675,42.37289531501932],[-71.01124148481317,42.372349319033],[-71.01174769288758,42.372308185477806],[-71.01236630246716,42.372830202455376],[-71.01238331167474,42.3731476809764],[-71.01274754750489,42.37385617558453],[-71.01231515162362,42.37441701838147],[-71.01136470324842,42.376548264220034],[-71.01136291972631,42.37677909815322],[-71.01098964668155,42.377239194142646],[-71.01098763866325,42.37749888136878],[-71.01079037701238,42.37784430398273],[-71.01047815001888,42.377958396555286],[-71.00995321937563,42.377898451325144],[-71.00965798752456,42.37833002017255],[-71.00959446609465,42.37899341672237],[-71.01000153485201,42.37919713747118],[-71.01060386396426,42.37931512113995],[-71.01124355211424,42.37963524745439],[-71.01141723450677,42.37982354333842],[-71.0111433581722,42.38000993803274],[-71.01032853640488,42.379689065906526],[-71.00968885112133,42.37936893540339],[-71.00920294044606,42.379294725972265],[-71.00891052073013,42.38004239908097],[-71.01102157629762,42.38069667865374],[-71.0111195759023,42.380811678514576],[-71.01115957652829,42.38184767943059],[-71.01104157674641,42.382673679002735],[-71.0107125762339,42.38333667973323],[-71.01031657630352,42.38387567938398],[-71.00988157577666,42.38426567943892],[-71.00893657560509,42.38459267965663],[-71.00798357600884,42.38462767981627],[-71.00689557501926,42.38451167968003],[-71.00609557452418,42.38425967944817],[-71.00522957485657,42.38415767949471],[-71.0052245750213,42.3840046800464],[-71.00469957445411,42.38392368007729],[-71.00465157419589,42.38410067995181],[-71.00366957442785,42.38405067989042],[-71.00284057417657,42.3838486797007],[-71.00212957387862,42.38355467950386],[-71.0006285732975,42.382738679393796],[-70.99949457247264,42.382069679399656],[-70.99888957196917,42.381837679091134],[-70.99839557223285,42.38154467970413],[-70.99737757121382,42.381251679522165],[-70.99707657218833,42.381260679639404],[-70.99622857156236,42.38159067904145],[-70.99607457092308,42.381742679334494],[-70.99555757105557,42.38166567970736],[-70.99528057090555,42.38198567921033],[-70.99521957084806,42.3823696795224],[-70.99477957108864,42.38239067946254],[-70.99471857058303,42.38283767994918],[-70.99525857173892,42.38295467962875],[-70.99530457095807,42.38331368008251],[-70.99579857080768,42.38368367996568],[-70.99491957073774,42.38368067978067],[-70.99513557167651,42.38392467983415],[-70.99497457126104,42.38406667989058],[-70.99523657112776,42.38427367987727],[-70.9952835711718,42.38497068015845],[-70.99543057077747,42.385477679867726],[-70.99518457095367,42.38565768040679],[-70.99486757086157,42.3855636799861],[-70.99452957065988,42.38609168069464],[-70.9934875709878,42.386447680150425],[-70.99300957012002,42.38646468080457],[-70.99219257033155,42.38638968044834],[-70.99182257038025,42.38652668055131],[-70.99159857056587,42.38693968075407],[-70.99122857067925,42.38702268052184],[-70.9904195702629,42.38746468038563],[-70.9898415693501,42.38757368105071],[-70.98870756895208,42.38747668113479],[-70.98718056886334,42.38718368081726],[-70.98687156805941,42.387251681259485],[-70.98690356860389,42.3875346812987],[-70.98759756898458,42.38841468066547],[-70.98787556912737,42.38861168074983],[-70.98798356873262,42.3888846814975],[-70.9880925687354,42.389900681231694],[-70.987931568623,42.39050668183303],[-70.98777756965576,42.3908156811858],[-70.98770056896551,42.39125768153075],[-70.98749256946817,42.39133368131375],[-70.98741556963645,42.391830681833454],[-70.98767056970682,42.392285681514316],[-70.98807156934153,42.392543681882294],[-70.98908257013333,42.39283268154645],[-70.99028556987842,42.392924681985086],[-70.99269157063588,42.39247768121964],[-70.99306957045732,42.3925656819896],[-70.99439557149682,42.39269968182719],[-70.9947315721377,42.39289668123222],[-70.99445057141189,42.39302968167721],[-70.99428657103941,42.39330768192068]]]]},"properties":{"municipality":"Boston"}},
{"type":"Feature","geometry":{"type":"MultiPolygon","coordinates":[[[[-70.96749556013253,42.35689267596358],[-70.96788856053658,42.35715367599718],[-70.96820556072001,42.35752667573917],[-70.9688535611263,42.35868167595199],[-70.96930856091657,42.360074676096545],[-70.96967156112079,42.3610406761845],[-70.96967256193632,42.36262167704777],[-70.96954256170554,42.3635646769524],[-70.96888056157427,42.36498567700004],[-70.96836456136555,42.36569167748251],[-70.96770156105553,42.36682467764588],[-70.96718556059791,42.36718967803052],[-70.96678456106376,42.36773167779136],[-70.96687756151402,42.36826167824685],[-70.96722456166451,42.36910267805879],[-70.96794256108882,42.37103467857306],[-70.96835256225499,42.3717976788806],[-70.9686615621699,42.372630678821785],[-70.96853856156831,42.37310967883765],[-70.96853856192975,42.37349267887167],[-70.96893156188652,42.37440867934927],[-70.96971056188494,42.37510667878759],[-70.97070156247128,42.375701679004486],[-70.97101056234563,42.37620967960964],[-70.97152756326567,42.37691767973582],[-70.97206756300184,42.3781146793012],[-70.97246956297901,42.37953068015938],[-70.97256256329375,42.38064168010564],[-70.97252556361762,42.38263668005925],[-70.97244856405158,42.38376768027434],[-70.97214856399192,42.38465568077512],[-70.97103956335233,42.386448680998456],[-70.97061556364407,42.38686168103728],[-70.96999856328203,42.387286680987145],[-70.96924356230737,42.387582681352725],[-70.96857956272945,42.38768868123639],[-70.96714556264966,42.387781681570885],[-70.96671356194176,42.38792868176247],[-70.96650556203822,42.388188681967264],[-70.96652856180707,42.388647681828985],[-70.96666756198142,42.38895068144026],[-70.96740056201715,42.389429681887584],[-70.96885856343165,42.390011682271826],[-70.9698615629024,42.390075681909025],[-70.97095656395511,42.39022368231872],[-70.97160456338618,42.39026168203465],[-70.97279956400456,42.39020968180484],[-70.97453456480096,42.38986968151949],[-70.97525956498535,42.38961368158069],[-70.97630056482716,42.38954168184556],[-70.97799756537981,42.389985681322685],[-70.97923156611957,42.39026068170428],[-70.97973256607183,42.39031068140461],[-70.98070856706292,42.39155568188609],[-70.98141856738728,42.391078681648025],[-70.98145456691076,42.390852681461354],[-70.98207856695387,42.39062968142914],[-70.98288056806419,42.390778681555275],[-70.98300356811917,42.39056068199378],[-70.98292556741242,42.39023268132525],[-70.98330556778028,42.38939668129341],[-70.98415237696703,42.38900451755028],[-70.98413556840018,42.388550681238634],[-70.98491456781274,42.388429680999636],[-70.98528456846078,42.38817468146901],[-70.98549956877034,42.38785168124205],[-70.98557656763461,42.387237680810216],[-70.98557556782885,42.38663868057233],[-70.9863925684895,42.385998680321975],[-70.98728756835725,42.38587568086492],[-70.98770356834162,42.38599868042361],[-70.98911556964478,42.38604168068332],[-70.98940056926773,42.38599168064136],[-70.98965456886859,42.38561868066008],[-70.98939956913252,42.38498368074952],[-70.98964556994527,42.38472267994635],[-70.9899615690441,42.384189680159494],[-70.99054056913891,42.3841666799268],[-70.99202857027012,42.38423967988066],[-70.99264556991385,42.38432768045107],[-70.99309257022765,42.38450967978902],[-70.99340857033117,42.3842116803843],[-70.99395657054058,42.384192680400545],[-70.99391757099114,42.38396367961627],[-70.99314657042311,42.38389167997861],[-70.99313057020592,42.383729679828015],[-70.99363957057187,42.38372568032478],[-70.99380857034328,42.382222679302636],[-70.99372357107447,42.38214367938884],[-70.99308356991766,42.382163680020646],[-70.99245057045849,42.381953679422914],[-70.99235757007064,42.381536679747235],[-70.99214957007241,42.38116667977598],[-70.99226456944497,42.380768679346744],[-70.99276557073881,42.380610679092406],[-70.99251857019499,42.380444679162494],[-70.99260156985636,42.37879967910507],[-70.99249356969695,42.37795067881258],[-70.99239256956861,42.3777496790409],[-70.99239256983053,42.37728067885132],[-70.99251556930513,42.37694567860073],[-70.99318557051586,42.37648867815285],[-70.99412657069952,42.37620667869627],[-70.99508257052328,42.376193678606946],[-70.99567557144428,42.375827678226365],[-70.99628857106077,42.37510567835521],[-70.99621157100898,42.37484167832021],[-70.99625657115647,42.3741566781732],[-70.99657257101435,42.37319167800479],[-70.99656357068353,42.37256167764946],[-70.99633157083318,42.37186767788128],[-70.99585357052297,42.37147067724344],[-70.99451857022115,42.370818677174256],[-70.9939405698717,42.370625677163126],[-70.99215956904592,42.370202677094234],[-70.99138756905799,42.369963677647874],[-70.98957556846621,42.36895067712957],[-70.98840356858959,42.36874067719001],[-70.98730056792954,42.36861167689723],[-70.98713856744229,42.36827667680981],[-70.98637556747084,42.36881267741892],[-70.98497256710543,42.368935677069395],[-70.98441756621294,42.368945677763904],[-70.98427956618295,42.36923567731118],[-70.98348556660041,42.36947467790198],[-70.98299956646248,42.369559678009836],[-70.98235956565043,42.369836677357675],[-70.98125056564243,42.37067067786167],[-70.98110456569727,42.37105567780621],[-70.98064156591715,42.371113678328975],[-70.98046456531266,42.37123767762727],[-70.98061856523215,42.37158667835179],[-70.98016356592292,42.37167067843058],[-70.97896156557293,42.371777677718114],[-70.97788956453354,42.3718006783727],[-70.97667156465171,42.371776678537856],[-70.97571556413844,42.37154967827485],[-70.97532956405068,42.37141267807648],[-70.9749445640265,42.37140067784133],[-70.9731715636415,42.37192267832359],[-70.9727785637183,42.37213667802567],[-70.97210756269874,42.37227367818319],[-70.97187656345497,42.37201667800826],[-70.97176756287456,42.371658678255514],[-70.97208356297953,42.37131067827497],[-70.97177556253109,42.37129367844321],[-70.97128956271366,42.37180567883557],[-70.97089656247374,42.37168667883903],[-70.97064256212283,42.37138067808202],[-70.9705955629606,42.37109767870089],[-70.97114256244099,42.3705386782092],[-70.97151256222598,42.37025367844529],[-70.97121956275791,42.37013267837148],[-70.97124256259181,42.369640678150134],[-70.9718195626228,42.36855967779353],[-70.97175756229399,42.36813267802865],[-70.97223556243104,42.367268677678894],[-70.97234256293956,42.36680767776711],[-70.97201856252592,42.366637677474],[-70.97144756276157,42.36647967767964],[-70.97126356248131,42.36657467733913],[-70.97084756246433,42.36706367769659],[-70.9704385621552,42.36714667782781],[-70.96973656175088,42.36664967718414],[-70.96948956229039,42.366325677289964],[-70.96952856170294,42.36605067762001],[-70.96995156173672,42.36511067730765],[-70.97035256226536,42.364324676575315],[-70.9703825616947,42.364045677373085],[-70.9708675622936,42.36289367647962],[-70.97092156247012,42.36256867705618],[-70.97141456242173,42.361699676815164],[-70.97160756249272,42.361516676537704],[-70.97196156249751,42.361483676103695],[-70.97295656226086,42.36162367685888],[-70.97307956269552,42.361765676832114],[-70.97276356248635,42.362315676581886],[-70.97273356215922,42.36307267641281],[-70.97239456284116,42.36379867717922],[-70.9730585624531,42.364098677140134],[-70.97410656356423,42.364071677134504],[-70.97475356297036,42.363731677158846],[-70.97483056361784,42.363140676441034],[-70.97499256308757,42.36283567679718],[-70.9753695631648,42.36240167684941],[-70.97543056364063,42.36173867622521],[-70.9753215636578,42.36047567610982],[-70.97513656279146,42.35983467600587],[-70.97474356316137,42.35922867632358],[-70.97366356260794,42.358301675541504],[-70.97333956239683,42.358217675632744],[-70.9724915620908,42.35765167578252],[-70.97189756169297,42.3573466752044],[-70.97024756138313,42.356762675319615],[-70.9693765605596,42.35620567515402],[-70.96875456103218,42.35592467577653],[-70.96749556013253,42.35689267596358]]],[[[-70.97942056526281,42.36696967697044],[-70.98086156592665,42.3669846768922],[-70.9807845656469,42.36670267694348],[-70.9799745649385,42.36655967739342],[-70.97958956446371,42.36630967736487],[-70.97941956495808,42.36605967700054],[-70.97945756436776,42.36565367683742],[-70.97930256432915,42.36536867677942],[-70.97938756504963,42.365159676545765],[-70.97969656558317,42.365104676751336],[-70.98006656528652,42.365238676942575],[-70.98023656516403,42.3656356773043],[-70.98079156599688,42.36587367656814],[-70.98102356550835,42.366108676670855],[-70.9809315654502,42.366817676824404],[-70.98129356540448,42.36683467700564],[-70.98136756605858,42.3665936770677],[-70.98125256555961,42.365979676663315],[-70.98070756578358,42.36545167708396],[-70.97987556519519,42.364894677070104],[-70.97945056467758,42.36479167654412],[-70.97881756474514,42.364800676727135],[-70.9780005641913,42.365282676874585],[-70.9777845638784,42.36575967696079],[-70.97797056487256,42.366224676914946],[-70.97846356517553,42.36669367708885],[-70.97871856512018,42.366828677035926],[-70.97942056526281,42.36696967697044]]],[[[-71.00169257229767,42.364688676055955],[-71.00203757179486,42.36524367652767],[-71.00231357190155,42.36547267577166],[-71.00269857286813,42.36562367616355],[-71.00300757251209,42.36562267639462],[-71.00351757248481,42.36546567661924],[-71.00362457282996,42.365611676132886],[-71.00323757324716,42.36583067605196],[-71.0032205729107,42.36611467641724],[-71.00247957267037,42.36615867593153],[-71.00232557247325,42.3662836761258],[-71.00219857273197,42.36687967651508],[-71.00181457222688,42.36676067614627],[-71.00115057192642,42.36677167628451],[-71.00085857171871,42.36657467691111],[-71.00038057248538,42.3665426767792],[-70.99980957184867,42.36667867628823],[-70.99960757136488,42.366960676791216],[-70.99975957159421,42.36744067706561],[-71.00029657158531,42.36793467710464],[-71.00057357208593,42.368029677110805],[-71.00177257281662,42.36893567669841],[-71.00181757210748,42.369322676629515],[-71.00030457194966,42.37268067743188],[-70.99949457236629,42.374342677545904],[-70.99901457225964,42.37556267811375],[-70.99865257149445,42.376118678110515],[-70.99834457186466,42.3767316784452],[-70.99833757211461,42.377271678195754],[-70.99883157175002,42.377578678681125],[-70.99938557263437,42.37775667893944],[-71.00020657210585,42.37776267855764],[-71.00612357393629,42.37606067768394],[-71.00711857468744,42.37353967717773],[-71.01036357471527,42.36503967589731],[-71.00169257229767,42.364688676055955]]]]},"properties":{"municipality":"Winthrop"}},
{"type":"Feature","geometry":{"type":"Polygon","coordinates":[[[-71.01804057923646,42.403308682898476],[-71.018553579593,42.403656683066664],[-71.0189235798403,42.403742683184404],[-71.01998158099236,42.40373168253081],[-71.02070058032575,42.403506683186066],[-71.02092758085216,42.403584682700995],[-71.02116958095488,42.40393268248576],[-71.02111058052672,42.404371682600704],[-71.02069258051223,42.404530682757425],[-71.0203055811342,42.404837683057515],[-71.0204315803664,42.405117683099014],[-71.02082058064963,42.40521368273336],[-71.02125258126537,42.405153683289114],[-71.02171258130647,42.405217682958316],[-71.02215658173131,42.405427683497294],[-71.0225685814654,42.40545368294527],[-71.02270658180207,42.40518668307469],[-71.02298258163623,42.40522268269147],[-71.0231645817734,42.405502683080705],[-71.0234685819712,42.405527683532064],[-71.0238475823645,42.40533268342833],[-71.0241765821552,42.40561268346208],[-71.02490158223048,42.40590868278273],[-71.02517858269697,42.40592768299922],[-71.02575358206882,42.405765682799704],[-71.02623758236761,42.40593368287107],[-71.02688858274604,42.40655868295815],[-71.0268985831901,42.40734068335843],[-71.02711558295427,42.407790683694714],[-71.0279705830811,42.408735683244856],[-71.0290365839132,42.41036268384532],[-71.03318158522782,42.41421468454009],[-71.0334425858445,42.413388684576105],[-71.0357875864863,42.40938168313684],[-71.03599258567253,42.409169683194825],[-71.03673658600916,42.40799868319868],[-71.03667758612546,42.4079756829876],[-71.04005658688195,42.402757681789176],[-71.04056858685628,42.40199068193587],[-71.04814558941882,42.39664268088462],[-71.0484715894769,42.39675068098295],[-71.04983858999701,42.39749468122317],[-71.05031359068327,42.39766768037758],[-71.05107659071868,42.39778968041351],[-71.05148259049895,42.397778681151316],[-71.05194559040854,42.397627680610896],[-71.0526215904108,42.39717168029692],[-71.05302659129441,42.39674868053672],[-71.05321659129305,42.39641868041409],[-71.05334059126423,42.3959626803287],[-71.05330159068839,42.395400680068406],[-71.05275259123995,42.39498068012774],[-71.05202059075326,42.394765680044664],[-71.05121258970053,42.3947246801319],[-71.05055558939087,42.394499680122095],[-71.05014658978236,42.394009679735184],[-71.0499525893174,42.394429680548996],[-71.04973158967964,42.394379680315296],[-71.04982858993796,42.39394967999606],[-71.04939558945851,42.39372768033875],[-71.04904958883516,42.39300067970004],[-71.0489545896728,42.39256567983034],[-71.04900358975206,42.39227167967286],[-71.04937058949477,42.391756680150216],[-71.0515795905981,42.3902716793803],[-71.05221558968191,42.39005267895909],[-71.05262159082184,42.389640679157324],[-71.05295859096627,42.38944567916716],[-71.05331658997368,42.388727678923985],[-71.05333659001055,42.38846167916203],[-71.0530675910442,42.38815967924091],[-71.0526625902316,42.38793267850239],[-71.05241359065158,42.387662678858646],[-71.05198059000641,42.387445678751625],[-71.05084859005335,42.387348679157924],[-71.04970358984988,42.38750467874591],[-71.04917658915225,42.387126678397756],[-71.04922358941799,42.38763867928704],[-71.04881958928564,42.387772678777075],[-71.047618588848,42.38754167903944],[-71.04678758827218,42.38733167892509],[-71.04632158814113,42.3869796790513],[-71.04601458813973,42.38690367870508],[-71.0463205881148,42.38647467875969],[-71.04541858751043,42.385910678940036],[-71.04462558697156,42.385221678214904],[-71.04421358678924,42.385382679016665],[-71.04397958677605,42.38505767850428],[-71.04344558711226,42.385152678231876],[-71.04351058716479,42.3854536785275],[-71.04245258641595,42.38601267878115],[-71.04208958679287,42.38601067918915],[-71.04161658660313,42.38615867897],[-71.04137858648669,42.386576678647984],[-71.04110858641903,42.38657267888094],[-71.04094458600811,42.38620667868715],[-71.04051558673265,42.38663267867632],[-71.04053358576412,42.38681667898627],[-71.039479585755,42.3876956790229],[-71.03920558561691,42.387520679201884],[-71.03967958584897,42.38707567907691],[-71.03952558568841,42.386947678690966],[-71.03859058515361,42.386900678694026],[-71.03833058562387,42.38699567916641],[-71.03810258511905,42.38678367941155],[-71.03739258506178,42.38680067916097],[-71.03722158490285,42.386889678913796],[-71.03538458495997,42.38633667869947],[-71.0336425833909,42.38586767877795],[-71.03250558354965,42.385878679142955],[-71.03249458374697,42.385523679317],[-71.03228658388318,42.38526567875566],[-71.0314005827928,42.38519667861296],[-71.0313175835451,42.38558467926143],[-71.03157458312417,42.385602679166006],[-71.03144558361062,42.386109678832085],[-71.02954858313569,42.38581867887114],[-71.02968558235025,42.3848436790465],[-71.02679558131918,42.38467467951638],[-71.0253215806458,42.38534867927349],[-71.02449058031958,42.38569267948976],[-71.02343258084163,42.38624267910329],[-71.02353158020763,42.38638867994222],[-71.02321858087545,42.38665567969045],[-71.0228455809464,42.386806679870574],[-71.02277758021488,42.387235679886274],[-71.02216958086814,42.38764667991493],[-71.02065357958426,42.388889679689576],[-71.02011158012506,42.389493679807686],[-71.02009957985231,42.3899666799352],[-71.02063557982832,42.39080768042565],[-71.01925757945651,42.39057068023918],[-71.0191325790991,42.390636680085],[-71.01823357880227,42.391705681020014],[-71.01829957934915,42.392204680784],[-71.0179815791639,42.392462681053736],[-71.0179805792791,42.39279568098594],[-71.01776857902286,42.392911681371885],[-71.01766957898079,42.39368368119159],[-71.01788157936114,42.393873680961256],[-71.0191125793675,42.39462568103641],[-71.0192275791591,42.3948406816081],[-71.01879257987652,42.39568968176887],[-71.01859758003553,42.39620168131451],[-71.01819257925764,42.396425681560615],[-71.0178825796722,42.397079681927],[-71.01721857973246,42.39709568172424],[-71.01700557911214,42.39735168160408],[-71.0164085785208,42.39733468158293],[-71.01636957869388,42.39749368180436],[-71.01688857936637,42.397699681850895],[-71.01678257885759,42.39792268215245],[-71.01705057947702,42.39865668234295],[-71.01526557842445,42.39949868181699],[-71.01483257899233,42.39949668251328],[-71.01470657849117,42.3996346825712],[-71.01378157870127,42.399672681942576],[-71.01352557801813,42.39935768241911],[-71.01271257787923,42.39949368255212],[-71.01133057799203,42.399981682815046],[-71.01053757689571,42.40035568253808],[-71.00996257719676,42.40079868301988],[-71.0100585770693,42.40109868313208],[-71.01090557754203,42.4014206823756],[-71.01142457766247,42.40182668251782],[-71.0117135781523,42.40184368293703],[-71.01225257805409,42.40219468292024],[-71.01304157837183,42.402459682709875],[-71.01346557849836,42.40253368326565],[-71.01368657858784,42.40285368256564],[-71.0138885780683,42.4028906832642],[-71.01475957848503,42.40259968242064],[-71.01515757854682,42.40258868291096],[-71.01576457913654,42.402410682911565],[-71.01639457885035,42.402385682422796],[-71.01672257967337,42.40248068258662],[-71.01748358011322,42.40257068287323],[-71.01804157974138,42.40279968278774],[-71.0182915799785,42.40306568300324],[-71.01804057923646,42.403308682898476]]]},"properties":{"municipality":"Chelsea"}},
{"type":"Feature","geometry":{"type":"MultiPolygon","coordinates":[[[[-70.91622653660147,42.22585765270629],[-70.9164435361509,42.225705652640315],[-70.91684153636356,42.225870652415615],[-70.91765753661555,42.225694651985215],[-70.91784653642924,42.225520651832646],[-70.91820053690472,42.22551365267792],[-70.91850053731085,42.225900652264045],[-70.91900553664945,42.226163652062795],[-70.9193845370835,42.225858652488085],[-70.9198535372114,42.225760652654984],[-70.9201385371825,42.22584165195422],[-70.92046953796533,42.22575965235478],[-70.92062353744619,42.22536065196537],[-70.92121553793574,42.225120651706796],[-70.92135453756221,42.224857652315364],[-70.92123853784074,42.22425565190381],[-70.92064653780969,42.223770651975805],[-70.92058553725239,42.22343865200011],[-70.92039253713311,42.22328365171715],[-70.92036253783684,42.222973651826464],[-70.92103953758301,42.22227765160777],[-70.92133953702466,42.221174651368095],[-70.92177053749577,42.22076665144107],[-70.92247053750155,42.22059265149093],[-70.9228855382322,42.22064865080297],[-70.92356153804735,42.22098365152603],[-70.9237855381253,42.2208456512163],[-70.9235935385707,42.22052865150007],[-70.92400853809187,42.22046765139431],[-70.9240775389684,42.220934651117574],[-70.92363153862736,42.22115865164548],[-70.92296253861532,42.22087265159677],[-70.92243153732036,42.22084065123866],[-70.92194753809419,42.220992651318234],[-70.92175453770598,42.221176651492],[-70.92168553718079,42.22149265165262],[-70.92147053786657,42.221689650998606],[-70.92150853799694,42.22217165111621],[-70.92128553749713,42.22255365160811],[-70.9208935375814,42.22286565134051],[-70.92083153761585,42.22312365135455],[-70.92101653804103,42.22348565176978],[-70.92168453840578,42.22430265184814],[-70.92217753808737,42.22466765150335],[-70.92264653852286,42.22469665167805],[-70.92325453799279,42.22485765179237],[-70.92391553904419,42.225251651992046],[-70.92431553844635,42.22567265180418],[-70.92460053897459,42.226126652094955],[-70.92443853862845,42.226228652165474],[-70.92459253898775,42.22674365218454],[-70.92458453861309,42.227261652664396],[-70.92446153903079,42.22777265263496],[-70.92403053858007,42.22830265247617],[-70.92349953925864,42.22863065251348],[-70.92359953875464,42.22875065286722],[-70.92431553880064,42.22895065299593],[-70.92576953982788,42.229448652742406],[-70.92623854008453,42.22922865287221],[-70.92644554027669,42.2295946531661],[-70.9268685393331,42.22966365309104],[-70.9270915396746,42.22988965267594],[-70.92673054037553,42.22996365271973],[-70.92718453975787,42.23091565262953],[-70.9274305403912,42.23166765353372],[-70.92747847960011,42.23341078396217],[-70.92785353991965,42.23375865333704],[-70.92803054031626,42.23432365378091],[-70.92806854095372,42.23500665344321],[-70.92776854037908,42.235052653742756],[-70.92712253994286,42.23474865357921],[-70.92669954071073,42.23469665380141],[-70.92643054025675,42.23486765396846],[-70.92599153993977,42.234906653581284],[-70.92641454038822,42.235228653464645],[-70.9272835407062,42.23577665386518],[-70.92762254060781,42.23606865355473],[-70.928122541064,42.23691065413567],[-70.92871554131925,42.237269654461215],[-70.92919954056586,42.23811765387283],[-70.92926854159293,42.23890465425452],[-70.92946854179968,42.23932865437529],[-70.92973854178892,42.23954465414855],[-70.93022254188934,42.2395726546644],[-70.93057654177039,42.23975565486218],[-70.93071554138078,42.24018565501203],[-70.93029954125068,42.24081465464035],[-70.9298765412619,42.241861654742785],[-70.93005354177139,42.24225465472287],[-70.93061554198015,42.2426636546928],[-70.93085354241153,42.24291665540777],[-70.93142354178512,42.24372265556926],[-70.93227754271582,42.24461765509803],[-70.93242354238983,42.24494365535646],[-70.93228454198396,42.24530665575951],[-70.93213854302627,42.246321656171624],[-70.93200754236824,42.2465316558395],[-70.93152354203855,42.24677365545554],[-70.93164654256084,42.24717665592776],[-70.93240854309157,42.24742465551195],[-70.93229254248963,42.24793565592521],[-70.93248454297913,42.24823865599856],[-70.93261554238045,42.24752065613411],[-70.93270854249428,42.247392656382054],[-70.93360854363647,42.247629656266],[-70.93416254384495,42.24769665565453],[-70.93531654374229,42.24759665556933],[-70.93611654373312,42.247069656172066],[-70.93707054454741,42.24698165567944],[-70.93804854474963,42.2472626560293],[-70.93735654489703,42.24781865544107],[-70.93570154329608,42.247905655560125],[-70.93538554345653,42.24823965613369],[-70.93667154470518,42.24891565596363],[-70.9371945448919,42.24933465625475],[-70.93725554489195,42.24952265639832],[-70.93721754447681,42.25010865671193],[-70.93691254473767,42.25098765640104],[-70.93697454480888,42.2515716566261],[-70.93687454474569,42.25165865640526],[-70.93607354396275,42.2518166569351],[-70.93560454437524,42.25164465672259],[-70.93538154354232,42.25190465705797],[-70.93582054449573,42.25268065666856],[-70.93566654435415,42.253156656958446],[-70.93446554365622,42.253356657361756],[-70.9341115434824,42.253258657389296],[-70.93358054360229,42.2533666574458],[-70.93349554296717,42.25396765687774],[-70.93326554354384,42.25422765725239],[-70.93202654338809,42.254811657197976],[-70.93081054263102,42.25490865786171],[-70.93035554197874,42.255046657373946],[-70.92973254196069,42.25533165752554],[-70.92893254221107,42.25553465723047],[-70.92847054220844,42.25553765769602],[-70.92760054169061,42.25544865779839],[-70.92724654113374,42.25568065735875],[-70.92686254093941,42.255488657862436],[-70.92593054052962,42.25550865784344],[-70.92556954142346,42.25536665743571],[-70.92520754101648,42.254656657938725],[-70.92523054099578,42.25429065763401],[-70.92448454061433,42.25438465744602],[-70.92364554031839,42.25458365794078],[-70.92287553961229,42.25460965721559],[-70.92211353999308,42.254807657884015],[-70.92153653910871,42.25523565741911],[-70.92134353904189,42.255594657502414],[-70.92100553931752,42.25576265820126],[-70.92026653977516,42.2557796581441],[-70.92013553949846,42.25592065816556],[-70.92011253872975,42.25660565836688],[-70.92026653968895,42.257139657785316],[-70.92231254061171,42.25886065828939],[-70.9224825396704,42.25968665844397],[-70.92268954072534,42.261038658558675],[-70.92236653975475,42.26198465889475],[-70.922520540834,42.26223465935696],[-70.92368254058503,42.26321065931638],[-70.92417454140505,42.26339565964375],[-70.92471354124615,42.26338665891146],[-70.92499854128174,42.26321465919968],[-70.92486754110413,42.263028659374285],[-70.92417454067483,42.262688659481974],[-70.9234515400385,42.26193065932876],[-70.9233515410691,42.26171165915452],[-70.92361354024118,42.261090658931586],[-70.92417554036798,42.2606486587108],[-70.92467554064972,42.26044265867176],[-70.92593054128588,42.26032265869289],[-70.92671554180143,42.2601916581642],[-70.92738454238433,42.25997365869177],[-70.92756954239216,42.25975865887881],[-70.9275385423122,42.25942565874335],[-70.92722354158228,42.2592246584967],[-70.92483754131081,42.25885965836134],[-70.92416754038126,42.25857765817175],[-70.9239915401033,42.258368657890806],[-70.92419154061223,42.258032658501],[-70.92462954026429,42.257682657860464],[-70.92518454101788,42.25758365851307],[-70.9257995407534,42.25716765836858],[-70.92629954075313,42.25719565834692],[-70.92676954100463,42.25739065761063],[-70.92750854184482,42.25745865796755],[-70.92868554223857,42.2573446575584],[-70.93050954214841,42.25732765827434],[-70.93171854300516,42.25740165750399],[-70.93269554369242,42.25725465751091],[-70.93439654388983,42.25712665750478],[-70.93553554433296,42.25724265773803],[-70.93652054491412,42.25723065725482],[-70.93742854452013,42.25708465769101],[-70.93746754465269,42.25696265771134],[-70.9371125449454,42.25656265713228],[-70.93682854425869,42.25605865777614],[-70.93675154404606,42.25548865726735],[-70.93674354457758,42.254785657210014],[-70.93699054472481,42.25433165722777],[-70.93736654417762,42.25396065719268],[-70.93821354457255,42.25346865670372],[-70.9388755454385,42.253241656650786],[-70.94016754556449,42.25286365688116],[-70.94167654597199,42.25259065688779],[-70.9425925468532,42.25253965627099],[-70.94260754618018,42.252318656980094],[-70.94357754616192,42.25207265607608],[-70.94436954744548,42.251770656545325],[-70.94470054670086,42.251323656665406],[-70.94511554733535,42.251059656188986],[-70.94550854700891,42.250665656409474],[-70.94617054723841,42.25037965622644],[-70.9468555471242,42.25032765571476],[-70.94728254827464,42.25005965561934],[-70.94779354797151,42.25021765620999],[-70.94867854778659,42.25017565573224],[-70.9493065478663,42.249925656219325],[-70.94965354821993,42.249627655727814],[-70.95047654926252,42.248690655265804],[-70.95073754857998,42.2485146560118],[-70.95134554953486,42.24851765514075],[-70.95186854914296,42.24844565571521],[-70.95257654901665,42.2482406553631],[-70.95374655010521,42.2478416553495],[-70.95491554976311,42.24755665493153],[-70.95545454982437,42.24747065492239],[-70.95611655044185,42.24745965543864],[-70.95736255147396,42.24762765480659],[-70.95756255083137,42.24748865552167],[-70.95773955136937,42.247120655021305],[-70.95830855061925,42.246642655413055],[-70.95842455079551,42.24643865504437],[-70.95829255084348,42.24601265464485],[-70.95775455084355,42.24600365491309],[-70.95758555040425,42.24585865442404],[-70.95742355100045,42.24513165465929],[-70.95746155044586,42.24460865497176],[-70.9577535510884,42.24405865463969],[-70.95806955102057,42.24386465449133],[-70.9588735517482,42.24361765464709],[-70.96086955237969,42.243190653953],[-70.96124655158808,42.24316565386212],[-70.96183155198607,42.24329565426055],[-70.9621155524667,42.24371365426692],[-70.96212455286964,42.24442965436792],[-70.96197855171795,42.24514365497858],[-70.96169755261714,42.24579565493843],[-70.96347955305231,42.24597565432285],[-70.96422555257007,42.24564565452632],[-70.96438655264835,42.245773654874625],[-70.96624855417662,42.245034654283195],[-70.96626755359641,42.244607654550876],[-70.96594655338467,42.24446265464289],[-70.96600155312483,42.24369265462447],[-70.96628655309952,42.243345654339976],[-70.9666625542578,42.24309165403988],[-70.96649355418934,42.242958654376544],[-70.96672355345098,42.241523654046325],[-70.96687755371377,42.24150265370533],[-70.9666695530776,42.240546653550496],[-70.96670755339191,42.240257653321706],[-70.9669995531354,42.23974465327308],[-70.96362955224461,42.23894165320464],[-70.96340655283741,42.240485653764786],[-70.96315355199303,42.24053965401509],[-70.96220655229993,42.24038065359591],[-70.96131455221429,42.24032765396696],[-70.9603985517584,42.240334653351255],[-70.95975955066334,42.23999865408559],[-70.95936755117005,42.239883653744634],[-70.95853655032742,42.239835653637],[-70.95779055111556,42.24014065350427],[-70.95725155012163,42.24013665401425],[-70.95560554951354,42.239497653957656],[-70.95485854923501,42.23934465399314],[-70.95389654876567,42.23877565403641],[-70.95314254945635,42.23844165343987],[-70.95233454925318,42.238274653341335],[-70.95201154805095,42.23812265397866],[-70.9515885490481,42.23773865339485],[-70.95131954890974,42.23759865381084],[-70.9503105481382,42.23744065391705],[-70.95011854742505,42.23767365354279],[-70.95042654781707,42.238672653929605],[-70.9500425483182,42.238561653715884],[-70.94978054848507,42.238246653852535],[-70.94993454773721,42.23798665397758],[-70.94971054839505,42.23779765388549],[-70.94971854735958,42.23753165315747],[-70.94931054806865,42.23716065355686],[-70.94927954705858,42.23661565373526],[-70.94974954764564,42.23622065336696],[-70.95006454778314,42.23633265298479],[-70.950872547976,42.236232653305706],[-70.95152654807316,42.236527653150524],[-70.95211854885318,42.23648165341095],[-70.95201854895036,42.236073653487374],[-70.95161854867682,42.235832653274315],[-70.9516495488927,42.23570165267827],[-70.95210354878542,42.23560465318895],[-70.95212554903361,42.23539665285588],[-70.95157954780905,42.23552265334235],[-70.9512955478861,42.2352216533282],[-70.95121754838675,42.23493465272999],[-70.95157954827411,42.234622652929204],[-70.95154054805688,42.23437065243771],[-70.95121054816897,42.23399865272905],[-70.95114854771164,42.233647652711305],[-70.95127154827563,42.233492652873494],[-70.95087854813437,42.233116652388915],[-70.95027154766221,42.23281165226481],[-70.95007854819093,42.232801652474166],[-70.95004054768981,42.232293652689535],[-70.9504245476165,42.232291652188714],[-70.95059454839429,42.23209965253051],[-70.9503635482347,42.231639652195305],[-70.95090154765707,42.231297652143596],[-70.9510865474743,42.23171765255362],[-70.95064054776596,42.231729652773446],[-70.9508475475698,42.232135652615106],[-70.95085554837007,42.23239265228335],[-70.9514785485028,42.23211165229371],[-70.95199454867762,42.23236865219154],[-70.95249454835387,42.23234665235168],[-70.95277154805444,42.23256265208503],[-70.95412554853601,42.234452653216785],[-70.95501054919,42.23488365273967],[-70.95546554902914,42.235055653089006],[-70.95606454959697,42.23509965322896],[-70.95628054998406,42.23491565284378],[-70.95623354996746,42.234052652812515],[-70.95629555032893,42.23397465291049],[-70.95834154997102,42.233277652176426],[-70.95874955041555,42.232959652758645],[-70.95904155057079,42.23233865262703],[-70.95914055069211,42.23120665159924],[-70.95940955000889,42.23067465208838],[-70.9594015509428,42.23039565198022],[-70.95912455072785,42.23010365147434],[-70.95923955077767,42.22950265151301],[-70.9596245511048,42.229657651707065],[-70.96007055055382,42.229339651767596],[-70.96018555045747,42.228927651500385],[-70.96053955089093,42.228515651163505],[-70.96040855086831,42.22811365171223],[-70.96043955021464,42.22777565143859],[-70.96028555074231,42.22765665129282],[-70.96036155118978,42.22697465110182],[-70.96050055049092,42.226562650676634],[-70.96074555081623,42.22616665082074],[-70.96128455106934,42.22581565054927],[-70.96146155097159,42.225344650993755],[-70.96243755165086,42.22470665074335],[-70.96282955098754,42.22458265022795],[-70.96361455157101,42.22472665052513],[-70.9642835518698,42.22459365055258],[-70.96541455212049,42.22390765018936],[-70.9662935519099,42.2235756499201],[-70.96665955269361,42.22357564989839],[-70.96702255215415,42.22336165009656],[-70.96724755234536,42.22292665051978],[-70.96759155334315,42.222536649695655],[-70.96809755281933,42.22148464994727],[-70.96801655315436,42.221209649498114],[-70.96768455310291,42.22067064960868],[-70.9680265523083,42.22035865005],[-70.96870055324561,42.21988664965949],[-70.96921655279755,42.21655364847353],[-70.96993955290063,42.21167564780492],[-70.97170155300576,42.2000316461059],[-70.97223655282994,42.19645764479804],[-70.97406255256561,42.18434764290519],[-70.97647855281521,42.16833263960574],[-70.97675855216322,42.1664746392553],[-70.97688555310968,42.16546363856026],[-70.97718855222367,42.163469638514414],[-70.97884755229742,42.15210663584387],[-70.9806705529539,42.13960163396605],[-70.98127055183092,42.13551963299377],[-70.97087554930923,42.13958863450521],[-70.94878554192213,42.148235636364745],[-70.94076853970353,42.151373637463664],[-70.92487753540406,42.157588638714],[-70.92354953569489,42.16646264067924],[-70.92263053526875,42.172565641890145],[-70.92073953558567,42.18516864436252],[-70.9176055351498,42.20606764842193],[-70.91473253610542,42.22520465214471],[-70.91483953564315,42.22539265248906],[-70.91530053575758,42.22547765194414],[-70.91561653598555,42.22566965215277],[-70.91561953643603,42.22583865196163],[-70.91622653660147,42.22585765270629]]],[[[-70.91111053707192,42.26896366084085],[-70.91219653686962,42.26944566061164],[-70.91274253793773,42.26944066081843],[-70.9133895372308,42.26922266063587],[-70.9137045373925,42.26895666085151],[-70.91376653728565,42.26867666099687],[-70.91352053822514,42.267977660188],[-70.91328253760025,42.267598660612926],[-70.9128895377337,42.267506659966145],[-70.9120195367648,42.26762466002425],[-70.91153553705009,42.26743065999127],[-70.91111153629173,42.26702766070249],[-70.9102335363378,42.26779366096349],[-70.91018753705605,42.26805566104306],[-70.91040353682709,42.2683316604791],[-70.91061053664424,42.26890866043742],[-70.91111053707192,42.26896366084085]]],[[[-70.91697653932768,42.26910466057834],[-70.91686853835209,42.26965966067111],[-70.91668353876211,42.2699966603533],[-70.91658353912047,42.27047966102581],[-70.91666053848556,42.27074466054742],[-70.91694553881585,42.27105066052318],[-70.91772253966957,42.27170366128017],[-70.9180765398131,42.27185966078103],[-70.91870753951315,42.27176366130184],[-70.91972354028125,42.2713726611724],[-70.92065554041048,42.27086166099848],[-70.9218495404501,42.27032866067725],[-70.92233354021873,42.27018566098971],[-70.92378854117045,42.27001266063807],[-70.92445854119906,42.26988866075313],[-70.92511254113919,42.2696476600496],[-70.92565954130936,42.26928766059112],[-70.92589054200127,42.26888266058751],[-70.9258515419165,42.268577660014834],[-70.9255905413311,42.268108660409816],[-70.9250665420073,42.267739659948774],[-70.92458154106448,42.26758565983469],[-70.92348154062275,42.267477659783246],[-70.92239554019055,42.26747366023332],[-70.92073353984806,42.26754165993737],[-70.92046353955446,42.267667660073926],[-70.92041753978577,42.26809666015599],[-70.92016354013312,42.268379660109325],[-70.91906253902893,42.2685336606718],[-70.91846253934051,42.26896666071774],[-70.91787753945556,42.26903966017598],[-70.91726153913152,42.268959660711445],[-70.91697653932768,42.26910466057834]]],[[[-70.92419154168611,42.280825662352555],[-70.92474254180289,42.28099466258035],[-70.92521954278922,42.280957662681246],[-70.9257265419217,42.280811662133694],[-70.92574154294493,42.280627662550465],[-70.92454154259107,42.280644662545086],[-70.92386354166936,42.28036766281203],[-70.92303154131679,42.2804806624393],[-70.9238685413787,42.2806426627196],[-70.92419154168611,42.280825662352555]]]]},"properties":{"municipality":"Weymouth"}},
{"type":"Feature","geometry":{"type":"MultiPolygon","coordinates":[[[[-70.81008552155352,42.58422672395881],[-70.81329652299154,42.580147722831015],[-70.81901952470226,42.57929472280136],[-70.82031152451866,42.5778307219557],[-70.82769252729486,42.58313972285249],[-70.82895952797409,42.58441572362253],[-70.82922052833293,42.58463672357698],[-70.83414252954844,42.58944072400313],[-70.8354115310413,42.59068972431019],[-70.84048553248626,42.59071172383988],[-70.84380053373944,42.59074072378816],[-70.84723153423185,42.59074472370875],[-70.87060054233571,42.5908517233103],[-70.87323454333192,42.590857723012604],[-70.87484454367676,42.59088872282548],[-70.87568054408315,42.59086572304018],[-70.88179454543726,42.5909267228094],[-70.88289454652408,42.59090272296618],[-70.88662154800018,42.5909187229789],[-70.89309754997002,42.59093472203012],[-70.90112855185849,42.59098172210098],[-70.90662855424482,42.591117721947484],[-70.92234255929792,42.59152172132933],[-70.90838155383572,42.573057718748196],[-70.90848855370112,42.56541771721927],[-70.90855655339742,42.55960371610975],[-70.90858955226756,42.55759371556609],[-70.91151155283329,42.54961971437468],[-70.9116765530239,42.54962471426672],[-70.91131655287924,42.54954571402255],[-70.91087555347058,42.54893571370528],[-70.91090655347526,42.5487827139932],[-70.91151755323253,42.54829071368317],[-70.91158755338559,42.547969714074505],[-70.91137955282225,42.54768971361179],[-70.91055955312197,42.54725271338328],[-70.91014155252009,42.54721071332565],[-70.9095005520827,42.54736971335186],[-70.90907455218793,42.54775471371272],[-70.90845655173992,42.547958713508244],[-70.90750555246414,42.54788471382007],[-70.90649255149266,42.54764971381948],[-70.90583555081697,42.54767871393192],[-70.90500055139715,42.54747571417326],[-70.904180550412,42.54701671373535],[-70.9038485500179,42.546986714129936],[-70.90330755056655,42.54707171373827],[-70.90255755039371,42.546728713558785],[-70.9021625494713,42.546703714104986],[-70.90181554985928,42.54738071433734],[-70.90122754964375,42.54764271408327],[-70.90101054959673,42.54753771392962],[-70.901196549327,42.54712971394614],[-70.90125854930479,42.54619171368629],[-70.90122855023073,42.54558971358423],[-70.90100455003432,42.54524671342753],[-70.900323549798,42.54529371383919],[-70.89994454898923,42.54576371340282],[-70.89974354942095,42.54563171331853],[-70.89990654884855,42.545111713137956],[-70.89981354950606,42.54494671329613],[-70.89926454906053,42.544932713852475],[-70.89900954836449,42.54505371362193],[-70.89877754944267,42.54566571411294],[-70.8985605485844,42.54568271409464],[-70.8979505491834,42.54548171360889],[-70.8979355483504,42.54503571369218],[-70.89780354907134,42.54469571344771],[-70.89812854866037,42.543915712914085],[-70.8978815489102,42.54379871352448],[-70.89760354875591,42.54392071367838],[-70.89742454842111,42.54437771356662],[-70.89695354784806,42.544340713696045],[-70.89631954843038,42.543981713072675],[-70.89533854772962,42.54371871350367],[-70.8948825476857,42.54341571296846],[-70.89442654704757,42.54326171345354],[-70.893265547277,42.54383871323537],[-70.89280154687577,42.54419771326304],[-70.8928015468034,42.5443917137816],[-70.89322654704162,42.544613713420425],[-70.89421654726468,42.54478271363318],[-70.89471854728787,42.54513871412171],[-70.89452454686636,42.54534871401628],[-70.8936365469637,42.54527871410148],[-70.89197354690215,42.545409713809796],[-70.89116954688865,42.54561671350151],[-70.89083654665251,42.545869714404205],[-70.88966054554878,42.54711371408733],[-70.88992354579752,42.54771271429652],[-70.88979154647947,42.547863714236925],[-70.8891805460484,42.547873714359454],[-70.88878654559417,42.548460714477905],[-70.88880854526349,42.54887471416918],[-70.88904054617888,42.54921271455809],[-70.88935754605771,42.54940571504583],[-70.88922554642318,42.54955171515586],[-70.88824354583194,42.54956371476107],[-70.88816654543727,42.54981771494201],[-70.88829054614199,42.550085715075134],[-70.8880035459645,42.55099071514053],[-70.88779454617394,42.551255715307555],[-70.88726054516104,42.551642715392894],[-70.88718254546554,42.55198171545484],[-70.88742954591717,42.55269271494796],[-70.88799354562613,42.55306171528802],[-70.88858154574328,42.55324571554193],[-70.88957854613048,42.55380171591617],[-70.88972554651156,42.55355571507644],[-70.8900815458825,42.55376171576438],[-70.89062254717355,42.553945715405455],[-70.89097754678795,42.55458471544795],[-70.89118654696952,42.554729715634444],[-70.89212154705075,42.55515971571901],[-70.89250854693708,42.55539671576637],[-70.89224554743517,42.555607715575555],[-70.89110854720978,42.55568971601161],[-70.89010354601095,42.55563871589767],[-70.88970854617898,42.55584371586343],[-70.88966154651216,42.55622671553588],[-70.88940654604691,42.55634771563747],[-70.88882654569277,42.556366716177735],[-70.88856354585717,42.55615471568385],[-70.88851854600617,42.555561715646256],[-70.88841054653557,42.5550767157728],[-70.88783054627595,42.554834715898004],[-70.88735154621571,42.55444171544757],[-70.88630054579986,42.55348571586457],[-70.88592154526678,42.55321371543194],[-70.88586754505691,42.55271471575788],[-70.88609254516733,42.55262471537849],[-70.8862855457262,42.552320715072334],[-70.8869675447522,42.55062071520111],[-70.88723054558659,42.54988671481157],[-70.88727754539715,42.5494487149925],[-70.8876335459729,42.548722714676884],[-70.88747154487518,42.54836971475349],[-70.88703154503085,42.54819271474229],[-70.88710054536855,42.54778571417512],[-70.88753454488155,42.54762571425336],[-70.88819254571747,42.54572371364539],[-70.88820854503935,42.54557471372883],[-70.88786054486846,42.54513071401272],[-70.88796154579053,42.54497571389473],[-70.88851054486312,42.54485871363813],[-70.88956954541864,42.5443597136598],[-70.89042854551988,42.54399871395369],[-70.89046754557214,42.54359271382541],[-70.89025154531099,42.542934713750974],[-70.8906225458842,42.54246471301132],[-70.89139554623652,42.54212771357432],[-70.89163554645178,42.54173671289104],[-70.89138154622283,42.541213713494834],[-70.89101054543717,42.54090471335984],[-70.88985854551838,42.54048271295509],[-70.8895035457279,42.54007371319873],[-70.88910954591137,42.54003071294905],[-70.88802654551746,42.540341713378595],[-70.88767854431406,42.54026171300343],[-70.88617954443808,42.540232712633404],[-70.88606254499689,42.54076571331048],[-70.88586954375309,42.54074171299813],[-70.8856765439896,42.54035271326076],[-70.88509654425219,42.54040271285517],[-70.88413754380771,42.54057171310736],[-70.884106544029,42.541049713123336],[-70.88344154372015,42.541011713641716],[-70.88258354275996,42.540890713101966],[-70.881741542424,42.54071971309474],[-70.88134754338805,42.54037971353767],[-70.88038154192225,42.53966171284748],[-70.88018854193935,42.53943471290358],[-70.87962454263476,42.53917871347222],[-70.87866554194423,42.53933771316812],[-70.87834054217818,42.539568712928244],[-70.87864954199321,42.53991471365659],[-70.87814654142774,42.54042271318654],[-70.87761254148619,42.54107071303848],[-70.87748054152146,42.54106871332199],[-70.87705554208983,42.54154871403223],[-70.87627254105716,42.5430647141438],[-70.87594454133975,42.54346171427592],[-70.87545254104482,42.543897714358486],[-70.87372754031122,42.545033713973645],[-70.87253054006834,42.54592671431208],[-70.87193554051544,42.54653971450049],[-70.87148753990417,42.546790714842146],[-70.87051353915773,42.54746371498662],[-70.86957853921906,42.54799671529797],[-70.86836553849494,42.54846271475465],[-70.8676695389023,42.54859571518602],[-70.86739853909579,42.54826271479126],[-70.8671815388275,42.54816671545199],[-70.86716653865965,42.547851714831054],[-70.86632353882084,42.54757771471612],[-70.86572753830669,42.54710071475065],[-70.86573553841079,42.54694771528903],[-70.86486053736635,42.54630471479116],[-70.86467553738531,42.546253714422654],[-70.86430453742821,42.546686715372616],[-70.86368653737543,42.5468817147575],[-70.86266553663621,42.546902715134316],[-70.86210853678325,42.546776714678366],[-70.86181453642055,42.54658771533757],[-70.86206153696014,42.545476714975536],[-70.86202953613255,42.54495471484348],[-70.86192953718708,42.54468171462327],[-70.8616735371244,42.544451714566364],[-70.86118653607954,42.54437371433754],[-70.86037553566406,42.5451387144357],[-70.85954153623078,42.545683714675015],[-70.8588845363535,42.54617171500944],[-70.85859853525268,42.54650971548061],[-70.85841253509305,42.546976715375145],[-70.85752353494102,42.54707671540632],[-70.85701353493818,42.54626071513799],[-70.85649453468038,42.5460527152612],[-70.85590753511855,42.54606671515063],[-70.85548253435798,42.54631271544814],[-70.85524253502086,42.546739715217065],[-70.85528153474195,42.547004715480206],[-70.8551195346878,42.54715171573803],[-70.85490353511298,42.54763271515055],[-70.85504253436143,42.547900715219775],[-70.85539153479846,42.54818271569367],[-70.8553295349981,42.548462716017795],[-70.85498953517485,42.548774715849355],[-70.85421653496022,42.54933171570783],[-70.85282553439599,42.55008871572883],[-70.85209153373606,42.55057271629314],[-70.85175053337788,42.550726715918834],[-70.85053753288575,42.55098071605946],[-70.84974853364209,42.550975715985366],[-70.84929253272445,42.55088371642049],[-70.84867353237807,42.55063271618291],[-70.84826353278957,42.55031071597328],[-70.84818553209695,42.549969716256605],[-70.8486335330731,42.54979571624103],[-70.84853353234433,42.54913571620677],[-70.84866453270202,42.54877771603326],[-70.84842453244393,42.54855171564418],[-70.84786853194878,42.54848871540494],[-70.84741953263783,42.548788715584806],[-70.8468245317086,42.548748715548506],[-70.84639153118871,42.548494716288076],[-70.84642153189641,42.54809771583632],[-70.84594253162096,42.54765971604706],[-70.84547853098606,42.54769471612133],[-70.84464353166484,42.54816271569937],[-70.84432653128712,42.54839271566466],[-70.84404053116884,42.548825715608366],[-70.84404053143977,42.54924371630834],[-70.84366253046015,42.549425715770994],[-70.84301253106737,42.549391716515046],[-70.84250253115043,42.54921071648011],[-70.84189953013491,42.549278716532825],[-70.84146653011685,42.54940271616136],[-70.84124153051236,42.54956871643689],[-70.84121153062421,42.5501227167769],[-70.84037653000338,42.5505507165732],[-70.83956452912547,42.55063971691099],[-70.83912352988325,42.550417716459535],[-70.83815752944844,42.5501047163118],[-70.8376775288896,42.55029171604268],[-70.83734552834625,42.55081971640664],[-70.83654952855353,42.55118371674742],[-70.83579952855294,42.551276716668156],[-70.83509552826585,42.551206716997015],[-70.83465452763434,42.55098871639244],[-70.8348015279329,42.55025271640428],[-70.83385052777018,42.55052871654966],[-70.8336025282116,42.55049671669211],[-70.83299152745724,42.5501957162349],[-70.8327525270106,42.55025871637943],[-70.83234252674943,42.5507107166746],[-70.83238152744985,42.55098471674532],[-70.83197952677018,42.55130671727632],[-70.83096652706872,42.551682716667386],[-70.83023252712063,42.5520507170256],[-70.82981452628438,42.55216071695014],[-70.82885552646692,42.55190571685284],[-70.82848452594686,42.55168671702338],[-70.82791252581019,42.55178971697408],[-70.82706152612928,42.551623717012326],[-70.82569352466838,42.551883717464385],[-70.82527552499799,42.55183271687919],[-70.82495052466997,42.551648717589664],[-70.82448752534931,42.55152471675197],[-70.82283252376786,42.55171371727897],[-70.82263952476241,42.55177071692568],[-70.82227552435275,42.55213671740834],[-70.82170352446535,42.55242071695382],[-70.81958452327058,42.55316971715603],[-70.8169405225551,42.553882718065196],[-70.81527752178125,42.5544587177945],[-70.814543522285,42.55481271781364],[-70.81347652191177,42.55541071815198],[-70.8129195210705,42.55580671845053],[-70.81235452079999,42.55608071876144],[-70.81171252072598,42.55659971815105],[-70.81057651993147,42.55733371847296],[-70.80990352079236,42.55780771916015],[-70.80778451942618,42.55947171935035],[-70.806431519253,42.560267719208234],[-70.80581251880005,42.56057471944476],[-70.80496951864775,42.560916719836705],[-70.80448251825587,42.561437719849984],[-70.80390951819436,42.5616357196542],[-70.80324451815089,42.56164171942276],[-70.80307451771046,42.561450719348116],[-70.80261051847054,42.56138171945437],[-70.80202251792312,42.560922719306355],[-70.80141951730718,42.56128771936851],[-70.80042251756554,42.561555719467435],[-70.79992751756855,42.56202271988923],[-70.79959451750138,42.56245572017469],[-70.79898351664558,42.5627937204058],[-70.79872751745168,42.56319872055914],[-70.7983415173063,42.56354671997576],[-70.79748251687695,42.56382572035711],[-70.79702651690316,42.56384172078415],[-70.79693351645533,42.56366772041509],[-70.7964465167309,42.56380172059494],[-70.79571951638587,42.56420072002305],[-70.79467551511367,42.56441472093984],[-70.79343751504616,42.564722720206724],[-70.79340751515984,42.565098721013925],[-70.79359851594573,42.565444720615744],[-70.7934595153317,42.565788720386074],[-70.7934695158462,42.5664087209453],[-70.79315851540927,42.56693472084058],[-70.7932715151105,42.56728372065683],[-70.79366551593465,42.56736772110655],[-70.79364451571007,42.5677377216186],[-70.79394751547265,42.568032720939954],[-70.79378851576759,42.56850972105524],[-70.79412151517973,42.568635720920874],[-70.79421651572899,42.56891672168883],[-70.79407151553865,42.56923172108325],[-70.79441751567519,42.569227721746564],[-70.79807351759833,42.572485721691095],[-70.80409451972972,42.5778277226496],[-70.80693552083545,42.58036272324811],[-70.80703652031154,42.580472723542336],[-70.81008552155352,42.58422672395881]]],[[[-70.79674851590869,42.56002372003477],[-70.79658651622685,42.56050371974035],[-70.79731351574037,42.56069472017054],[-70.79763051631782,42.56046871994239],[-70.79727451619003,42.55997971961276],[-70.79674851590869,42.56002372003477]]]]},"properties":{"municipality":"Beverly"}},
{"type":"Feature","geometry":{"type":"Polygon","coordinates":[[[-71.16470262187796,42.30383865940116],[-71.15214861750798,42.29462165775017],[-71.15037961725422,42.29549865804147],[-71.14688361607686,42.297288658486686],[-71.14009661436255,42.30218165973048],[-71.13650261250231,42.30621266088632],[-71.13445961235486,42.309104661474464],[-71.13316361203344,42.3112126613194],[-71.13186361139807,42.313186661848434],[-71.13054261146755,42.31465066205071],[-71.1286016110366,42.31696766270681],[-71.12688761116824,42.31894366367028],[-71.12426960964106,42.32186466400314],[-71.12371160995386,42.322724664465234],[-71.1233676098777,42.32257966440977],[-71.12152860908425,42.323890664555954],[-71.12011260885781,42.322843664773934],[-71.11943660848375,42.32274366466042],[-71.11887060796073,42.32286666464305],[-71.11850960790349,42.32312466458789],[-71.1183986079735,42.32346366488926],[-71.11677260816947,42.32377866462155],[-71.1165376079916,42.323947664733474],[-71.11636260727443,42.32431766453122],[-71.11635360753705,42.32479866453999],[-71.1159486077578,42.325743664604886],[-71.11605060811267,42.32623566503875],[-71.11584660729109,42.32658566512949],[-71.11527160734953,42.326942665009334],[-71.11504060773494,42.32731666514028],[-71.11357560734088,42.33047566645384],[-71.11344860648619,42.33096266643953],[-71.11321260707743,42.332466665996456],[-71.11265860742283,42.33308366665276],[-71.11219260686663,42.333809666450115],[-71.11133960688319,42.33460866674755],[-71.11111660642497,42.33474166732003],[-71.1105176064364,42.335411666645484],[-71.11092960652884,42.33568066738903],[-71.1109796063261,42.33595366755424],[-71.110713606338,42.336220667200976],[-71.11090860612767,42.33655566713963],[-71.1111546066537,42.336727667534085],[-71.11122060680847,42.33699766695055],[-71.11155160721923,42.33730766708605],[-71.11088560631882,42.33889266773869],[-71.11085060626944,42.33951666764662],[-71.11067560636442,42.33990666769356],[-71.11057960619041,42.34045166818727],[-71.11017760635463,42.340967668394576],[-71.10976760590094,42.34123066798406],[-71.10955360668103,42.3415026685787],[-71.10849060597103,42.34184566874936],[-71.10829160600385,42.34198966869966],[-71.10819460645578,42.34233866838917],[-71.10788760595784,42.34255966879329],[-71.10744260573739,42.34269566893865],[-71.10651460568495,42.343114668651026],[-71.1060726055054,42.343591669009946],[-71.10551660508351,42.343820668574956],[-71.10579660478577,42.34440566849456],[-71.10625160595576,42.345078669106584],[-71.10721360590098,42.347057669044304],[-71.10689460623912,42.34859666971078],[-71.10657060573621,42.349920669866144],[-71.11093660745514,42.35045466970344],[-71.1158086094773,42.35102567012497],[-71.11723760886285,42.35121466983229],[-71.12285561111554,42.35186967012686],[-71.12294261151831,42.35142466984014],[-71.12406761153149,42.35156066950274],[-71.1247556118439,42.35123866948775],[-71.12588961203012,42.350585669317205],[-71.12685461216842,42.35009666899601],[-71.12858361343915,42.34984166894796],[-71.12858061269918,42.349704669480275],[-71.12928161345208,42.34907566870374],[-71.13338161445276,42.347130668728155],[-71.135278614614,42.345949668146545],[-71.14132661684701,42.341056667579],[-71.14161961721756,42.340649666970855],[-71.14193961692311,42.340016666977874],[-71.14239561719013,42.34006966653078],[-71.14421261757539,42.34003066727077],[-71.1452756181685,42.3393466666809],[-71.14616261814783,42.33870566624756],[-71.1466066184753,42.33854566651543],[-71.14634261865108,42.33804466595441],[-71.14615661844523,42.33745066621071],[-71.14874261865218,42.33687466593041],[-71.14829561884024,42.33581566567084],[-71.150059619588,42.335401666145124],[-71.15046161941227,42.33497666527555],[-71.14985361913661,42.33464366555155],[-71.15703662152696,42.330398664365276],[-71.15688762113273,42.33024966442321],[-71.15860662201115,42.3290936645783],[-71.16041862184066,42.32772166358637],[-71.16497362308428,42.32436866294431],[-71.16734862412967,42.32264966240156],[-71.16928462456961,42.322129662793685],[-71.16917462444687,42.321899662680124],[-71.17048562548308,42.32154666243205],[-71.17006862450845,42.32068866205676],[-71.17362662599571,42.318124661315],[-71.17893562769594,42.31432466119186],[-71.1698006240623,42.307615659849546],[-71.16609162298576,42.30447765957434],[-71.16470262187796,42.30383865940116]]]},"properties":{"municipality":"Brookline"}},
{"type":"Feature","geometry":{"type":"Polygon","coordinates":[[[-71.10295759635945,42.20071664187198],[-71.11361660002683,42.211474643690565],[-71.11479960016186,42.21266164351101],[-71.117454601923,42.21518064374321],[-71.12372160339712,42.221177644611714],[-71.12693260519204,42.224271645152484],[-71.12916060616756,42.22638364534814],[-71.13077160612251,42.2279346460667],[-71.1309516069794,42.22772364562689],[-71.13152160709991,42.2273756459607],[-71.13260560718793,42.22711564610617],[-71.13291660740046,42.22713964602828],[-71.13359160762586,42.22744864616987],[-71.13430860786059,42.22740464537989],[-71.13483260770506,42.226948645279],[-71.13550560760252,42.22689764564887],[-71.1363366081158,42.22706164553635],[-71.13662260841,42.227041645326416],[-71.1370986086858,42.226736645131275],[-71.13861860927585,42.22518164548805],[-71.13947860971895,42.22439464514483],[-71.14008060993628,42.22393964481133],[-71.14020660986327,42.22364564442359],[-71.14000660978871,42.22330364434987],[-71.14014860932816,42.22282364482486],[-71.14044660915738,42.222436644581755],[-71.14057561007165,42.22177164462775],[-71.14074060960509,42.22145964422978],[-71.14182260925972,42.21995964367149],[-71.14224861008177,42.219529643950914],[-71.14227860989132,42.219176644140134],[-71.1419266094177,42.21884964414278],[-71.14138660932934,42.2186796435832],[-71.14117060917681,42.218371644101765],[-71.14148560999148,42.21793964337444],[-71.14202660975134,42.21772364318643],[-71.14219461004284,42.217570643225905],[-71.14258960933277,42.21652464357907],[-71.14281961012156,42.21568064341693],[-71.14282961021432,42.215258643142015],[-71.14273061006774,42.214974642835145],[-71.14241361002206,42.21453364286096],[-71.14242260946487,42.214308643144264],[-71.1426816096162,42.21396164296769],[-71.14315860978859,42.21361664293673],[-71.14344760977421,42.213304643035734],[-71.14348861042303,42.21298064249537],[-71.14286860988786,42.21260864255041],[-71.14241560981931,42.212170642860045],[-71.14232860919304,42.21166964273473],[-71.14259560978732,42.2113996425388],[-71.1435686095132,42.211135642720855],[-71.14394361010675,42.210934642631315],[-71.14441361068835,42.21041564173281],[-71.1445956102612,42.209895641785586],[-71.14489361065084,42.20947964197932],[-71.14522961083246,42.20934164152982],[-71.14554760994115,42.209382641517834],[-71.1459226108308,42.20923564204993],[-71.14621161021351,42.208916641410674],[-71.14710961048137,42.208300641349844],[-71.14757461145031,42.20773064166969],[-71.14810761152944,42.20718964158793],[-71.14841061115527,42.20679464140513],[-71.148420611723,42.206394641062666],[-71.14818061053371,42.206157641392785],[-71.14758161140804,42.20597164105609],[-71.14725661081953,42.206014641494654],[-71.14632661112633,42.206408641163925],[-71.14586860996316,42.20643964145666],[-71.14566760973136,42.2060806410047],[-71.14613761093236,42.20549764113722],[-71.14628061054472,42.204959641215574],[-71.14617461072301,42.2044796413971],[-71.14630860988635,42.20425464113581],[-71.14679361040795,42.20375864064579],[-71.14714361103462,42.2035006405631],[-71.14847461124552,42.2022076402472],[-71.14945961078274,42.20150464030154],[-71.14995961108804,42.2010776398546],[-71.15014761177044,42.20082964011034],[-71.15046361153881,42.19995064038453],[-71.15100461115041,42.19948664026643],[-71.15165161203628,42.19908163933852],[-71.15208161159778,42.19858463987423],[-71.15227861208278,42.198145639566704],[-71.15277861180704,42.19787563983875],[-71.15358761181507,42.19789563918648],[-71.15392261214625,42.19773463958793],[-71.1543536127352,42.1972036396003],[-71.15483161268378,42.19695063910963],[-71.15546061322965,42.19687063923097],[-71.15583561301946,42.196467638779275],[-71.15590761275216,42.196201638833706],[-71.15635361262197,42.195618638951785],[-71.15650261271456,42.19552663908052],[-71.15737461391677,42.19538963875611],[-71.15787361369546,42.195154638793035],[-71.15819461372335,42.194761638571194],[-71.1582896141283,42.194466638947226],[-71.158269613678,42.19391163855368],[-71.15852161376337,42.193298638683686],[-71.15868661436834,42.1930966380479],[-71.15934661385351,42.191941637977905],[-71.15972461447302,42.19101163828731],[-71.1599476138795,42.190609637943325],[-71.16014961469187,42.19004663807951],[-71.16025861440576,42.18847863766939],[-71.16063361404244,42.188132637303674],[-71.16231161511023,42.18724463674211],[-71.16264361464013,42.18721063738386],[-71.16296161548927,42.18757563763205],[-71.16320761502287,42.18771563735678],[-71.16352961460335,42.187707636903134],[-71.16375861502999,42.187557636993624],[-71.16392261534753,42.187172637444874],[-71.16377661498794,42.18672863728162],[-71.1630946153783,42.18652063729151],[-71.16285061530822,42.18625863680039],[-71.1628406150838,42.185074636461216],[-71.16374961522325,42.18449163665664],[-71.16471961496889,42.18342363637443],[-71.1652526152432,42.182609636089595],[-71.16537961485429,42.182239636207065],[-71.16487861467067,42.181926635773735],[-71.16431761544527,42.18181563628179],[-71.1640456148595,42.18159463578397],[-71.1640236148341,42.18131063567305],[-71.1642836154634,42.18089463584447],[-71.16481261500944,42.18065963571861],[-71.16526661557795,42.180024635664566],[-71.16647461562668,42.17966863526132],[-71.16736861619285,42.17974663519637],[-71.16785261585827,42.1794186354245],[-71.16800161575746,42.17910663523048],[-71.16770861607489,42.17882563580685],[-71.16683761563765,42.17865263539488],[-71.16615461492454,42.17867663584674],[-71.16605661532621,42.17837363501635],[-71.16634561564709,42.17815963530754],[-71.16713661529302,42.177771635645044],[-71.1671376161198,42.17761963526199],[-71.16676661589776,42.17739563557351],[-71.166257615803,42.17728863542682],[-71.16439961437938,42.17654463466994],[-71.16362761431292,42.17638763513758],[-71.16340461464755,42.17599563515699],[-71.16397061471527,42.17568763532331],[-71.16502761528358,42.17554063497002],[-71.16534061473877,42.17541963502767],[-71.1653996149044,42.174936634517834],[-71.16460361518816,42.174555634444104],[-71.16387161411997,42.174303634817974],[-71.16349261427715,42.17404263471184],[-71.163448614531,42.173799634863556],[-71.16398661457332,42.17278263404265],[-71.16444061503832,42.17275463476265],[-71.16507461437654,42.17284463400469],[-71.16647161497784,42.17278263430497],[-71.1669676158586,42.172704634572526],[-71.16750761603471,42.1727646341084],[-71.16793961538927,42.17297263409195],[-71.168313615425,42.17294763432676],[-71.16847761640707,42.17278463424773],[-71.16882461651124,42.17208763383055],[-71.16872861604303,42.17177863380797],[-71.16770261540303,42.17020063365355],[-71.16714061579327,42.16968963392506],[-71.16726261478887,42.169185633123874],[-71.16802561594521,42.16920163316323],[-71.16851661574239,42.16913163322952],[-71.16914761641678,42.16937563332876],[-71.16967161612415,42.169478633445564],[-71.16985261569576,42.169386633516815],[-71.17007661607687,42.16887663379016],[-71.17049361676222,42.168620633503906],[-71.17175861720145,42.16841963297976],[-71.17181961675843,42.16813463346855],[-71.17160361651882,42.167643633032796],[-71.1716316169842,42.16736963279293],[-71.17252761742306,42.16719563297184],[-71.1728166170656,42.167374632905585],[-71.17292761731419,42.16765163284191],[-71.17347361669445,42.16778663339938],[-71.1737786177352,42.16752463285835],[-71.17390261730223,42.166983632969526],[-71.17334361668544,42.16628863238838],[-71.17355761767469,42.165979633033125],[-71.17461161739938,42.165926632906654],[-71.1761976174144,42.1659776325908],[-71.17636861800554,42.16578863250468],[-71.17587061835704,42.165327632750405],[-71.17572461735033,42.16498263273777],[-71.17593661818418,42.1649126327426],[-71.17696361769204,42.16515363289356],[-71.17715961789749,42.16495663249118],[-71.17704661865699,42.164584631982514],[-71.17709261840207,42.16422263254375],[-71.17748061829374,42.16393063211472],[-71.1778536189061,42.164144632342115],[-71.17801361816286,42.16396963213357],[-71.17576361722739,42.155607630881136],[-71.17636861774432,42.155368630844485],[-71.17199361583563,42.15153262995515],[-71.16219861260588,42.14528762942713],[-71.16354261301592,42.141465628529666],[-71.1491666080538,42.13862062866762],[-71.14454960564588,42.13770562835562],[-71.14077960459271,42.13806962814265],[-71.13991560420953,42.13987962857452],[-71.13868560434781,42.13996562864996],[-71.13872860461929,42.14057562934167],[-71.13866760449142,42.14093362915036],[-71.13842860358841,42.141249629172215],[-71.13874760483235,42.141408629373835],[-71.13855260445837,42.14191662913744],[-71.1378426042664,42.142237629272415],[-71.13779860409912,42.1425566298172],[-71.13533960339294,42.14192662923419],[-71.13470260308537,42.14370763006793],[-71.13387760227342,42.143573629581276],[-71.1314786019685,42.14309262990237],[-71.1311006015273,42.1428086292763],[-71.13107760122281,42.14216862916444],[-71.13179060209087,42.13982862934437],[-71.13184360146623,42.139319629192094],[-71.1215105984296,42.14177262993444],[-71.12108059834804,42.14185663008637],[-71.1188915972595,42.14239463021874],[-71.09562559060927,42.14791463133604],[-71.08744558830124,42.152470633259405],[-71.06662558211033,42.16406563582424],[-71.07131258367271,42.1687936364912],[-71.07259758384636,42.170117636589076],[-71.07981458699889,42.17736863762955],[-71.09336759226318,42.19103764028316],[-71.10273159535552,42.20048164203529],[-71.10295759635945,42.20071664187198]]]},"properties":{"municipality":"Canton"}},
{"type":"Feature","geometry":{"type":"MultiPolygon","coordinates":[[[[-70.82573550861247,42.26462266246743],[-70.82698650927946,42.26437666253156],[-70.83049650988976,42.264574662366925],[-70.83502351132935,42.264845662248455],[-70.83574051204342,42.26480066248114],[-70.83623751257991,42.264672662616],[-70.83810051256745,42.263794661792495],[-70.83864451340472,42.263506662161525],[-70.83900351343101,42.26314666228937],[-70.8392725129085,42.26247766194306],[-70.83961151274747,42.261894661806224],[-70.84016551292652,42.261285661517654],[-70.84062751292277,42.260997661162655],[-70.84154451398017,42.26070566155433],[-70.842400513336,42.26056366119679],[-70.8437065145164,42.260516660939096],[-70.84419251469957,42.26041966112954],[-70.84462751419139,42.26043466105994],[-70.84486051492578,42.25956066085717],[-70.84532451502646,42.2590186609547],[-70.84647751451793,42.256106660508316],[-70.84701551570546,42.25527266027645],[-70.84715651515089,42.254862660276125],[-70.84729051566192,42.25410965967203],[-70.84756951471228,42.253754660193245],[-70.8482595156692,42.25325465934353],[-70.84869951524685,42.25272565947111],[-70.84893751510094,42.25214865967511],[-70.84885051574723,42.25160565936442],[-70.84849351503671,42.251119658967944],[-70.84831051559371,42.2507086591438],[-70.84822751487505,42.25025465910238],[-70.84826451575273,42.2498066593756],[-70.84821251574748,42.248821658577484],[-70.84825951518944,42.24850165894931],[-70.84850451496845,42.24800665872585],[-70.84930151497178,42.24734765882813],[-70.84795951466367,42.24687265833368],[-70.84124151218349,42.24455465825824],[-70.84115251193525,42.243354658322325],[-70.85338051674499,42.23961565683118],[-70.84941651513516,42.23126665537992],[-70.8489615142021,42.23034665509968],[-70.8480205140331,42.22833165459187],[-70.84080051103246,42.21312665270631],[-70.82827050572854,42.201929650613714],[-70.82701550539208,42.200794650782434],[-70.8127695012062,42.20907865224378],[-70.80784749942129,42.2118916532247],[-70.80541249903062,42.21330965359307],[-70.79763149712343,42.217880654971374],[-70.7941974962236,42.21987765481648],[-70.79369749581359,42.220207655369144],[-70.7924234947825,42.22090865554579],[-70.78863849471134,42.22310965578612],[-70.7882384938926,42.22331565612096],[-70.78862849375808,42.223744655644694],[-70.78887049376073,42.22475165630948],[-70.78893749467237,42.225483656162154],[-70.78816749356804,42.225839656453346],[-70.78695449320982,42.22582965646989],[-70.78638249316712,42.225285656322185],[-70.78561549301334,42.22509865653526],[-70.78508149261245,42.22528465617716],[-70.78501419222488,42.22543715603619],[-70.7863344930688,42.225708656406276],[-70.78650349369278,42.22605365661908],[-70.78692649338497,42.22757765704212],[-70.78675749326042,42.22773765681916],[-70.78656449333315,42.228537657270024],[-70.7865644941577,42.228762657039056],[-70.78681849393234,42.22888965675088],[-70.78767949451905,42.228768656514454],[-70.78813349382563,42.2285676567919],[-70.78877949487189,42.22853065717985],[-70.78900249442425,42.2289276572829],[-70.7893024942443,42.2291166570017],[-70.78939549530993,42.229425657467466],[-70.78938249526482,42.22993865726316],[-70.78960449436269,42.230032657025234],[-70.78953849518628,42.23041665755669],[-70.78979649532543,42.230701656820905],[-70.78981849458157,42.2309706576942],[-70.78960449501443,42.2313386572144],[-70.78982549544479,42.231596657710966],[-70.78974449539074,42.23198065726394],[-70.7897884944598,42.23247465780833],[-70.7899144945015,42.232738657889215],[-70.78952949439949,42.232886657927885],[-70.7894194954664,42.233133657669356],[-70.78886549503646,42.23311165797329],[-70.78797849498567,42.233308658045964],[-70.78783849425862,42.23381965759296],[-70.78799249466789,42.235065658184894],[-70.78826649414933,42.235224658315644],[-70.78903449468015,42.23522465803714],[-70.78943349552954,42.23501565783317],[-70.78964049461496,42.23469265821779],[-70.7898464956218,42.234648657954054],[-70.7906444957722,42.23554865821999],[-70.79139049524665,42.2354716583062],[-70.79238749648651,42.23589465854338],[-70.7925204955717,42.23605365777678],[-70.79197349635983,42.23614765850082],[-70.79173749574892,42.236273658006425],[-70.79126449593569,42.23632865850375],[-70.79094749530354,42.23686065802897],[-70.79053349511166,42.23677865809775],[-70.79051849554381,42.2371186586887],[-70.7901624948798,42.237365658796385],[-70.79011249579001,42.23776065843112],[-70.78987849484903,42.23806265892803],[-70.78981649532061,42.23839165913941],[-70.78995649561782,42.238528659064336],[-70.79063049614639,42.23855265891212],[-70.79097549640178,42.238864658647074],[-70.79106449550544,42.23913265914241],[-70.79102749638295,42.23968765893691],[-70.79116949530913,42.23988965920372],[-70.79155949570122,42.23999465877083],[-70.79212049660654,42.240005659167934],[-70.792224496607,42.24011065881443],[-70.79375849711052,42.23978165911661],[-70.79401149681162,42.240423659012166],[-70.79370849694564,42.2407636589603],[-70.79326549672791,42.24094965887766],[-70.79293949696965,42.2408396592343],[-70.79138449653695,42.241088659069284],[-70.79044649614617,42.24106765904679],[-70.79022249607472,42.24121065946791],[-70.79013849601361,42.24167165898171],[-70.79034549613912,42.242095659804136],[-70.79077649611673,42.24219265933336],[-70.7910684962477,42.24250365933493],[-70.7901034956391,42.242486659326175],[-70.78980749524086,42.242640659558226],[-70.7894904951809,42.24265065970309],[-70.78923149514182,42.24280465968515],[-70.78881049550252,42.24284265980886],[-70.78811649556222,42.24267865995093],[-70.78777649549127,42.24273365985179],[-70.78735549492501,42.24335865997075],[-70.78708149459777,42.24355065953263],[-70.78725149469649,42.24372065967613],[-70.78708949464183,42.2440116599875],[-70.78706649535062,42.24450065995712],[-70.78736249477187,42.24492366022254],[-70.78745849506802,42.245631659804374],[-70.78722849466747,42.24609366026096],[-70.78719949541397,42.24639366045341],[-70.78697049439674,42.246860660696235],[-70.78605049482273,42.24745366015229],[-70.78556549398363,42.24782666066632],[-70.78476549444916,42.24783366088238],[-70.784441494004,42.2480596605418],[-70.7843334936023,42.248286661199394],[-70.78437249409329,42.248772660715474],[-70.7847644945351,42.248968661205915],[-70.78504949474318,42.24893766079807],[-70.78549749420154,42.24871166056962],[-70.78555749510915,42.24909166111184],[-70.78598849531716,42.24909866048769],[-70.78625749500861,42.249287660477655],[-70.7860114949854,42.24970166126002],[-70.78590649468781,42.250238661234064],[-70.78562949480612,42.25054966141262],[-70.78564449501027,42.25078766164419],[-70.78586749498224,42.25096466112032],[-70.78619049535084,42.250932661653756],[-70.78644549494634,42.25056866142135],[-70.78675349497732,42.25045066123506],[-70.78726149524893,42.250474661482365],[-70.78789149492127,42.250653660838644],[-70.78839249602049,42.250393661133025],[-70.78916249613165,42.25022466128532],[-70.78954649558635,42.25065466080802],[-70.78960049581161,42.250991660756796],[-70.78906149620671,42.25124366145777],[-70.78886149619048,42.2516336611673],[-70.78948449612987,42.25145266091193],[-70.78999249656444,42.251188661403376],[-70.79031549646277,42.251597661594786],[-70.7897004960167,42.252106660963385],[-70.78947649659074,42.25260166179624],[-70.7891304964131,42.25289466155768],[-70.78889149547783,42.25324966161385],[-70.78886049632133,42.253718661969664],[-70.78960749583862,42.2539456615054],[-70.78997649657748,42.25378666176923],[-70.79040749639736,42.25390566152854],[-70.79009949622743,42.25455966186715],[-70.79035349683085,42.25461366186998],[-70.79089949610126,42.25424466184842],[-70.79125349651302,42.254221661853634],[-70.79145349665099,42.25438066188495],[-70.79247749710987,42.254427661720996],[-70.792969497861,42.25406866123469],[-70.79313149686456,42.25367866198998],[-70.79352449690457,42.25346066144105],[-70.79367049703066,42.25301266099802],[-70.79424049716172,42.252553660871165],[-70.79470949808915,42.25234366101293],[-70.79483349830143,42.25261666155298],[-70.79453249719366,42.252684661737774],[-70.79417849745964,42.25313966145758],[-70.79407049758119,42.25346166102324],[-70.79451649828005,42.25425166185038],[-70.79522449833355,42.25534366219744],[-70.79528549856924,42.255891661531024],[-70.79539349870556,42.25602066170155],[-70.79645549855536,42.256549661714395],[-70.79726349901914,42.256491661666374],[-70.79768749911194,42.25621066155856],[-70.79787149959172,42.25630666171033],[-70.79864149940938,42.25634866214763],[-70.79917249984418,42.25620966169016],[-70.7996184999905,42.256274661566536],[-70.8004194995791,42.25663566154431],[-70.80114249995738,42.25702966161876],[-70.80181250051687,42.257496661983055],[-70.80198950009276,42.257722661618544],[-70.80163450073272,42.258102662353345],[-70.80157349997263,42.258517661975965],[-70.8020115003567,42.25920866269274],[-70.80278950093115,42.25936266191026],[-70.80311250086469,42.25915966232006],[-70.80346650090897,42.259235662357064],[-70.80405150085753,42.25914466262973],[-70.80423650152586,42.25900266236518],[-70.8046055017848,42.259005662116564],[-70.80526750160854,42.258860661728676],[-70.8052675013366,42.25912166208408],[-70.80601450182463,42.258978661705115],[-70.8066685019818,42.25919866233439],[-70.80666850159908,42.25945466222104],[-70.80698350280137,42.25948166227605],[-70.80717650244046,42.259820662050785],[-70.80657650265674,42.26010066207016],[-70.8066375024931,42.260270662823764],[-70.80709250224285,42.260438662621155],[-70.80751550209219,42.26014466209982],[-70.80812350277976,42.26044066244739],[-70.80835450301886,42.2607256624177],[-70.80793850266345,42.261024662680875],[-70.80808450251241,42.26130166280437],[-70.80846950333286,42.26106566205222],[-70.80861550271486,42.260838662274075],[-70.80901650357386,42.26111066266224],[-70.80957850337049,42.26103066219194],[-70.80957750260738,42.26084966263715],[-70.80995550294165,42.26075866194219],[-70.81057850385554,42.260825662041384],[-70.81124850380012,42.26117966220326],[-70.81144850331134,42.26149566255788],[-70.81117850346334,42.26163966286286],[-70.81137850441878,42.26205566254038],[-70.81137150376706,42.26236666252722],[-70.8120255037539,42.26290066227881],[-70.81266450388024,42.26300366254846],[-70.81324950405025,42.26292666278245],[-70.81484250526252,42.263427663095165],[-70.8156205049306,42.26345166227357],[-70.8159815050302,42.26355366294992],[-70.81700550535156,42.26369066275991],[-70.8175755057172,42.264046663140235],[-70.8169975061425,42.264006662696865],[-70.81716750600926,42.26453466290981],[-70.81782150547102,42.264443662902444],[-70.81827550617804,42.26426066251421],[-70.81912950615177,42.26425566279003],[-70.81953050718516,42.26403366253087],[-70.82130050731341,42.2641586625703],[-70.8215545071641,42.26422666243377],[-70.82280150812865,42.26423866256691],[-70.82347950837983,42.263966662601675],[-70.82385650831428,42.26408666264723],[-70.82394850835404,42.26439066236765],[-70.82475650863627,42.2642256629848],[-70.82504950825552,42.26425666229683],[-70.82573550861247,42.26462266246743]]],[[[-70.78203949238423,42.23637765866873],[-70.78259149298538,42.23649765827874],[-70.78278549345703,42.236765658245254],[-70.7831394929982,42.23703465904073],[-70.78370049283849,42.23714465904273],[-70.78419949304987,42.23740065836513],[-70.78423249377438,42.23784165894268],[-70.78405249393029,42.23802465887771],[-70.78399549296049,42.238407658649926],[-70.78418749368001,42.23860465868648],[-70.78483049322777,42.23828265904568],[-70.78519949329237,42.23836165867191],[-70.78572249394313,42.238727659232325],[-70.78577549376158,42.23895665903878],[-70.7855324945328,42.23906065941462],[-70.78463849364934,42.23917065887068],[-70.78434449317022,42.23927165949455],[-70.7840674936439,42.23914565925295],[-70.78387549340732,42.23946365911638],[-70.78415249333891,42.23960365907809],[-70.78448349359087,42.239462659133956],[-70.78576049374541,42.23926965896398],[-70.78627849368095,42.23894565884111],[-70.78676849394915,42.23908065907267],[-70.78726149403128,42.23912265890571],[-70.78761549496546,42.2389516586756],[-70.78809949501915,42.238929659269346],[-70.7884864955699,42.23909465879203],[-70.78970749503611,42.238958658438165],[-70.78983849533276,42.23869965839491],[-70.78953149536429,42.23840665873006],[-70.7896084950034,42.23782965867116],[-70.78976249561771,42.23730465830928],[-70.78942349540468,42.23680165847352],[-70.78970849531888,42.23619765813407],[-70.78945449548866,42.23603565847842],[-70.7881234945326,42.23626765859486],[-70.7877464946467,42.236570658571544],[-70.78756949486436,42.236505658080794],[-70.78746249476681,42.236039658769144],[-70.78681649400608,42.23567565849456],[-70.78662349453504,42.23525065804381],[-70.78666949373557,42.23484465790401],[-70.7865314937808,42.2346576581209],[-70.78658449358201,42.234109657740156],[-70.78645149418566,42.234114657929375],[-70.78451449354982,42.23470165775699],[-70.78333149307647,42.23547165816657],[-70.78203949238423,42.23637765866873]]],[[[-70.78488849441638,42.25495166239657],[-70.78511249428972,42.255226662125395],[-70.78530449514517,42.254904661621666],[-70.78488849441638,42.25495166239657]]],[[[-70.79571649890694,42.25724566221361],[-70.79565449819664,42.25748466208608],[-70.79604749885452,42.257528662008575],[-70.79607849801721,42.25731566242654],[-70.79571649890694,42.25724566221361]]],[[[-70.793638497731,42.25715666182983],[-70.79340049776981,42.25732666227487],[-70.79330749726417,42.257593662138305],[-70.79301549730533,42.25795366245286],[-70.79255349728064,42.25819966221128],[-70.79241449791613,42.25849066247127],[-70.79203749689022,42.25882966297476],[-70.79212949734249,42.25901266282961],[-70.79264549744035,42.25905366288704],[-70.79281449709728,42.25942466226304],[-70.79312349812828,42.259280662287054],[-70.79313749793403,42.25904166270906],[-70.79341549728599,42.25891166297008],[-70.793676497534,42.25861866249971],[-70.79342249769378,42.25824066254822],[-70.79366949776731,42.257867662768504],[-70.79375449716602,42.25717266207914],[-70.793638497731,42.25715666182983]]],[[[-70.80458250124848,42.26141566233962],[-70.80517550218829,42.26142866240285],[-70.80540650229554,42.26107366291062],[-70.80505250124186,42.26074566294975],[-70.80451350149717,42.26082166250866],[-70.80432150139202,42.261184662757444],[-70.80458250124848,42.26141566233962]]],[[[-70.79891749999653,42.26217966269573],[-70.79846349940927,42.26248366287329],[-70.7987484999447,42.26271866317893],[-70.79941050000315,42.26234766292176],[-70.79914049969055,42.262140663245596],[-70.79891749999653,42.26217966269573]]]]},"properties":{"municipality":"Cohasset"}},
{"type":"Feature","geometry":{"type":"Polygon","coordinates":[[[-71.04269458076998,42.27616365818866],[-71.04304358036573,42.275841657762264],[-71.04398458151907,42.27549165802415],[-71.04504758154293,42.275526657858855],[-71.0459095812013,42.27566865792456],[-71.04612558147353,42.27564265734671],[-71.04727458265592,42.27621165768928],[-71.04787758223675,42.276470658254304],[-71.04847658254792,42.276896657619],[-71.0486605831798,42.27717265771691],[-71.04904958225657,42.27737365762134],[-71.04989258350025,42.27729965768192],[-71.05072358363866,42.2774826583599],[-71.05227958336346,42.277337657452044],[-71.05269658400543,42.27721365792511],[-71.05294258440868,42.27731665823698],[-71.05340658363306,42.276772657904004],[-71.05430158417957,42.276247657195306],[-71.05475058464859,42.27576765721075],[-71.05490658448065,42.27538165756521],[-71.0546915843121,42.2750256576505],[-71.05470858490412,42.27475065732186],[-71.05390958355781,42.274030656722076],[-71.05334158338138,42.27370765713868],[-71.05323458408738,42.273479656823824],[-71.05289658389718,42.27317065701878],[-71.05266758412908,42.27268865729623],[-71.05240858388629,42.27187365686168],[-71.05117758249322,42.27174665664948],[-71.05116258252185,42.271540657167456],[-71.05062458342219,42.27133365680116],[-71.05028758331221,42.2708306564882],[-71.05058158325278,42.27036165672056],[-71.05045958319306,42.27006665611268],[-71.05055358284805,42.269655656218376],[-71.05143458244835,42.26900465602166],[-71.05118958263053,42.268707655897],[-71.05095858268452,42.268657656390026],[-71.05046458266159,42.26885065664853],[-71.04963258279791,42.26906865658103],[-71.04875758248289,42.26838165647584],[-71.04878858151638,42.268232656608454],[-71.04915958191897,42.26787965598883],[-71.04911558173508,42.26747965627876],[-71.0492235826614,42.26730665564874],[-71.04980958255318,42.26693965595397],[-71.04968458189691,42.26735165568527],[-71.04937658256702,42.26756065603137],[-71.04954458190298,42.267831656131094],[-71.04955858275694,42.26832665644419],[-71.04981958205309,42.268497656267854],[-71.05029658222452,42.26843065606329],[-71.05109858319194,42.26802065588555],[-71.05115958256158,42.26829365618922],[-71.05182058271109,42.26871865599709],[-71.05184958334328,42.26922265627035],[-71.05157058306857,42.26952965617204],[-71.05107658234901,42.269803656150195],[-71.05099958299797,42.2700306567708],[-71.05109058266238,42.270339656953745],[-71.05101158353288,42.27068265620269],[-71.05071858267449,42.27092265686922],[-71.05093258357144,42.271242656538845],[-71.05139458290397,42.271315656639004],[-71.05193358279989,42.27117565713597],[-71.05228958322864,42.27097065628612],[-71.05278258346124,42.27083565654542],[-71.05344558366737,42.27080165692103],[-71.05370758404564,42.2706796564326],[-71.05390858443201,42.27040565626128],[-71.05457158467884,42.27017765636297],[-71.054326584153,42.269866656083344],[-71.05460358405345,42.26981265618217],[-71.05494358431451,42.26955865603373],[-71.05505258421458,42.2692416559827],[-71.05687258435879,42.26861465578651],[-71.05767358445168,42.26852865559301],[-71.05809058535499,42.26832265630562],[-71.05716758459641,42.26797865573614],[-71.05642858420752,42.267847655670415],[-71.05555058393912,42.26792665629682],[-71.05567558461912,42.267685655784106],[-71.05613758448611,42.26761065600808],[-71.05649258500621,42.26736965564012],[-71.05672258488796,42.26749565587675],[-71.05766158444477,42.26776265625975],[-71.05790758467882,42.267645656000816],[-71.05812558527482,42.26707465541532],[-71.05869658518266,42.26704165535153],[-71.05898758541207,42.26720365558036],[-71.05926658590522,42.26693265542051],[-71.05955958521758,42.26685065590776],[-71.0603285859431,42.267012655604134],[-71.06046758581041,42.266897655685646],[-71.06185458569935,42.26660665561836],[-71.06271658656362,42.26670865548023],[-71.06362458710328,42.267101655475024],[-71.06425458759628,42.2675276559467],[-71.06451558746731,42.26777965534071],[-71.0652985875939,42.26834165610936],[-71.06520458797603,42.26870365597126],[-71.06543258781998,42.26941565637513],[-71.06575558827183,42.26973365574222],[-71.0651535877222,42.269892656201975],[-71.0649835871293,42.27007665637013],[-71.06513658738761,42.27044265605555],[-71.06562758788588,42.27088865634214],[-71.06596558806872,42.27106265632355],[-71.06675158770399,42.271156655980946],[-71.06745858871959,42.2713376563924],[-71.06770558833902,42.2713286560118],[-71.06786058809305,42.271109656327404],[-71.06843158855777,42.27068965591184],[-71.06898658840626,42.27054465614887],[-71.07061958885515,42.270510655549444],[-71.07137358931182,42.27067265625619],[-71.07175858974382,42.27068765563861],[-71.07223659038657,42.27059365612529],[-71.07294558968815,42.270252655818744],[-71.07371658994087,42.27017565584203],[-71.07447059013722,42.27018865617901],[-71.07567259106057,42.27000965538348],[-71.07596559092391,42.2700666556335],[-71.07688959154385,42.26986065588907],[-71.07759959192029,42.26963665515719],[-71.07869359206639,42.26940965511281],[-71.08037359222669,42.268991655426525],[-71.08125359272509,42.26863765563549],[-71.08282559332447,42.26820465483819],[-71.08373359339093,42.268331655400594],[-71.08441059437116,42.2686796548422],[-71.08573459416739,42.26887665481082],[-71.08622659452418,42.26899365512864],[-71.08710459432092,42.26910765548404],[-71.08845859568873,42.26936265481877],[-71.08919759557548,42.26942065508174],[-71.089582595082,42.26928365548956],[-71.08983059617158,42.2689416554782],[-71.08990959586473,42.26848465505637],[-71.08968959550198,42.267972654697196],[-71.08986759494745,42.26725165455887],[-71.0902245960133,42.266461654228934],[-71.09068659614498,42.26631365472977],[-71.0913795959816,42.26646365410723],[-71.09259459676011,42.26661665475253],[-71.09297959645698,42.26673165481433],[-71.09347159645301,42.267006654897536],[-71.09391359634353,42.26703265484106],[-71.09424159651074,42.266951654096545],[-71.09468959732402,42.26652865446414],[-71.0951695972538,42.265772654358884],[-71.09563359672323,42.2652736540171],[-71.09631259753016,42.2646666543783],[-71.09671659752136,42.263835654107005],[-71.09708759711458,42.263252653848554],[-71.0975665978853,42.26284265390922],[-71.09867659777184,42.26248965346638],[-71.0990615987894,42.26222565368035],[-71.10015859819156,42.26118765363527],[-71.10059059863063,42.26095965357021],[-71.10217959947703,42.26001565293013],[-71.10264259956507,42.259786653268115],[-71.10327359937344,42.25963965247576],[-71.10404359956632,42.25969765305906],[-71.1047665999692,42.260193652542846],[-71.10519560003452,42.26060465270255],[-71.10587360086363,42.260767653278556],[-71.10747560067709,42.26052665299655],[-71.10836760131502,42.260861652587664],[-71.10875160169296,42.26109265321839],[-71.10915160165263,42.26120665276777],[-71.1095366012862,42.261208653112895],[-71.11010760223486,42.26107265290035],[-71.11038460163802,42.26079765279699],[-71.11110960246128,42.260648652839116],[-71.11146360253183,42.260488653144556],[-71.11240660213801,42.25946265294449],[-71.11263254065526,42.25956931754269],[-71.11332660228265,42.25899865229743],[-71.10954460097331,42.25542065228429],[-71.10934760061335,42.247998650226805],[-71.12138960444612,42.241750648999314],[-71.12637760586699,42.2391706482536],[-71.12614160590242,42.23892664776291],[-71.12576960528361,42.238209648095705],[-71.1256816054788,42.237909648097876],[-71.1253816056308,42.237687647877905],[-71.12485360483205,42.2374846475072],[-71.12454660510686,42.23715764787329],[-71.12445760492365,42.23686964741356],[-71.1240846050747,42.236396647848366],[-71.12275560498585,42.23543264801847],[-71.12251760427792,42.23520764779169],[-71.12248460432673,42.23485564759763],[-71.12260460421854,42.234445647473535],[-71.12313260430348,42.234239647433746],[-71.12381160508312,42.23432964703473],[-71.12423460499777,42.23429364726056],[-71.12446260460672,42.23416964737421],[-71.12471960524023,42.23375364697854],[-71.12450360432267,42.23310164697139],[-71.12458360537266,42.23278764719038],[-71.12497360516628,42.23247764700469],[-71.12523060463549,42.232065647244966],[-71.12547760527953,42.231890647149235],[-71.1260506059395,42.23176464707906],[-71.12638960484846,42.231379646566076],[-71.12660960554685,42.23127264663428],[-71.12742060547623,42.23118464702069],[-71.12825260601645,42.23019264650345],[-71.12886460632441,42.22972964635102],[-71.1289546067107,42.22932464621377],[-71.12920260654188,42.2289756463219],[-71.12948660581569,42.22879064571164],[-71.12995660654144,42.22873964604299],[-71.13026860700279,42.22850964620717],[-71.13052560700784,42.22809864640501],[-71.13077160612251,42.2279346460667],[-71.12916060616756,42.22638364534814],[-71.12693260519204,42.224271645152484],[-71.12372160339712,42.221177644611714],[-71.117454601923,42.21518064374321],[-71.11479960016186,42.21266164351101],[-71.11361660002683,42.211474643690565],[-71.10295759635945,42.20071664187198],[-71.10082959510522,42.20148464221271],[-71.10047859537318,42.20151064142285],[-71.09993459454454,42.2012916422872],[-71.09959859497616,42.201334642278674],[-71.09933359501916,42.20123264206956],[-71.09873359412221,42.20130764175411],[-71.0984715939608,42.20154164199287],[-71.0975675941259,42.20187364157608],[-71.09725559448013,42.201846641844],[-71.09673859359435,42.20212864242476],[-71.09643159348357,42.20218164217888],[-71.0955205936988,42.20215564225742],[-71.09431659300768,42.202440641975166],[-71.09284059291565,42.20248164238284],[-71.09102159265127,42.20243164260854],[-71.08945059206381,42.20235164249904],[-71.0886915910845,42.20223164211522],[-71.08830759091045,42.202366642053974],[-71.0878665915227,42.203179642175044],[-71.08738859106472,42.20348264260239],[-71.08735259153654,42.20396264230141],[-71.08686459048295,42.2041806425473],[-71.08631859123572,42.20418364296916],[-71.08601759079129,42.20401364240589],[-71.0855335908084,42.20404964244253],[-71.08466859019802,42.20395064296544],[-71.08342058934277,42.20396464295282],[-71.08286658996174,42.204085642983756],[-71.08272758996233,42.20429864322053],[-71.0830015895844,42.204576642770434],[-71.09318959410538,42.21394464469872],[-71.08126859011287,42.21846864558728],[-71.08016358997294,42.218867645732985],[-71.07462058822539,42.220989646666254],[-71.07338858754008,42.221473646182375],[-71.0705005859888,42.22252864649158],[-71.06524358552318,42.22453364746976],[-71.06059058342028,42.22626864811509],[-71.05302158171274,42.229181648386685],[-71.0573305832545,42.23623765013353],[-71.0579705835813,42.23724865017191],[-71.05977858430765,42.2402456507508],[-71.06109058415188,42.242392651026215],[-71.0589965843079,42.243527651008684],[-71.05574058289803,42.245316651406725],[-71.05245858161233,42.247150652059275],[-71.05127158123251,42.2477886520781],[-71.03885557746376,42.25461765366803],[-71.03207857554311,42.258357654720164],[-71.03138857569351,42.25922065541947],[-71.04167257934151,42.266435656399324],[-71.04185058030983,42.26755865669394],[-71.04176057969728,42.268158656814656],[-71.04163557955623,42.26839865653478],[-71.04257858048484,42.275132657635965],[-71.04269458076998,42.27616365818866]]]},"properties":{"municipality":"Milton"}},
{"type":"Feature","geometry":{"type":"Polygon","coordinates":[[[-71.04949057935944,42.206677644178065],[-71.04988657838477,42.20666464484709],[-71.0502755794906,42.206438644556776],[-71.05069457880718,42.2064366444618],[-71.05152457930537,42.20617864475829],[-71.05203757969406,42.20613064438094],[-71.0521525794523,42.20593064462791],[-71.05270258029908,42.20573264408885],[-71.05305657981559,42.205700644421114],[-71.05405558005425,42.20589564434478],[-71.05523258016572,42.205990644036085],[-71.05548358072585,42.20588964407224],[-71.05598158122284,42.205959643812164],[-71.05607558062057,42.20585364396299],[-71.0566905809894,42.20587564445719],[-71.05688958164754,42.20598864421824],[-71.05746658162039,42.20594064437657],[-71.05812658142447,42.20620264380619],[-71.05926658231137,42.205979643642074],[-71.05955658248105,42.205976643790336],[-71.05995758242469,42.20622764360818],[-71.06038858254591,42.20632264361039],[-71.06234058239475,42.20594764351697],[-71.06334858320962,42.20583764372467],[-71.06436358359102,42.205651644220445],[-71.06501358427025,42.20547564414183],[-71.06574058437387,42.20536064391393],[-71.0664735840581,42.20518264400618],[-71.06698058418986,42.20513564358715],[-71.06807358508102,42.20492664328775],[-71.06823458488435,42.20494064335322],[-71.06924558509529,42.20467164389978],[-71.06941058495836,42.20457264313765],[-71.07054258555743,42.20443764311151],[-71.07170558574582,42.20442064337638],[-71.0738865872482,42.20419164286933],[-71.07447158686497,42.20423264313081],[-71.07479558736931,42.20435564301778],[-71.07510558706291,42.20472264370912],[-71.07553058681398,42.20473064342792],[-71.0769975878489,42.20452864310003],[-71.07780858781861,42.20479864303988],[-71.07842358768502,42.204670643111086],[-71.07880258886051,42.204713643368805],[-71.0791865884393,42.2046226430714],[-71.07979058910611,42.204779643140206],[-71.08012358887807,42.20472964331388],[-71.08046358857985,42.204938643473774],[-71.08128258869147,42.204874642956966],[-71.0816125893784,42.2046686434117],[-71.08224458956421,42.204757643458606],[-71.08247558892499,42.204382643381635],[-71.08272758996233,42.20429864322053],[-71.08286658996174,42.204085642983756],[-71.08342058934277,42.20396464295282],[-71.08466859019802,42.20395064296544],[-71.0855335908084,42.20404964244253],[-71.08601759079129,42.20401364240589],[-71.08631859123572,42.20418364296916],[-71.08686459048295,42.2041806425473],[-71.08735259153654,42.20396264230141],[-71.08738859106472,42.20348264260239],[-71.0878665915227,42.203179642175044],[-71.08830759091045,42.202366642053974],[-71.0886915910845,42.20223164211522],[-71.08945059206381,42.20235164249904],[-71.09102159265127,42.20243164260854],[-71.09284059291565,42.20248164238284],[-71.09431659300768,42.202440641975166],[-71.0955205936988,42.20215564225742],[-71.09643159348357,42.20218164217888],[-71.09673859359435,42.20212864242476],[-71.09725559448013,42.201846641844],[-71.0975675941259,42.20187364157608],[-71.0984715939608,42.20154164199287],[-71.09873359412221,42.20130764175411],[-71.09933359501916,42.20123264206956],[-71.09959859497616,42.201334642278674],[-71.09993459454454,42.2012916422872],[-71.10047859537318,42.20151064142285],[-71.10082959510522,42.20148464221271],[-71.10295759635945,42.20071664187198],[-71.10273159535552,42.20048164203529],[-71.09336759226318,42.19103764028316],[-71.07981458699889,42.17736863762955],[-71.07259758384636,42.170117636589076],[-71.07131258367271,42.1687936364912],[-71.06662558211033,42.16406563582424],[-71.06119257987378,42.15856463507968],[-71.05668457827807,42.15401663426972],[-71.05651157860528,42.15382363380238],[-71.04012057165893,42.1372026312515],[-71.03509356974702,42.13564263091799],[-71.03223056891898,42.143488632615664],[-71.02787556935202,42.155439635584635],[-71.02756556828899,42.156329635907994],[-71.02681156832435,42.15801563577186],[-71.02199456763307,42.16901363852705],[-71.02198456779976,42.169425638214896],[-71.02160656785563,42.17030863818735],[-71.02169556734466,42.17042663884811],[-71.0224285674366,42.17055463869784],[-71.02204956776843,42.17144463853658],[-71.02176456724797,42.172438638578186],[-71.02154056795858,42.17300163917638],[-71.02129856818372,42.17341863942088],[-71.02134556750852,42.173691638702756],[-71.02161456809901,42.17410763926942],[-71.02118056818986,42.17449463958974],[-71.0209285673111,42.1748536396888],[-71.02083956725302,42.17521363917331],[-71.02109856809389,42.176138639206634],[-71.02062256790714,42.17651464003673],[-71.0206905677905,42.17690564008715],[-71.02059956766175,42.17762363967649],[-71.0199715675796,42.17786963996556],[-71.01983956695565,42.17799563968539],[-71.01993956702742,42.17855163973837],[-71.01964256730574,42.178566639698985],[-71.01954956725291,42.178802640248115],[-71.01967656719972,42.17918364044393],[-71.01992056726013,42.17956364029315],[-71.02017756768531,42.17968763990153],[-71.0198985670131,42.18030264075398],[-71.01998356710526,42.1807076401632],[-71.02016456744835,42.180979640143555],[-71.01969156783346,42.181267640133946],[-71.01964656728806,42.18148864061732],[-71.01993256762071,42.181811641083485],[-71.01951156780066,42.18312364081059],[-71.01922956768944,42.183519641408076],[-71.01945956762052,42.1837976413358],[-71.01899756788221,42.184124641532],[-71.01935256712451,42.18420164094177],[-71.0193125671989,42.1844436415008],[-71.01946856811219,42.1846596409907],[-71.0192845670976,42.18495164167255],[-71.01934556741827,42.185198640959506],[-71.01909656759402,42.18541364151182],[-71.01947056717663,42.18579264100451],[-71.01913056819441,42.18685964160479],[-71.02526256958599,42.18959864189684],[-71.02575357058662,42.189800642003846],[-71.02964057117507,42.19151864250141],[-71.03570957371998,42.19259864212967],[-71.04727157707443,42.19460064236301],[-71.04949057935944,42.206677644178065]]]},"properties":{"municipality":"Randolph"}}
]}